# Blender 4.5.3 LTS
# www.blender.org
o Suzanne
v 0.438477 1.162109 0.762207
v -0.438477 1.162109 0.762207
v 0.493652 1.101074 0.686523
v -0.493652 1.101074 0.686523
v 0.533203 1.067057 0.589193
v -0.533203 1.067057 0.589193
v 0.351562 0.994141 0.625000
v -0.351562 0.994141 0.625000
v 0.351562 1.041992 0.715820
v -0.351562 1.041992 0.715820
v 0.352051 1.129395 0.778809
v -0.352051 1.129395 0.778809
v 0.271484 1.162109 0.793945
v -0.271484 1.162109 0.793945
v 0.209961 1.101074 0.738281
v -0.209961 1.101074 0.738281
v 0.169922 1.067057 0.654297
v -0.169922 1.067057 0.654297
v 0.096354 1.242839 0.662109
v -0.096354 1.242839 0.662109
v 0.150879 1.242188 0.740234
v -0.150879 1.242188 0.740234
v 0.238770 1.242676 0.794922
v -0.238770 1.242676 0.794922
v 0.271484 1.329102 0.793945
v -0.271484 1.329102 0.793945
v 0.209961 1.384277 0.738281
v -0.209961 1.384277 0.738281
v 0.169922 1.423828 0.654297
v -0.169922 1.423828 0.654297
v 0.351562 1.497396 0.625000
v -0.351562 1.497396 0.625000
v 0.351562 1.443359 0.715820
v -0.351562 1.443359 0.715820
v 0.352051 1.362305 0.778809
v -0.352051 1.362305 0.778809
v 0.438477 1.329102 0.762207
v -0.438477 1.329102 0.762207
v 0.493652 1.384277 0.686523
v -0.493652 1.384277 0.686523
v 0.533203 1.423828 0.589193
v -0.533203 1.423828 0.589193
v 0.606771 1.242839 0.574219
v -0.606771 1.242839 0.574219
v 0.552734 1.242188 0.672363
v -0.552734 1.242188 0.672363
v 0.471191 1.242676 0.754395
v -0.471191 1.242676 0.754395
v 0.464355 1.242676 0.776855
v -0.464355 1.242676 0.776855
v 0.435059 1.326172 0.784180
v -0.435059 1.326172 0.784180
v 0.352051 1.360840 0.804199
v -0.352051 1.360840 0.804199
v 0.274414 1.326172 0.818359
v -0.274414 1.326172 0.818359
v 0.240234 1.242676 0.819336
v -0.240234 1.242676 0.819336
v 0.274414 1.165039 0.818359
v -0.274414 1.165039 0.818359
v 0.352051 1.242920 0.821289
v -0.352051 1.242920 0.821289
v 0.352051 1.130859 0.804199
v -0.352051 1.130859 0.804199
v 0.435059 1.165039 0.784180
v -0.435059 1.165039 0.784180
v 0.000000 1.431152 0.739258
v 0.000000 1.351562 0.812174
v 0.000000 0.328613 0.735352
v 0.000000 0.687012 0.780273
v 0.000000 0.818848 0.793945
v 0.000000 0.230469 0.716797
v 0.000000 1.424805 0.609375
v 0.000000 1.564128 0.551432
v 0.000000 1.878906 -0.516113
v 0.000000 1.537109 -0.812500
v 0.000000 1.082520 -0.799316
v 0.000000 0.632812 -0.327148
v 0.214844 0.817871 0.571777
v -0.214844 0.817871 0.571777
v 0.300293 0.559082 0.567871
v -0.300293 0.559082 0.567871
v 0.337402 0.320312 0.563965
v -0.337402 0.320312 0.563965
v 0.352539 0.133789 0.532227
v -0.352539 0.133789 0.532227
v 0.315430 0.060547 0.524902
v -0.315430 0.060547 0.524902
v 0.175781 0.035645 0.551758
v -0.175781 0.035645 0.551758
v 0.000000 0.020508 0.571777
v 0.432617 0.871582 0.538574
v -0.432617 0.871582 0.538574
v 0.629883 0.974609 0.530273
v -0.629883 0.974609 0.530273
v 0.808105 1.158691 0.465820
v -0.808105 1.158691 0.465820
v 0.836914 1.410645 0.582031
v -0.836914 1.410645 0.582031
v 0.703125 1.481934 0.625000
v -0.703125 1.481934 0.625000
v 0.491211 1.597656 0.685059
v -0.491211 1.597656 0.685059
v 0.321289 1.733887 0.730469
v -0.321289 1.733887 0.730469
v 0.166016 1.697266 0.752930
v -0.166016 1.697266 0.752930
v 0.069824 1.496582 0.747070
v -0.069824 1.496582 0.747070
v 0.166016 1.409180 0.776855
v -0.166016 1.409180 0.776855
v 0.123535 1.308105 0.770020
v -0.123535 1.308105 0.770020
v 0.208008 1.080566 0.747070
v -0.208008 1.080566 0.747070
v 0.373047 1.022461 0.704102
v -0.373047 1.022461 0.704102
v 0.500000 1.069336 0.672363
v -0.500000 1.069336 0.672363
v 0.621094 1.187988 0.648926
v -0.621094 1.187988 0.648926
v 0.640137 1.299316 0.652344
v -0.640137 1.299316 0.652344
v 0.596191 1.375000 0.672363
v -0.596191 1.375000 0.672363
v 0.434082 1.440430 0.725098
v -0.434082 1.440430 0.725098
v 0.248047 1.472168 0.764648
v -0.248047 1.472168 0.764648
v 0.000000 0.245117 0.733398
v 0.111719 0.268359 0.729297
v -0.111719 0.268359 0.729297
v 0.119141 0.164551 0.706543
v -0.119141 0.164551 0.706543
v 0.067383 0.117676 0.691406
v -0.067383 0.117676 0.691406
v 0.000000 0.107910 0.685547
v 0.000000 0.812500 0.754883
v 0.000000 0.865560 0.745117
v 0.098633 0.851074 0.749512
v -0.098633 0.851074 0.749512
v 0.124023 0.773438 0.749512
v -0.124023 0.773438 0.749512
v 0.088281 0.703906 0.743359
v -0.088281 0.703906 0.743359
v 0.395996 0.954102 0.670898
v -0.395996 0.954102 0.670898
v 0.603516 1.052246 0.624023
v -0.603516 1.052246 0.624023
v 0.720703 1.200195 0.599609
v -0.720703 1.200195 0.599609
v 0.738770 1.365234 0.652832
v -0.738770 1.365234 0.652832
v 0.671387 1.421875 0.716309
v -0.671387 1.421875 0.716309
v 0.448242 1.541016 0.783203
v -0.448242 1.541016 0.783203
v 0.314941 1.630371 0.822266
v -0.314941 1.630371 0.822266
v 0.203613 1.604004 0.838379
v -0.203613 1.604004 0.838379
v 0.103027 1.439453 0.832520
v -0.103027 1.439453 0.832520
v 0.138346 0.903646 0.782552
v -0.138346 0.903646 0.782552
v 0.209473 0.547363 0.703125
v -0.209473 0.547363 0.703125
v 0.246582 0.307129 0.683105
v -0.246582 0.307129 0.683105
v 0.259277 0.183105 0.659668
v -0.259277 0.183105 0.659668
v 0.230469 0.093750 0.632812
v -0.230469 0.093750 0.632812
v 0.152832 0.070801 0.632324
v -0.152832 0.070801 0.632324
v 0.000000 0.057617 0.638672
v 0.000000 1.041341 0.737956
v 0.000000 1.209473 0.765625
v 0.329102 1.480957 0.748535
v -0.329102 1.480957 0.748535
v 0.155762 1.137207 0.750000
v -0.155762 1.137207 0.750000
v 0.128418 1.212891 0.759766
v -0.128418 1.212891 0.759766
v 0.115234 0.325195 0.732422
v -0.115234 0.325195 0.732422
v 0.084473 0.549316 0.746094
v -0.084473 0.549316 0.746094
v 0.000000 0.547363 0.748535
v 0.000000 0.669922 0.745117
v 0.088867 0.727051 0.781250
v -0.088867 0.727051 0.781250
v 0.126953 0.776367 0.793945
v -0.126953 0.776367 0.793945
v 0.104980 0.859375 0.781738
v -0.104980 0.859375 0.781738
v 0.039062 0.868164 0.781738
v -0.039062 0.868164 0.781738
v 0.000000 0.796549 0.824544
v 0.046224 0.848307 0.811198
v -0.046224 0.848307 0.811198
v 0.092448 0.840495 0.811198
v -0.092448 0.840495 0.811198
v 0.101074 0.777832 0.823730
v -0.101074 0.777832 0.823730
v 0.075521 0.746745 0.804688
v -0.075521 0.746745 0.804688
v 0.000000 0.719238 0.804688
v 0.252441 0.685547 0.557617
v -0.252441 0.685547 0.557617
v 0.164551 0.762695 0.709961
v -0.164551 0.762695 0.709961
v 0.179688 0.685059 0.703125
v -0.179688 0.685059 0.703125
v 0.228027 0.751953 0.559570
v -0.228027 0.751953 0.559570
v 0.000000 0.125977 0.684082
v 0.047852 0.135254 0.686035
v -0.047852 0.135254 0.686035
v 0.092285 0.181152 0.706055
v -0.092285 0.181152 0.706055
v 0.088867 0.251953 0.721680
v -0.088867 0.251953 0.721680
v 0.000000 0.218262 0.659668
v 0.084961 0.238281 0.664062
v -0.084961 0.238281 0.664062
v 0.089844 0.188802 0.647786
v -0.089844 0.188802 0.647786
v 0.049805 0.155762 0.638672
v -0.049805 0.155762 0.638672
v 0.000000 0.145508 0.637695
v 0.172363 1.219727 0.777344
v -0.172363 1.219727 0.777344
v 0.188477 1.157227 0.771484
v -0.188477 1.157227 0.771484
v 0.336914 1.428711 0.758301
v -0.336914 1.428711 0.758301
v 0.272461 1.420898 0.771484
v -0.272461 1.420898 0.771484
v 0.425293 1.399414 0.762695
v -0.425293 1.399414 0.762695
v 0.555664 1.351074 0.696777
v -0.555664 1.351074 0.696777
v 0.585449 1.287109 0.684082
v -0.585449 1.287109 0.684082
v 0.573242 1.195801 0.680176
v -0.573242 1.195801 0.680176
v 0.476562 1.103516 0.713867
v -0.476562 1.103516 0.713867
v 0.372070 1.066406 0.739746
v -0.372070 1.066406 0.739746
v 0.232910 1.109375 0.774414
v -0.232910 1.109375 0.774414
v 0.178711 1.297363 0.778809
v -0.178711 1.297363 0.778809
v 0.211426 1.374512 0.778809
v -0.211426 1.374512 0.778809
v 0.233073 1.358724 0.760417
v -0.233073 1.358724 0.760417
v 0.197266 1.296224 0.759115
v -0.197266 1.296224 0.759115
v 0.248698 1.124349 0.756510
v -0.248698 1.124349 0.756510
v 0.371094 1.089844 0.728516
v -0.371094 1.089844 0.728516
v 0.462240 1.121094 0.703776
v -0.462240 1.121094 0.703776
v 0.542969 1.207682 0.675130
v -0.542969 1.207682 0.675130
v 0.554688 1.280599 0.673828
v -0.554688 1.280599 0.673828
v 0.526042 1.337240 0.686198
v -0.526042 1.337240 0.686198
v 0.417969 1.388021 0.746094
v -0.417969 1.388021 0.746094
v 0.281250 1.397786 0.764323
v -0.281250 1.397786 0.764323
v 0.337891 1.406250 0.751953
v -0.337891 1.406250 0.751953
v 0.204427 1.171224 0.752604
v -0.204427 1.171224 0.752604
v 0.194010 1.227214 0.753255
v -0.194010 1.227214 0.753255
v 0.119141 1.480078 0.611719
v -0.119141 1.480078 0.611719
v 0.196615 1.653646 0.626302
v -0.196615 1.653646 0.626302
v 0.335286 1.680339 0.604167
v -0.335286 1.680339 0.604167
v 0.467188 1.552344 0.556641
v -0.467188 1.552344 0.556641
v 0.673828 1.458496 0.489258
v -0.673828 1.458496 0.489258
v 0.787598 1.395508 0.458008
v -0.787598 1.395508 0.458008
v 0.772461 1.172363 0.367188
v -0.772461 1.172363 0.367188
v 0.612305 0.999023 0.401367
v -0.612305 0.999023 0.401367
v 0.421094 0.894141 0.454688
v -0.421094 0.894141 0.454688
v 0.000000 1.877441 0.276855
v 0.000000 1.966797 -0.083496
v 0.000000 0.815430 -0.645020
v 0.000000 0.551270 0.156738
v 0.000000 0.037598 0.458008
v 0.000000 0.205078 0.352539
v 0.000000 0.424316 0.324219
v 0.000000 0.520508 0.274902
v 0.832031 1.228516 0.086914
v -0.832031 1.228516 0.086914
v 0.844141 1.306641 -0.050391
v -0.844141 1.306641 -0.050391
v 0.766797 1.277734 -0.426172
v -0.766797 1.277734 -0.426172
v 0.433594 1.441406 -0.682617
v -0.433594 1.441406 -0.682617
v 0.709766 0.961719 0.071875
v -0.709766 0.961719 0.071875
v 0.610156 0.885547 -0.166406
v -0.610156 0.885547 -0.166406
v 0.645508 0.996582 -0.414551
v -0.645508 0.996582 -0.414551
v 0.332520 1.064941 -0.661621
v -0.332520 1.064941 -0.661621
v 0.235840 0.634277 0.407715
v -0.235840 0.634277 0.407715
v 0.170410 0.579102 0.269043
v -0.170410 0.579102 0.269043
v 0.284668 0.275391 0.392578
v -0.284668 0.275391 0.392578
v 0.250000 0.481445 0.400391
v -0.250000 0.481445 0.400391
v 0.311198 0.097656 0.410807
v -0.311198 0.097656 0.410807
v 0.141602 0.244141 0.370605
v -0.141602 0.244141 0.370605
v 0.129395 0.455566 0.353027
v -0.129395 0.455566 0.353027
v 0.163574 0.064941 0.439453
v -0.163574 0.064941 0.439453
v 0.230078 0.716406 0.409375
v -0.230078 0.716406 0.409375
v 0.226562 0.780273 0.473633
v -0.226562 0.780273 0.473633
v 0.223307 0.828776 0.500000
v -0.223307 0.828776 0.500000
v 0.213281 0.625000 0.160938
v -0.213281 0.625000 0.160938
v 0.284180 0.695801 -0.257812
v -0.284180 0.695801 -0.257812
v 0.327637 0.861816 -0.538574
v -0.327637 0.861816 -0.538574
v 0.437012 1.834473 -0.397461
v -0.437012 1.834473 -0.397461
v 0.436523 1.913086 -0.079102
v -0.436523 1.913086 -0.079102
v 0.437012 1.829590 0.219727
v -0.437012 1.829590 0.219727
v 0.443848 1.544434 0.424805
v -0.443848 1.544434 0.424805
v 0.737305 1.408203 0.309570
v -0.737305 1.408203 0.309570
v 0.631348 1.470215 0.292969
v -0.631348 1.470215 0.292969
v 0.638184 1.690918 0.068848
v -0.638184 1.690918 0.068848
v 0.786621 1.549805 0.107910
v -0.786621 1.549805 0.107910
v 0.788574 1.599121 -0.127441
v -0.788574 1.599121 -0.127441
v 0.638672 1.745605 -0.182617
v -0.638672 1.745605 -0.182617
v 0.637207 1.665039 -0.429199
v -0.637207 1.665039 -0.429199
v 0.781901 1.534505 -0.352865
v -0.781901 1.534505 -0.352865
v 0.610352 1.333984 -0.572754
v -0.610352 1.333984 -0.572754
v 0.481641 1.019141 -0.531641
v -0.481641 1.019141 -0.531641
v 0.823438 1.341016 -0.204688
v -0.823438 1.341016 -0.204688
v 0.406250 0.820703 0.157422
v -0.406250 0.820703 0.157422
v 0.433594 0.816895 -0.209961
v -0.433594 0.816895 -0.209961
v 0.894531 1.401367 -0.245605
v -0.894531 1.401367 -0.245605
v 0.783203 0.868164 -0.153320
v -0.783203 0.868164 -0.153320
v 1.037109 0.910645 -0.330566
v -1.037109 0.910645 -0.330566
v 1.268066 1.062988 -0.427734
v -1.268066 1.062988 -0.427734
v 1.335449 1.312012 -0.426270
v -1.335449 1.312012 -0.426270
v 1.226562 1.487305 -0.420898
v -1.226562 1.487305 -0.420898
v 1.027832 1.467773 -0.323730
v -1.027832 1.467773 -0.323730
v 1.021484 1.411621 -0.296875
v -1.021484 1.411621 -0.296875
v 1.183594 1.426270 -0.390137
v -1.183594 1.426270 -0.390137
v 1.260742 1.284668 -0.408691
v -1.260742 1.284668 -0.408691
v 1.206055 1.083496 -0.403809
v -1.206055 1.083496 -0.403809
v 1.030762 0.964844 -0.305664
v -1.030762 0.964844 -0.305664
v 0.833984 0.933105 -0.150391
v -0.833984 0.933105 -0.150391
v 0.922363 1.357910 -0.228027
v -0.922363 1.357910 -0.228027
v 0.945801 1.305664 -0.291016
v -0.945801 1.305664 -0.291016
v 0.884766 0.976074 -0.223145
v -0.884766 0.976074 -0.223145
v 1.038574 1.001953 -0.361816
v -1.038574 1.001953 -0.361816
v 1.184082 1.096191 -0.440430
v -1.184082 1.096191 -0.440430
v 1.230957 1.249023 -0.445312
v -1.230957 1.249023 -0.445312
v 1.168457 1.355469 -0.433105
v -1.168457 1.355469 -0.433105
v 1.028320 1.345703 -0.358887
v -1.028320 1.345703 -0.358887
v 0.847168 1.287598 -0.214355
v -0.847168 1.287598 -0.214355
v 0.832520 1.173340 -0.271973
v -0.832520 1.173340 -0.271973
v 0.764648 1.094727 -0.270996
v -0.764648 1.094727 -0.270996
v 0.817708 1.080078 -0.277344
v -0.817708 1.080078 -0.277344
v 0.833008 1.019531 -0.270996
v -0.833008 1.019531 -0.270996
v 0.812988 0.985352 -0.266113
v -0.812988 0.985352 -0.266113
v 0.734375 1.018066 -0.073730
v -0.734375 1.018066 -0.073730
v 0.723047 0.973828 -0.170312
v -0.723047 0.973828 -0.170312
v 0.731250 1.043750 -0.190625
v -0.731250 1.043750 -0.190625
v 0.801270 1.203613 -0.203125
v -0.801270 1.203613 -0.203125
v 0.887695 1.244141 -0.267578
v -0.887695 1.244141 -0.267578
v 0.895996 1.230469 -0.320312
v -0.895996 1.230469 -0.320312
v 0.821615 0.986979 -0.311849
v -0.821615 0.986979 -0.311849
v 0.852539 1.020508 -0.318359
v -0.852539 1.020508 -0.318359
v 0.829102 1.077637 -0.317871
v -0.829102 1.077637 -0.317871
v 0.776693 1.098958 -0.316406
v -0.776693 1.098958 -0.316406
v 0.844238 1.166992 -0.317871
v -0.844238 1.166992 -0.317871
v 1.044922 1.324219 -0.409180
v -1.044922 1.324219 -0.409180
v 1.175293 1.333008 -0.471680
v -1.175293 1.333008 -0.471680
v 1.239746 1.237305 -0.481934
v -1.239746 1.237305 -0.481934
v 1.192383 1.097168 -0.472168
v -1.192383 1.097168 -0.472168
v 1.043457 1.012207 -0.409180
v -1.043457 1.012207 -0.409180
v 0.892090 0.989746 -0.279785
v -0.892090 0.989746 -0.279785
v 0.958008 1.285645 -0.345215
v -0.958008 1.285645 -0.345215
v 0.891113 1.112305 -0.329102
v -0.891113 1.112305 -0.329102
v 0.929688 1.061523 -0.332031
v -0.929688 1.061523 -0.332031
v 1.000000 1.120117 -0.368652
v -1.000000 1.120117 -0.368652
v 0.958008 1.172852 -0.350586
v -0.958008 1.172852 -0.350586
v 1.015137 1.233398 -0.373047
v -1.015137 1.233398 -0.373047
v 1.062012 1.181641 -0.388184
v -1.062012 1.181641 -0.388184
v 1.115234 1.216797 -0.398438
v -1.115234 1.216797 -0.398438
v 1.086426 1.274902 -0.396973
v -1.086426 1.274902 -0.396973
v 1.028320 1.405762 -0.471680
v -1.028320 1.405762 -0.471680
v 1.246094 1.432617 -0.531250
v -1.246094 1.432617 -0.531250
v 1.351562 1.292969 -0.500000
v -1.351562 1.292969 -0.500000
v 1.292969 1.086914 -0.521484
v -1.292969 1.086914 -0.521484
v 1.039551 0.952148 -0.473633
v -1.039551 0.952148 -0.473633
v 0.798828 0.915527 -0.335449
v -0.798828 0.915527 -0.335449
v 0.861816 1.348633 -0.379883
v -0.861816 1.348633 -0.379883
v 0.509766 1.242432 0.716309
v 0.458496 1.200684 0.757568
v 0.464355 1.133057 0.727295
v 0.529785 1.168945 0.677979
v -0.529785 1.168945 0.677979
v -0.464355 1.133057 0.727295
v -0.458496 1.200684 0.757568
v -0.509766 1.242432 0.716309
v 0.584961 1.242432 0.619141
v 0.517090 1.080322 0.634033
v 0.581380 1.150065 0.579427
v -0.581380 1.150065 0.579427
v -0.517090 1.080322 0.634033
v -0.584961 1.242432 0.619141
v 0.425293 1.064941 0.700928
v 0.351562 1.012695 0.667480
v 0.447266 1.019531 0.606445
v -0.447266 1.019531 0.606445
v -0.351562 1.012695 0.667480
v -0.425293 1.064941 0.700928
v 0.396729 1.142334 0.770264
v 0.351807 1.087891 0.749756
v -0.351807 1.087891 0.749756
v -0.396729 1.142334 0.770264
v 0.310059 1.142334 0.786865
v 0.242432 1.133057 0.768311
v 0.278076 1.064941 0.728027
v -0.278076 1.064941 0.728027
v -0.242432 1.133057 0.768311
v -0.310059 1.142334 0.786865
v 0.186035 1.080322 0.693848
v 0.255859 1.019531 0.640951
v -0.255859 1.019531 0.640951
v -0.186035 1.080322 0.693848
v 0.173828 1.168945 0.739990
v 0.118164 1.242432 0.698730
v 0.121745 1.150065 0.659831
v -0.121745 1.150065 0.659831
v -0.118164 1.242432 0.698730
v -0.173828 1.168945 0.739990
v 0.251709 1.200684 0.794922
v 0.197266 1.242432 0.769531
v -0.197266 1.242432 0.769531
v -0.251709 1.200684 0.794922
v 0.251709 1.287354 0.794922
v 0.242432 1.354980 0.768311
v 0.173828 1.315918 0.739990
v -0.173828 1.315918 0.739990
v -0.242432 1.354980 0.768311
v -0.251709 1.287354 0.794922
v 0.186035 1.407715 0.693848
v 0.121745 1.337891 0.659831
v -0.121745 1.337891 0.659831
v -0.186035 1.407715 0.693848
v 0.278076 1.420410 0.728027
v 0.351562 1.475586 0.667480
v 0.255859 1.472005 0.640951
v -0.255859 1.472005 0.640951
v -0.351562 1.475586 0.667480
v -0.278076 1.420410 0.728027
v 0.310059 1.349365 0.786865
v 0.351807 1.400391 0.749756
v -0.351807 1.400391 0.749756
v -0.310059 1.349365 0.786865
v 0.396729 1.349365 0.770264
v 0.464355 1.354980 0.727295
v 0.425293 1.420410 0.700928
v -0.425293 1.420410 0.700928
v -0.464355 1.354980 0.727295
v -0.396729 1.349365 0.770264
v 0.517090 1.407715 0.634033
v 0.447266 1.472005 0.606445
v -0.447266 1.472005 0.606445
v -0.517090 1.407715 0.634033
v 0.529785 1.315918 0.677979
v 0.581380 1.337891 0.579427
v -0.581380 1.337891 0.579427
v -0.529785 1.315918 0.677979
v 0.458496 1.287354 0.757568
v -0.458496 1.287354 0.757568
v 0.468750 1.242676 0.766602
v 0.437744 1.328613 0.774170
v 0.449609 1.284180 0.781641
v -0.449609 1.284180 0.781641
v -0.437744 1.328613 0.774170
v -0.468750 1.242676 0.766602
v 0.352051 1.362793 0.792725
v 0.393555 1.343555 0.795508
v -0.393555 1.343555 0.795508
v -0.352051 1.362793 0.792725
v 0.272461 1.328613 0.807617
v 0.313086 1.343555 0.812891
v -0.313086 1.343555 0.812891
v -0.272461 1.328613 0.807617
v 0.238770 1.242676 0.808594
v 0.257227 1.284180 0.819922
v -0.257227 1.284180 0.819922
v -0.238770 1.242676 0.808594
v 0.272461 1.163086 0.807617
v 0.257227 1.203711 0.819922
v -0.257227 1.203711 0.819922
v -0.272461 1.163086 0.807617
v 0.352051 1.129395 0.792725
v 0.313086 1.147852 0.812891
v -0.313086 1.147852 0.812891
v -0.352051 1.129395 0.792725
v 0.437744 1.163086 0.774170
v 0.393555 1.147852 0.795508
v -0.393555 1.147852 0.795508
v -0.437744 1.163086 0.774170
v 0.449609 1.203711 0.781641
v -0.449609 1.203711 0.781641
v 0.419271 1.242839 0.797526
v 0.401042 1.195964 0.802083
v -0.419271 1.242839 0.797526
v -0.401042 1.195964 0.802083
v 0.352214 1.175781 0.813802
v -0.352214 1.175781 0.813802
v 0.305339 1.195964 0.822266
v -0.305339 1.195964 0.822266
v 0.285156 1.242839 0.823568
v -0.285156 1.242839 0.823568
v 0.305339 1.292318 0.822266
v -0.305339 1.292318 0.822266
v 0.352214 1.313151 0.813802
v -0.352214 1.313151 0.813802
v 0.401042 1.292318 0.802083
v -0.401042 1.292318 0.802083
v 0.088867 0.026855 0.563477
v 0.167969 0.051025 0.593750
v 0.079346 0.063232 0.635742
v 0.000000 0.037109 0.607422
v -0.079346 0.063232 0.635742
v -0.167969 0.051025 0.593750
v -0.088867 0.026855 0.563477
v 0.250000 0.046875 0.537354
v 0.276611 0.073730 0.580322
v 0.195801 0.079834 0.631348
v -0.195801 0.079834 0.631348
v -0.276611 0.073730 0.580322
v -0.250000 0.046875 0.537354
v 0.339111 0.091797 0.526367
v 0.313232 0.149658 0.598389
v 0.247559 0.135254 0.645508
v -0.247559 0.135254 0.645508
v -0.313232 0.149658 0.598389
v -0.339111 0.091797 0.526367
v 0.347412 0.220703 0.548340
v 0.299316 0.307129 0.627686
v 0.255127 0.239990 0.671631
v -0.255127 0.239990 0.671631
v -0.299316 0.307129 0.627686
v -0.347412 0.220703 0.548340
v 0.320068 0.441895 0.567627
v 0.261475 0.550537 0.639404
v 0.228516 0.426758 0.693848
v -0.228516 0.426758 0.693848
v -0.261475 0.550537 0.639404
v -0.320068 0.441895 0.567627
v 0.182129 0.852295 0.678711
v 0.316650 0.843506 0.555176
v 0.415039 0.909424 0.605713
v 0.267090 0.928223 0.728760
v -0.267090 0.928223 0.728760
v -0.415039 0.909424 0.605713
v -0.316650 0.843506 0.555176
v -0.182129 0.852295 0.678711
v 0.532471 0.918701 0.536377
v 0.621582 1.011963 0.579590
v 0.504883 1.000244 0.643799
v -0.504883 1.000244 0.643799
v -0.621582 1.011963 0.579590
v -0.532471 0.918701 0.536377
v 0.724121 1.061035 0.493652
v 0.769287 1.179443 0.533447
v 0.668457 1.124023 0.608643
v -0.668457 1.124023 0.608643
v -0.769287 1.179443 0.533447
v -0.724121 1.061035 0.493652
v 0.833252 1.288818 0.520020
v 0.792969 1.391113 0.621826
v 0.734863 1.286133 0.623291
v -0.734863 1.286133 0.623291
v -0.792969 1.391113 0.621826
v -0.833252 1.288818 0.520020
v 0.777832 1.451416 0.606201
v 0.690918 1.454102 0.676758
v 0.713379 1.394775 0.684082
v -0.713379 1.394775 0.684082
v -0.690918 1.454102 0.676758
v -0.777832 1.451416 0.606201
v 0.597900 1.536621 0.654541
v 0.470215 1.574219 0.740723
v 0.562012 1.479736 0.750732
v -0.562012 1.479736 0.750732
v -0.470215 1.574219 0.740723
v -0.597900 1.536621 0.654541
v 0.404541 1.670654 0.708984
v 0.317139 1.689453 0.783691
v 0.377197 1.590576 0.804443
v -0.377197 1.590576 0.804443
v -0.317139 1.689453 0.783691
v -0.404541 1.670654 0.708984
v 0.241211 1.727539 0.743408
v 0.182129 1.656982 0.802979
v 0.258545 1.625977 0.831787
v -0.258545 1.625977 0.831787
v -0.182129 1.656982 0.802979
v -0.241211 1.727539 0.743408
v 0.114746 1.597656 0.750977
v 0.083008 1.469482 0.796387
v 0.153076 1.523438 0.836670
v -0.153076 1.523438 0.836670
v -0.083008 1.469482 0.796387
v -0.114746 1.597656 0.750977
v 0.033936 1.454834 0.742676
v 0.000000 1.399414 0.783203
v 0.055420 1.393066 0.822754
v -0.055420 1.393066 0.822754
v -0.033936 1.454834 0.742676
v 0.134277 1.423584 0.807373
v 0.205811 1.443848 0.771484
v 0.226562 1.536377 0.803955
v -0.226562 1.536377 0.803955
v -0.205811 1.443848 0.771484
v -0.134277 1.423584 0.807373
v 0.288086 1.479492 0.756836
v 0.321533 1.553467 0.788086
v -0.321533 1.553467 0.788086
v -0.288086 1.479492 0.756836
v 0.378662 1.462891 0.738037
v 0.439697 1.490234 0.755859
v -0.439697 1.490234 0.755859
v -0.378662 1.462891 0.738037
v 0.517090 1.408936 0.698486
v 0.634277 1.396973 0.696533
v -0.634277 1.396973 0.696533
v -0.517090 1.408936 0.698486
v 0.624023 1.338623 0.660645
v 0.687500 1.330811 0.653320
v -0.687500 1.330811 0.653320
v -0.624023 1.338623 0.660645
v 0.635986 1.245117 0.649414
v 0.669189 1.195557 0.628174
v -0.669189 1.195557 0.628174
v -0.635986 1.245117 0.649414
v 0.563721 1.126709 0.659668
v 0.551758 1.062500 0.649414
v -0.551758 1.062500 0.649414
v -0.563721 1.126709 0.659668
v 0.437744 1.039551 0.687744
v 0.383301 0.989746 0.690674
v -0.383301 0.989746 0.690674
v -0.437744 1.039551 0.687744
v 0.288086 1.048584 0.726318
v 0.172852 1.001465 0.769287
v -0.172852 1.001465 0.769287
v -0.288086 1.048584 0.726318
v 0.177490 1.109131 0.749512
v 0.086182 1.094971 0.742188
v 0.069336 0.974365 0.766357
v -0.069336 0.974365 0.766357
v -0.086182 1.094971 0.742188
v -0.177490 1.109131 0.749512
v 0.141846 1.359863 0.774170
v 0.067139 1.326660 0.791992
v -0.067139 1.326660 0.791992
v -0.141846 1.359863 0.774170
v 0.123779 1.259277 0.764893
v 0.000000 1.278320 0.789062
v 0.067139 1.210938 0.762207
v -0.067139 1.210938 0.762207
v -0.123779 1.259277 0.764893
v 0.000000 1.134766 0.747070
v 0.141113 1.173584 0.754883
v -0.141113 1.173584 0.754883
v 0.110107 0.094971 0.664551
v 0.033936 0.111084 0.687744
v 0.000000 0.083496 0.664062
v -0.033936 0.111084 0.687744
v -0.110107 0.094971 0.664551
v 0.172607 0.129639 0.673096
v 0.095459 0.137695 0.698486
v -0.095459 0.137695 0.698486
v -0.172607 0.129639 0.673096
v 0.186523 0.228516 0.698242
v 0.120605 0.216797 0.717773
v -0.120605 0.216797 0.717773
v -0.186523 0.228516 0.698242
v 0.146240 0.548096 0.729004
v 0.099854 0.433350 0.739502
v 0.181396 0.315674 0.711426
v -0.181396 0.315674 0.711426
v -0.099854 0.433350 0.739502
v -0.146240 0.548096 0.729004
v 0.115234 0.291992 0.730713
v -0.115234 0.291992 0.730713
v 0.083984 0.630859 0.743896
v 0.042969 0.683594 0.745117
v 0.000000 0.615723 0.746094
v 0.040527 0.548340 0.748535
v -0.040527 0.548340 0.748535
v -0.042969 0.683594 0.745117
v -0.083984 0.630859 0.743896
v 0.057129 0.327637 0.735352
v 0.000000 0.437012 0.742188
v -0.057129 0.327637 0.735352
v 0.000000 0.279785 0.734375
v 0.054443 0.260498 0.733643
v -0.054443 0.260498 0.733643
v 0.110107 0.741455 0.746582
v 0.125000 0.775391 0.771973
v 0.111572 0.750244 0.788086
v 0.086670 0.719482 0.762451
v -0.086670 0.719482 0.762451
v -0.111572 0.750244 0.788086
v -0.125000 0.775391 0.771973
v -0.110107 0.741455 0.746582
v 0.115723 0.813965 0.749756
v 0.101562 0.854492 0.762451
v 0.119385 0.819092 0.788330
v -0.119385 0.819092 0.788330
v -0.101562 0.854492 0.762451
v -0.115723 0.813965 0.749756
v 0.052979 0.863770 0.746338
v 0.023682 0.863037 0.762451
v 0.072510 0.868652 0.780762
v -0.072510 0.868652 0.780762
v -0.023682 0.863037 0.762451
v -0.052979 0.863770 0.746338
v 0.000000 0.833496 0.751465
v 0.000000 0.815918 0.771973
v 0.018555 0.841797 0.788330
v -0.018555 0.841797 0.788330
v 0.000000 0.681152 0.761719
v 0.046143 0.704102 0.780273
v -0.046143 0.704102 0.780273
v 0.000000 0.700684 0.792969
v 0.082764 0.737793 0.794189
v 0.040527 0.732178 0.804688
v -0.040527 0.732178 0.804688
v -0.082764 0.737793 0.794189
v 0.000000 0.812012 0.810547
v 0.028076 0.824463 0.818359
v 0.043945 0.859131 0.797852
v -0.043945 0.859131 0.797852
v -0.028076 0.824463 0.818359
v 0.069580 0.845215 0.811523
v 0.099121 0.850830 0.797852
v -0.099121 0.850830 0.797852
v -0.069580 0.845215 0.811523
v 0.097900 0.810303 0.818359
v 0.117676 0.776367 0.810303
v -0.117676 0.776367 0.810303
v -0.097900 0.810303 0.818359
v 0.089111 0.760498 0.814697
v -0.089111 0.760498 0.814697
v 0.054688 0.785645 0.825684
v -0.054688 0.785645 0.825684
v 0.000000 0.754883 0.816406
v 0.000000 0.943359 0.739746
v 0.108154 0.873047 0.771729
v -0.108154 0.873047 0.771729
v 0.141846 0.768311 0.733154
v 0.147217 0.824219 0.748047
v -0.147217 0.824219 0.748047
v -0.141846 0.768311 0.733154
v 0.134277 0.694336 0.727051
v 0.172363 0.723633 0.703369
v -0.172363 0.723633 0.703369
v -0.134277 0.694336 0.727051
v 0.193848 0.622070 0.703857
v -0.193848 0.622070 0.703857
v 0.275879 0.628418 0.562744
v 0.220215 0.683594 0.633301
v -0.220215 0.683594 0.633301
v -0.275879 0.628418 0.562744
v 0.239502 0.720703 0.557861
v 0.198242 0.756104 0.636230
v -0.198242 0.756104 0.636230
v -0.239502 0.720703 0.557861
v 0.213379 0.785400 0.566650
v -0.213379 0.785400 0.566650
v 0.095459 0.260986 0.729004
v 0.000000 0.235352 0.727051
v 0.047363 0.242676 0.719482
v -0.047363 0.242676 0.719482
v -0.095459 0.260986 0.729004
v 0.102051 0.175049 0.710938
v 0.094971 0.218994 0.714844
v -0.094971 0.218994 0.714844
v -0.102051 0.175049 0.710938
v 0.054443 0.127441 0.692383
v 0.071533 0.156006 0.695557
v -0.071533 0.156006 0.695557
v -0.054443 0.127441 0.692383
v 0.000000 0.118164 0.687988
v 0.023926 0.128906 0.684326
v -0.023926 0.128906 0.684326
v 0.000000 0.133789 0.660156
v 0.046875 0.142822 0.661133
v 0.024902 0.149170 0.637939
v -0.024902 0.149170 0.637939
v -0.046875 0.142822 0.661133
v 0.090820 0.185303 0.676025
v 0.072656 0.175586 0.642578
v -0.072656 0.175586 0.642578
v -0.090820 0.185303 0.676025
v 0.087891 0.247559 0.693604
v 0.089062 0.211719 0.653711
v -0.089062 0.211719 0.653711
v -0.087891 0.247559 0.693604
v 0.000000 0.226562 0.688477
v 0.045410 0.229248 0.662354
v -0.045410 0.229248 0.662354
v 0.000000 0.182129 0.645020
v 0.069141 0.197070 0.647461
v -0.069141 0.197070 0.647461
v 0.153809 1.216064 0.769287
v 0.176758 1.149658 0.762207
v 0.178955 1.187500 0.774170
v -0.178955 1.187500 0.774170
v -0.176758 1.149658 0.762207
v -0.153809 1.216064 0.769287
v 0.154541 1.301270 0.773438
v 0.174072 1.258057 0.778320
v -0.174072 1.258057 0.778320
v -0.154541 1.301270 0.773438
v 0.189941 1.391846 0.776367
v 0.193359 1.336914 0.779053
v -0.193359 1.336914 0.779053
v -0.189941 1.391846 0.776367
v 0.222412 1.100586 0.759277
v 0.206543 1.132812 0.773926
v -0.206543 1.132812 0.773926
v -0.222412 1.100586 0.759277
v 0.371826 1.045654 0.723389
v 0.300537 1.085205 0.758057
v -0.300537 1.085205 0.758057
v -0.371826 1.045654 0.723389
v 0.484863 1.086182 0.695068
v 0.425781 1.080566 0.726807
v -0.425781 1.080566 0.726807
v -0.484863 1.086182 0.695068
v 0.594971 1.190918 0.666260
v 0.527832 1.147949 0.696045
v -0.527832 1.147949 0.696045
v -0.594971 1.190918 0.666260
v 0.610596 1.291016 0.668457
v 0.583252 1.242432 0.680664
v -0.583252 1.242432 0.680664
v -0.610596 1.291016 0.668457
v 0.574219 1.362305 0.683105
v 0.575195 1.320557 0.688232
v -0.575195 1.320557 0.688232
v -0.574219 1.362305 0.683105
v 0.429688 1.416748 0.742188
v 0.492432 1.376221 0.730469
v -0.492432 1.376221 0.730469
v -0.429688 1.416748 0.742188
v 0.333496 1.450439 0.750732
v 0.378662 1.415771 0.762451
v -0.378662 1.415771 0.762451
v -0.333496 1.450439 0.750732
v 0.261475 1.442627 0.765381
v 0.303955 1.427246 0.764160
v -0.303955 1.427246 0.764160
v -0.261475 1.442627 0.765381
v 0.240967 1.399902 0.775635
v -0.240967 1.399902 0.775635
v 0.277588 1.407959 0.768555
v 0.223877 1.365479 0.769531
v 0.256510 1.380534 0.763021
v -0.256510 1.380534 0.763021
v -0.223877 1.365479 0.769531
v -0.277588 1.407959 0.768555
v 0.337402 1.416016 0.755371
v 0.308268 1.404297 0.758464
v -0.308268 1.404297 0.758464
v -0.337402 1.416016 0.755371
v 0.420898 1.392822 0.756592
v 0.375326 1.399740 0.751302
v -0.375326 1.399740 0.751302
v -0.420898 1.392822 0.756592
v 0.540283 1.343262 0.691650
v 0.474284 1.364258 0.716471
v -0.474284 1.364258 0.716471
v -0.540283 1.343262 0.691650
v 0.568359 1.283691 0.679932
v 0.545573 1.309570 0.677083
v -0.545573 1.309570 0.677083
v -0.568359 1.283691 0.679932
v 0.557129 1.202393 0.678223
v 0.553385 1.245768 0.672852
v -0.553385 1.245768 0.672852
v -0.557129 1.202393 0.678223
v 0.468750 1.113037 0.710205
v 0.505859 1.162760 0.688477
v -0.505859 1.162760 0.688477
v -0.468750 1.113037 0.710205
v 0.372070 1.079102 0.735107
v 0.418620 1.099935 0.716146
v -0.418620 1.099935 0.716146
v -0.372070 1.079102 0.735107
v 0.240723 1.117432 0.766846
v 0.307943 1.103841 0.743815
v -0.307943 1.103841 0.743815
v -0.240723 1.117432 0.766846
v 0.197021 1.164795 0.762451
v 0.221354 1.147135 0.755859
v -0.221354 1.147135 0.755859
v -0.197021 1.164795 0.762451
v 0.189453 1.296631 0.769287
v 0.213216 1.328776 0.759766
v -0.213216 1.328776 0.759766
v -0.189453 1.296631 0.769287
v 0.184570 1.223633 0.765625
v 0.193685 1.261393 0.756185
v -0.193685 1.261393 0.756185
v -0.184570 1.223633 0.765625
v 0.197591 1.198242 0.752279
v -0.197591 1.198242 0.752279
v 0.000000 1.425293 0.672852
v 0.086182 1.486328 0.679688
v 0.048047 1.448633 0.608984
v -0.048047 1.448633 0.608984
v -0.086182 1.486328 0.679688
v 0.179688 1.679932 0.685547
v 0.165771 1.568848 0.619629
v -0.165771 1.568848 0.619629
v -0.179688 1.679932 0.685547
v 0.328613 1.711670 0.662842
v 0.265869 1.669189 0.612793
v -0.265869 1.669189 0.612793
v -0.328613 1.711670 0.662842
v 0.491211 1.580322 0.619873
v 0.393799 1.621094 0.585205
v -0.393799 1.621094 0.585205
v -0.491211 1.580322 0.619873
v 0.690674 1.472412 0.560547
v 0.581055 1.505371 0.521240
v -0.581055 1.505371 0.521240
v -0.690674 1.472412 0.560547
v 0.818115 1.404785 0.521973
v 0.737549 1.431396 0.474365
v -0.737549 1.431396 0.474365
v -0.818115 1.404785 0.521973
v 0.791016 1.161621 0.421631
v 0.789062 1.287598 0.410400
v -0.789062 1.287598 0.410400
v -0.791016 1.161621 0.421631
v 0.617432 0.985352 0.473877
v 0.696777 1.081055 0.379883
v -0.696777 1.081055 0.379883
v -0.617432 0.985352 0.473877
v 0.434082 0.885010 0.500488
v 0.523682 0.946533 0.426514
v -0.523682 0.946533 0.426514
v -0.434082 0.885010 0.500488
v 0.064697 0.437744 0.336426
v 0.000000 0.479004 0.301758
v 0.089111 0.545654 0.268066
v 0.148438 0.523438 0.313721
v -0.148438 0.523438 0.313721
v -0.089111 0.545654 0.268066
v -0.064697 0.437744 0.336426
v 0.070557 0.221680 0.360352
v 0.000000 0.317383 0.335938
v 0.133057 0.351807 0.362793
v -0.133057 0.351807 0.362793
v -0.070557 0.221680 0.360352
v 0.081787 0.049316 0.450684
v 0.000000 0.114258 0.402344
v 0.152588 0.148438 0.401611
v -0.152588 0.148438 0.401611
v -0.081787 0.049316 0.450684
v 0.170898 0.043213 0.495361
v 0.000000 0.022461 0.516602
v -0.170898 0.043213 0.495361
v 0.318359 0.076660 0.462891
v 0.244629 0.080811 0.422852
v -0.244629 0.080811 0.422852
v -0.318359 0.076660 0.462891
v 0.326416 0.203857 0.458740
v 0.301270 0.178467 0.399902
v -0.301270 0.178467 0.399902
v -0.326416 0.203857 0.458740
v 0.300781 0.402344 0.479492
v 0.266602 0.380127 0.395508
v -0.266602 0.380127 0.395508
v -0.300781 0.402344 0.479492
v 0.215088 0.266846 0.377686
v 0.190430 0.475586 0.372314
v -0.190430 0.475586 0.372314
v -0.215088 0.266846 0.377686
v 0.206299 0.611572 0.332520
v 0.242188 0.562256 0.403564
v -0.242188 0.562256 0.403564
v -0.206299 0.611572 0.332520
v 0.272949 0.598877 0.488037
v -0.272949 0.598877 0.488037
v 0.239502 0.700684 0.493164
v 0.229736 0.751953 0.447021
v 0.222412 0.761719 0.511719
v -0.222412 0.761719 0.511719
v -0.229736 0.751953 0.447021
v -0.239502 0.700684 0.493164
v 0.228271 0.674561 0.414062
v -0.228271 0.674561 0.414062
v 0.218994 0.820557 0.528076
v 0.230664 0.810352 0.486523
v -0.230664 0.810352 0.486523
v -0.218994 0.820557 0.528076
v 0.309375 0.856250 0.485938
v -0.309375 0.856250 0.485938
v 0.000000 0.939453 -0.731445
v 0.172119 1.075195 -0.739258
v 0.337305 0.959375 -0.603516
v 0.170166 0.831787 -0.595703
v -0.170166 0.831787 -0.595703
v -0.337305 0.959375 -0.603516
v -0.172119 1.075195 -0.739258
v 0.000000 0.718262 -0.498047
v 0.308838 0.774902 -0.407715
v 0.147217 0.658447 -0.296875
v -0.147217 0.658447 -0.296875
v -0.308838 0.774902 -0.407715
v 0.000000 0.586914 -0.078125
v 0.248291 0.654541 -0.051514
v 0.107178 0.577637 0.151367
v -0.107178 0.577637 0.151367
v -0.248291 0.654541 -0.051514
v 0.000000 0.536133 0.231445
v 0.185059 0.598633 0.225342
v -0.185059 0.598633 0.225342
v 0.233594 0.678125 0.283789
v -0.233594 0.678125 0.283789
v 0.800293 1.198242 0.228027
v 0.661621 0.983643 0.244629
v 0.786377 1.097168 0.075684
v -0.786377 1.097168 0.075684
v -0.661621 0.983643 0.244629
v -0.800293 1.198242 0.228027
v 0.000000 1.307617 -0.820312
v 0.226318 1.496582 -0.755859
v 0.383057 1.246094 -0.686035
v -0.383057 1.246094 -0.686035
v -0.226318 1.496582 -0.755859
v 0.000000 1.935059 0.102539
v 0.226807 1.859619 0.255615
v 0.436523 1.883545 0.073975
v 0.226562 1.947266 -0.077637
v -0.226562 1.947266 -0.077637
v -0.436523 1.883545 0.073975
v -0.226807 1.859619 0.255615
v 0.000000 1.936035 -0.301758
v 0.436523 1.889648 -0.237793
v 0.226807 1.863525 -0.459961
v -0.226807 1.863525 -0.459961
v -0.436523 1.889648 -0.237793
v 0.000000 1.720703 -0.679688
v 0.439209 1.647949 -0.551025
v -0.439209 1.647949 -0.551025
v 0.651367 1.455566 0.394043
v 0.758301 1.396240 0.386230
v 0.685791 1.442383 0.305420
v -0.685791 1.442383 0.305420
v -0.758301 1.396240 0.386230
v -0.651367 1.455566 0.394043
v 0.633301 1.579102 0.182129
v 0.759766 1.477295 0.212402
v 0.716309 1.623291 0.088135
v -0.716309 1.623291 0.088135
v -0.759766 1.477295 0.212402
v -0.633301 1.579102 0.182129
v 0.638672 1.728271 -0.056152
v 0.789795 1.581787 -0.008789
v 0.718750 1.675781 -0.156250
v -0.718750 1.675781 -0.156250
v -0.789795 1.581787 -0.008789
v -0.638672 1.728271 -0.056152
v 0.638672 1.717773 -0.309326
v 0.787109 1.569092 -0.248535
v 0.717285 1.594482 -0.393799
v -0.717285 1.594482 -0.393799
v -0.787109 1.569092 -0.248535
v -0.638672 1.717773 -0.309326
v 0.776855 1.413086 -0.390869
v 0.688477 1.298340 -0.503418
v 0.627930 1.506836 -0.510010
v -0.627930 1.506836 -0.510010
v -0.688477 1.298340 -0.503418
v -0.776855 1.413086 -0.390869
v 0.531494 1.385742 -0.627686
v 0.546387 1.753174 -0.410889
v -0.546387 1.753174 -0.410889
v -0.531494 1.385742 -0.627686
v 0.546875 1.831787 -0.133057
v -0.546875 1.831787 -0.133057
v 0.546875 1.763184 0.140381
v -0.546875 1.763184 0.140381
v 0.439697 1.683594 0.327881
v 0.549072 1.507324 0.352783
v -0.549072 1.507324 0.352783
v -0.439697 1.683594 0.327881
v 0.458008 1.532227 0.491699
v -0.458008 1.532227 0.491699
v 0.000000 1.728516 0.417480
v 0.234375 1.564941 0.490234
v -0.234375 1.564941 0.490234
v 0.290771 1.520752 0.578369
v -0.290771 1.520752 0.578369
v 0.070117 1.505859 0.586133
v -0.070117 1.505859 0.586133
v 0.000000 1.483724 0.589844
v 0.791260 1.325684 0.199463
v -0.791260 1.325684 0.199463
v 0.841797 1.271484 0.017822
v 0.824463 1.435791 0.036377
v -0.824463 1.435791 0.036377
v -0.841797 1.271484 0.017822
v 0.835938 1.335938 -0.122314
v 0.808350 1.466309 -0.162598
v -0.808350 1.466309 -0.162598
v -0.835938 1.335938 -0.122314
v 0.801758 1.320557 -0.314453
v -0.801758 1.320557 -0.314453
v 0.302344 0.720117 0.163867
v 0.363037 0.756348 -0.232666
v 0.423096 0.812012 -0.033447
v -0.423096 0.812012 -0.033447
v -0.363037 0.756348 -0.232666
v -0.302344 0.720117 0.163867
v 0.652344 0.912598 -0.050537
v 0.563477 0.891357 0.111572
v 0.518555 0.853516 -0.187744
v -0.518555 0.853516 -0.187744
v -0.563477 0.891357 0.111572
v -0.652344 0.912598 -0.050537
v 0.424316 0.866455 0.313232
v -0.424316 0.866455 0.313232
v 0.311523 0.835352 0.462891
v 0.302930 0.760352 0.285547
v -0.302930 0.760352 0.285547
v -0.311523 0.835352 0.462891
v 0.704590 1.131836 -0.437012
v 0.567627 1.015381 -0.470947
v 0.551025 1.177246 -0.565430
v -0.551025 1.177246 -0.565430
v -0.567627 1.015381 -0.470947
v -0.704590 1.131836 -0.437012
v 0.409961 1.037500 -0.600781
v -0.409961 1.037500 -0.600781
v 0.617432 0.928223 -0.297607
v 0.458496 0.906250 -0.375244
v -0.458496 0.906250 -0.375244
v -0.617432 0.928223 -0.297607
v 0.403711 0.939648 -0.539844
v -0.403711 0.939648 -0.539844
v 1.024414 1.443115 -0.302734
v 0.956787 1.436035 -0.282227
v 0.908691 1.382080 -0.229980
v 0.968994 1.386230 -0.259521
v -0.968994 1.386230 -0.259521
v -0.908691 1.382080 -0.229980
v -0.956787 1.436035 -0.282227
v -1.024414 1.443115 -0.302734
v 1.127686 1.485596 -0.374756
v 1.103027 1.425293 -0.345215
v 1.205078 1.460449 -0.400146
v -1.205078 1.460449 -0.400146
v -1.103027 1.425293 -0.345215
v -1.127686 1.485596 -0.374756
v 1.289795 1.408936 -0.426758
v 1.229248 1.362793 -0.402588
v 1.298584 1.300293 -0.413818
v -1.298584 1.300293 -0.413818
v -1.229248 1.362793 -0.402588
v -1.289795 1.408936 -0.426758
v 1.312988 1.186523 -0.430176
v 1.241455 1.183105 -0.409912
v 1.236816 1.072754 -0.411377
v -1.236816 1.072754 -0.411377
v -1.241455 1.183105 -0.409912
v -1.312988 1.186523 -0.430176
v 1.158691 0.979736 -0.385742
v 1.123047 1.018555 -0.360107
v 1.033691 0.936035 -0.311035
v -1.033691 0.936035 -0.311035
v -1.123047 1.018555 -0.360107
v -1.158691 0.979736 -0.385742
v 0.908203 0.884033 -0.237549
v 0.930176 0.943848 -0.223633
v 0.806396 0.898682 -0.143066
v -0.806396 0.898682 -0.143066
v -0.930176 0.943848 -0.223633
v -0.908203 0.884033 -0.237549
v 1.034180 0.985352 -0.331299
v 0.959229 0.985840 -0.288086
v 0.861084 0.956543 -0.185303
v -0.861084 0.956543 -0.185303
v -0.959229 0.985840 -0.288086
v -1.034180 0.985352 -0.331299
v 1.192139 1.090820 -0.420166
v 1.114746 1.044922 -0.406006
v -1.114746 1.044922 -0.406006
v -1.192139 1.090820 -0.420166
v 1.242432 1.266113 -0.425049
v 1.214111 1.172119 -0.445557
v -1.214111 1.172119 -0.445557
v -1.242432 1.266113 -0.425049
v 1.174072 1.389160 -0.409180
v 1.205811 1.307617 -0.441650
v -1.205811 1.307617 -0.441650
v -1.174072 1.389160 -0.409180
v 1.024170 1.377197 -0.325439
v 1.098877 1.355225 -0.397949
v -1.098877 1.355225 -0.397949
v -1.024170 1.377197 -0.325439
v 0.934814 1.330811 -0.257324
v 0.984131 1.327148 -0.323242
v -0.984131 1.327148 -0.323242
v -0.934814 1.330811 -0.257324
v 0.733643 0.992188 -0.010254
v 0.669922 0.927002 -0.155029
v 0.719336 0.989648 -0.124023
v -0.719336 0.989648 -0.124023
v -0.669922 0.927002 -0.155029
v -0.733643 0.992188 -0.010254
v 0.691162 0.876709 -0.159668
v 0.772461 0.949463 -0.157471
v -0.772461 0.949463 -0.157471
v -0.691162 0.876709 -0.159668
v 0.790771 1.153564 -0.059814
v -0.790771 1.153564 -0.059814
v 0.854736 1.361816 -0.230469
v 0.836426 1.310303 -0.203369
v 0.883301 1.323730 -0.218994
v -0.883301 1.323730 -0.218994
v -0.836426 1.310303 -0.203369
v -0.854736 1.361816 -0.230469
v 0.843018 0.979004 -0.239746
v 0.772217 0.981689 -0.219971
v -0.772217 0.981689 -0.219971
v -0.843018 0.979004 -0.239746
v 0.821533 1.000488 -0.270508
v 0.780762 1.028320 -0.232666
v 0.725000 1.006641 -0.173438
v -0.725000 1.006641 -0.173438
v -0.780762 1.028320 -0.232666
v -0.821533 1.000488 -0.270508
v 0.789062 1.085693 -0.273682
v 0.749023 1.072998 -0.233887
v 0.826660 1.051514 -0.273682
v -0.826660 1.051514 -0.273682
v -0.749023 1.072998 -0.233887
v -0.789062 1.085693 -0.273682
v 0.794922 1.132080 -0.271729
v 0.814697 1.184814 -0.241211
v 0.762451 1.124268 -0.195068
v -0.762451 1.124268 -0.195068
v -0.814697 1.184814 -0.241211
v -0.794922 1.132080 -0.271729
v 0.868164 1.264893 -0.239502
v 0.824219 1.248535 -0.209229
v 0.860840 1.209229 -0.269043
v -0.860840 1.209229 -0.269043
v -0.824219 1.248535 -0.209229
v -0.868164 1.264893 -0.239502
v 0.916016 1.275879 -0.276855
v -0.916016 1.275879 -0.276855
v 0.821777 1.249512 -0.133789
v -0.821777 1.249512 -0.133789
v 0.727539 1.027344 -0.133203
v -0.727539 1.027344 -0.133203
v 0.950684 1.295654 -0.319336
v 0.891113 1.237793 -0.294678
v 0.925781 1.258789 -0.330566
v -0.925781 1.258789 -0.330566
v -0.891113 1.237793 -0.294678
v -0.950684 1.295654 -0.319336
v 0.838135 1.171143 -0.296631
v 0.870605 1.199463 -0.318359
v -0.870605 1.199463 -0.318359
v -0.838135 1.171143 -0.296631
v 0.770508 1.097900 -0.296875
v 0.807617 1.130371 -0.317627
v -0.807617 1.130371 -0.317627
v -0.770508 1.097900 -0.296875
v 0.821777 1.078613 -0.296875
v 0.800781 1.089600 -0.317627
v -0.800781 1.089600 -0.317627
v -0.821777 1.078613 -0.296875
v 0.843994 1.017822 -0.296875
v 0.843994 1.049561 -0.318115
v -0.843994 1.049561 -0.318115
v -0.843994 1.017822 -0.296875
v 0.819092 0.986084 -0.293213
v 0.836670 1.001465 -0.316162
v -0.836670 1.001465 -0.316162
v -0.819092 0.986084 -0.293213
v 0.888428 0.981934 -0.251709
v 0.850586 0.987549 -0.291992
v -0.850586 0.987549 -0.291992
v -0.888428 0.981934 -0.251709
v 1.035400 1.334473 -0.386963
v 0.998779 1.306152 -0.375732
v -0.998779 1.306152 -0.375732
v -1.035400 1.334473 -0.386963
v 1.174561 1.343994 -0.456787
v 1.109766 1.330469 -0.440820
v -1.109766 1.330469 -0.440820
v -1.174561 1.343994 -0.456787
v 1.239014 1.242920 -0.468018
v 1.213623 1.290527 -0.479248
v -1.213623 1.290527 -0.479248
v -1.239014 1.242920 -0.468018
v 1.192383 1.093994 -0.460693
v 1.223389 1.166748 -0.479248
v -1.223389 1.166748 -0.479248
v -1.192383 1.093994 -0.460693
v 1.042725 1.004395 -0.389160
v 1.121582 1.050293 -0.445312
v -1.121582 1.050293 -0.445312
v -1.042725 1.004395 -0.389160
v 0.964844 0.998291 -0.340820
v -0.964844 0.998291 -0.340820
v 0.858154 1.092773 -0.324219
v 0.889404 1.039062 -0.325684
v 0.913574 1.087402 -0.333008
v -0.913574 1.087402 -0.333008
v -0.889404 1.039062 -0.325684
v -0.858154 1.092773 -0.324219
v 0.924805 1.141602 -0.339355
v 0.965820 1.090332 -0.350342
v 0.979736 1.148438 -0.358887
v -0.979736 1.148438 -0.358887
v -0.965820 1.090332 -0.350342
v -0.924805 1.141602 -0.339355
v 0.986572 1.203857 -0.362061
v 1.031250 1.152100 -0.379150
v 1.035645 1.208984 -0.378418
v -1.035645 1.208984 -0.378418
v -1.031250 1.152100 -0.379150
v -0.986572 1.203857 -0.362061
v 1.049316 1.253906 -0.382812
v 1.089600 1.200439 -0.392822
v 1.101562 1.243408 -0.395996
v -1.101562 1.243408 -0.395996
v -1.089600 1.200439 -0.392822
v -1.049316 1.253906 -0.382812
v 1.071094 1.303125 -0.408398
v 0.985596 1.260498 -0.360596
v -0.985596 1.260498 -0.360596
v -1.071094 1.303125 -0.408398
v 0.925781 1.202881 -0.336670
v -0.925781 1.202881 -0.336670
v 0.866455 1.141113 -0.324707
v -0.866455 1.141113 -0.324707
v 0.912354 1.024414 -0.307861
v -0.912354 1.024414 -0.307861
v 1.023193 1.064697 -0.391113
v -1.023193 1.064697 -0.391113
v 1.129150 1.137695 -0.431641
v -1.129150 1.137695 -0.431641
v 1.177490 1.226074 -0.440674
v -1.177490 1.226074 -0.440674
v 1.129297 1.306445 -0.435352
v -1.129297 1.306445 -0.435352
v 1.039062 0.913086 -0.403076
v 0.787109 0.873779 -0.242432
v 0.915283 0.925781 -0.400146
v -0.915283 0.925781 -0.400146
v -0.787109 0.873779 -0.242432
v -1.039062 0.913086 -0.403076
v 1.284668 1.061279 -0.474854
v 1.172363 1.013184 -0.503662
v -1.172363 1.013184 -0.503662
v -1.284668 1.061279 -0.474854
v 1.348145 1.303955 -0.463623
v 1.329688 1.205664 -0.514258
v -1.329688 1.205664 -0.514258
v -1.348145 1.303955 -0.463623
v 1.235840 1.475098 -0.477539
v 1.308203 1.351562 -0.519141
v -1.308203 1.351562 -0.519141
v -1.235840 1.475098 -0.477539
v 1.027832 1.455078 -0.398193
v 1.138672 1.426270 -0.506104
v -1.138672 1.426270 -0.506104
v -1.027832 1.455078 -0.398193
v 0.879395 1.392334 -0.314941
v 0.940674 1.379883 -0.422119
v -0.940674 1.379883 -0.422119
v -0.879395 1.392334 -0.314941
v 1.033936 1.178223 -0.483154
v 0.829834 1.131836 -0.368652
v -0.829834 1.131836 -0.368652
v -1.033936 1.178223 -0.483154
v 1.277344 1.260937 -0.532617
v -1.277344 1.260937 -0.532617
v 0.812500 1.302490 -0.396240
v -0.812500 1.302490 -0.396240
v 0.719238 0.953857 -0.366211
v -0.719238 0.953857 -0.366211
v -0.699219 0.900391 -0.261719
v 0.699219 0.900391 -0.261719
v -0.765625 1.128906 -0.394531
v 0.765625 1.128906 -0.394531
v -0.835938 1.345703 -0.314453
v 0.835938 1.345703 -0.314453
v -1.156250 1.218750 -0.513672
v 1.156250 1.218750 -0.513672
v -0.927734 1.152344 -0.421875
v 0.927734 1.152344 -0.421875
v -0.949219 1.425781 -0.353516
v 0.949219 1.425781 -0.353516
v -1.132812 1.472656 -0.441406
v 1.132812 1.472656 -0.441406
v -1.300781 1.398438 -0.472656
v 1.300781 1.398438 -0.472656
v -1.328125 1.181641 -0.470703
v 1.328125 1.181641 -0.470703
v -1.167969 0.980469 -0.445312
v 1.167969 0.980469 -0.445312
v -0.910156 0.886719 -0.318359
v 0.910156 0.886719 -0.318359
v -1.160156 1.267578 -0.439453
v 1.160156 1.267578 -0.439453
v -1.158203 1.181641 -0.437500
v 1.158203 1.181641 -0.437500
v -1.078125 1.099609 -0.414062
v 1.078125 1.099609 -0.414062
v -0.966797 1.042969 -0.347656
v 0.966797 1.042969 -0.347656
v -0.871094 1.011719 -0.310547
v 0.871094 1.011719 -0.310547
v -0.832031 1.113281 -0.322266
v 0.832031 1.113281 -0.322266
v -0.896484 1.171875 -0.330078
v 0.896484 1.171875 -0.330078
v -0.955078 1.232422 -0.347656
v 0.955078 1.232422 -0.347656
v -1.023438 1.281250 -0.380859
v 1.023438 1.281250 -0.380859
v -1.066406 1.226562 -0.384766
v 1.066406 1.226562 -0.384766
v -1.007812 1.179688 -0.369141
v 1.007812 1.179688 -0.369141
v -0.947266 1.117188 -0.345703
v 0.947266 1.117188 -0.345703
v -0.876953 1.066406 -0.326172
v 0.876953 1.066406 -0.326172
v -0.962891 0.990234 -0.316406
v 0.962891 0.990234 -0.316406
v -1.121094 1.044922 -0.429688
v 1.121094 1.044922 -0.429688
v -1.222656 1.167969 -0.466797
v 1.222656 1.167969 -0.466797
v -1.212891 1.298828 -0.464844
v 1.212891 1.298828 -0.464844
v -1.105469 1.343750 -0.423828
v 1.105469 1.343750 -0.423828
v -0.990234 1.316406 -0.351562
v 0.990234 1.316406 -0.351562
v -0.847656 0.982422 -0.267578
v 0.847656 0.982422 -0.267578
v -0.830078 1.000000 -0.296875
v 0.830078 1.000000 -0.296875
v -0.835938 1.048828 -0.296875
v 0.835938 1.048828 -0.296875
v -0.792969 1.087891 -0.296875
v 0.792969 1.087891 -0.296875
v -0.800781 1.132812 -0.296875
v 0.800781 1.132812 -0.296875
v -0.865234 1.205078 -0.294922
v 0.865234 1.205078 -0.294922
v -0.919922 1.267578 -0.304688
v 0.919922 1.267578 -0.304688
v -0.775391 1.140625 -0.128906
v 0.775391 1.140625 -0.128906
v -0.830078 1.285156 -0.167969
v 0.830078 1.285156 -0.167969
v -0.900391 1.298828 -0.246094
v 0.900391 1.298828 -0.246094
v -0.841797 1.226562 -0.240234
v 0.841797 1.226562 -0.240234
v -0.777344 1.126953 -0.236328
v 0.777344 1.126953 -0.236328
v -0.785156 1.058594 -0.251953
v 0.785156 1.058594 -0.251953
v -0.773438 1.003906 -0.226562
v 0.773438 1.003906 -0.226562
v -0.810547 0.966797 -0.197266
v 0.810547 0.966797 -0.197266
v -0.869141 1.345703 -0.216797
v 0.869141 1.345703 -0.216797
v -0.792969 1.126953 0.001953
v 0.792969 1.126953 0.001953
v -0.728516 0.910156 -0.148438
v 0.728516 0.910156 -0.148438
v -0.693359 0.951172 -0.083984
v 0.693359 0.951172 -0.083984
v -0.976562 1.355469 -0.289062
v 0.976562 1.355469 -0.289062
v -1.099609 1.388672 -0.369141
v 1.099609 1.388672 -0.369141
v -1.214844 1.333984 -0.419922
v 1.214844 1.333984 -0.419922
v -1.224609 1.177734 -0.425781
v 1.224609 1.177734 -0.425781
v -1.117188 1.033203 -0.380859
v 1.117188 1.033203 -0.380859
v -0.945312 0.966797 -0.253906
v 0.945312 0.966797 -0.253906
v -0.917969 0.912109 -0.222656
v 0.917969 0.912109 -0.222656
v -1.140625 0.998047 -0.367188
v 1.140625 0.998047 -0.367188
v -1.277344 1.185547 -0.416016
v 1.277344 1.185547 -0.416016
v -1.259766 1.388672 -0.410156
v 1.259766 1.388672 -0.410156
v -1.115234 1.458984 -0.353516
v 1.115234 1.458984 -0.353516
v -0.962891 1.414062 -0.263672
v 0.962891 1.414062 -0.263672
v -0.388672 0.841797 -0.390625
v 0.388672 0.841797 -0.390625
v -0.537109 0.923828 -0.337891
v 0.537109 0.923828 -0.337891
v -0.474609 1.210938 -0.625000
v 0.474609 1.210938 -0.625000
v -0.628906 1.152344 -0.500000
v 0.628906 1.152344 -0.500000
v -0.318359 0.806641 0.378906
v 0.318359 0.806641 0.378906
v -0.544922 0.921875 0.275391
v 0.544922 0.921875 0.275391
v -0.541016 0.865234 -0.039062
v 0.541016 0.865234 -0.039062
v -0.335938 0.732422 -0.041016
v 0.335938 0.732422 -0.041016
v -0.796875 1.437500 -0.279297
v 0.796875 1.437500 -0.279297
v -0.818359 1.457031 -0.060547
v 0.818359 1.457031 -0.060547
v -0.808594 1.380859 0.117188
v 0.808594 1.380859 0.117188
v -0.787109 1.302734 0.306641
v 0.787109 1.302734 0.306641
v -0.263672 1.527344 0.541016
v 0.263672 1.527344 0.541016
v -0.281250 1.591797 0.593750
v 0.281250 1.591797 0.593750
v -0.228516 1.710938 0.380859
v 0.228516 1.710938 0.380859
v -0.564453 1.496094 0.439453
v 0.564453 1.496094 0.439453
v -0.546875 1.632812 0.250000
v 0.546875 1.632812 0.250000
v -0.546875 1.808594 0.005859
v 0.546875 1.808594 0.005859
v -0.546875 1.806641 -0.273438
v 0.546875 1.806641 -0.273438
v -0.542969 1.578125 -0.529297
v 0.542969 1.578125 -0.529297
v -0.707031 1.453125 -0.457031
v 0.707031 1.453125 -0.457031
v -0.718750 1.646484 -0.279297
v 0.718750 1.646484 -0.279297
v -0.718750 1.658203 -0.033203
v 0.718750 1.658203 -0.033203
v -0.699219 1.531250 0.199219
v 0.699219 1.531250 0.199219
v -0.708984 1.429688 0.392578
v 0.708984 1.429688 0.392578
v -0.228516 1.691406 -0.621094
v 0.228516 1.691406 -0.621094
v -0.226562 1.919922 -0.269531
v 0.226562 1.919922 -0.269531
v -0.226562 1.916016 0.093750
v 0.226562 1.916016 0.093750
v -0.199219 1.281250 -0.761719
v 0.199219 1.281250 -0.761719
v -0.740234 1.087891 0.228516
v 0.740234 1.087891 0.228516
v -0.210938 0.640625 0.314453
v 0.210938 0.640625 0.314453
v -0.097656 0.562500 0.222656
v 0.097656 0.562500 0.222656
v -0.126953 0.613281 -0.066406
v 0.126953 0.613281 -0.066406
v -0.160156 0.740234 -0.457031
v 0.160156 0.740234 -0.457031
v -0.169922 0.945312 -0.675781
v 0.169922 0.945312 -0.675781
v -0.320312 0.851562 0.515625
v 0.320312 0.851562 0.515625
v -0.212891 0.791016 0.521484
v 0.212891 0.791016 0.521484
v -0.255859 0.654297 0.490234
v 0.255859 0.654297 0.490234
v -0.230469 0.732422 0.501953
v 0.230469 0.732422 0.501953
v -0.287109 0.503906 0.484375
v 0.287109 0.503906 0.484375
v -0.197266 0.548828 0.353516
v 0.197266 0.548828 0.353516
v -0.230469 0.167969 0.396484
v 0.230469 0.167969 0.396484
v -0.201172 0.373047 0.375000
v 0.201172 0.373047 0.375000
v -0.314453 0.300781 0.468750
v 0.314453 0.300781 0.468750
v -0.328125 0.134766 0.458984
v 0.328125 0.134766 0.458984
v -0.250000 0.056641 0.478516
v 0.250000 0.056641 0.478516
v -0.085938 0.031250 0.507812
v 0.085938 0.031250 0.507812
v -0.076172 0.128906 0.402344
v 0.076172 0.128906 0.402344
v -0.066406 0.332031 0.347656
v 0.066406 0.332031 0.347656
v -0.076172 0.498047 0.304688
v 0.076172 0.498047 0.304688
v -0.527344 0.931641 0.488281
v 0.527344 0.931641 0.488281
v -0.708984 1.068359 0.443359
v 0.708984 1.068359 0.443359
v -0.814453 1.287109 0.468750
v 0.814453 1.287109 0.468750
v -0.761719 1.443359 0.542969
v 0.761719 1.443359 0.542969
v -0.591797 1.523438 0.589844
v 0.591797 1.523438 0.589844
v -0.408203 1.650391 0.642578
v 0.408203 1.650391 0.642578
v -0.251953 1.707031 0.675781
v 0.251953 1.707031 0.675781
v -0.130859 1.583984 0.683594
v 0.130859 1.583984 0.683594
v -0.042969 1.447266 0.675781
v 0.042969 1.447266 0.675781
v -0.189453 1.193359 0.763672
v 0.189453 1.193359 0.763672
v -0.185547 1.259766 0.767578
v 0.185547 1.259766 0.767578
v -0.205078 1.332031 0.769531
v 0.205078 1.332031 0.769531
v -0.214844 1.140625 0.765625
v 0.214844 1.140625 0.765625
v -0.304688 1.095703 0.751953
v 0.304688 1.095703 0.751953
v -0.421875 1.091797 0.722656
v 0.421875 1.091797 0.722656
v -0.515625 1.156250 0.693359
v 0.515625 1.156250 0.693359
v -0.566406 1.244141 0.677734
v 0.566406 1.244141 0.677734
v -0.558594 1.314453 0.683594
v 0.558594 1.314453 0.683594
v -0.482422 1.369141 0.724609
v 0.482422 1.369141 0.724609
v -0.376953 1.406250 0.757812
v 0.376953 1.406250 0.757812
v -0.306641 1.414062 0.761719
v 0.306641 1.414062 0.761719
v -0.250000 1.388672 0.769531
v 0.250000 1.388672 0.769531
v -0.224609 1.419922 0.771484
v 0.224609 1.419922 0.771484
v -0.296875 1.449219 0.757812
v 0.296875 1.449219 0.757812
v -0.378906 1.435547 0.748047
v 0.378906 1.435547 0.748047
v -0.503906 1.390625 0.712891
v 0.503906 1.390625 0.712891
v -0.597656 1.328125 0.673828
v 0.597656 1.328125 0.673828
v -0.607422 1.242188 0.666016
v 0.607422 1.242188 0.666016
v -0.542969 1.136719 0.679688
v 0.542969 1.136719 0.679688
v -0.429688 1.060547 0.708984
v 0.429688 1.060547 0.708984
v -0.294922 1.070312 0.742188
v 0.294922 1.070312 0.742188
v -0.195312 1.125000 0.761719
v 0.195312 1.125000 0.761719
v -0.169922 1.347656 0.775391
v 0.169922 1.347656 0.775391
v -0.152344 1.257812 0.771484
v 0.152344 1.257812 0.771484
v -0.164062 1.181641 0.765625
v 0.164062 1.181641 0.765625
v -0.035156 0.189453 0.646484
v 0.035156 0.189453 0.646484
v -0.046875 0.238281 0.691406
v 0.046875 0.238281 0.691406
v -0.093750 0.218750 0.685547
v 0.093750 0.218750 0.685547
v -0.070312 0.162109 0.667969
v 0.070312 0.162109 0.667969
v -0.023438 0.136719 0.660156
v 0.023438 0.136719 0.660156
v -0.027344 0.121094 0.689453
v 0.027344 0.121094 0.689453
v -0.080078 0.148438 0.701172
v 0.080078 0.148438 0.701172
v -0.103516 0.220703 0.720703
v 0.103516 0.220703 0.720703
v -0.050781 0.250000 0.728516
v 0.050781 0.250000 0.728516
v -0.181641 0.804688 0.660156
v 0.181641 0.804688 0.660156
v -0.208984 0.720703 0.632812
v 0.208984 0.720703 0.632812
v -0.240234 0.623047 0.636719
v 0.240234 0.623047 0.636719
v -0.138672 0.626953 0.728516
v 0.138672 0.626953 0.728516
v -0.138672 0.732422 0.728516
v 0.138672 0.732422 0.728516
v -0.128906 0.820312 0.753906
v 0.128906 0.820312 0.753906
v -0.056641 0.914062 0.755859
v 0.056641 0.914062 0.755859
v -0.046875 0.757812 0.816406
v 0.046875 0.757812 0.816406
v -0.062500 0.816406 0.820312
v 0.062500 0.816406 0.820312
v -0.103516 0.755859 0.802734
v 0.103516 0.755859 0.802734
v -0.111328 0.814453 0.804688
v 0.111328 0.814453 0.804688
v -0.072266 0.859375 0.796875
v 0.072266 0.859375 0.796875
v -0.021484 0.833984 0.804688
v 0.021484 0.833984 0.804688
v -0.042969 0.716797 0.792969
v 0.042969 0.716797 0.792969
v -0.044922 0.697266 0.761719
v 0.044922 0.697266 0.761719
v -0.009766 0.837891 0.767578
v 0.009766 0.837891 0.767578
v -0.062500 0.863281 0.761719
v 0.062500 0.863281 0.761719
v -0.117188 0.816406 0.767578
v 0.117188 0.816406 0.767578
v -0.109375 0.746094 0.767578
v 0.109375 0.746094 0.767578
v -0.056641 0.287109 0.734375
v 0.056641 0.287109 0.734375
v -0.048828 0.435547 0.742188
v 0.048828 0.435547 0.742188
v -0.041016 0.623047 0.746094
v 0.041016 0.623047 0.746094
v -0.185547 0.267578 0.705078
v 0.185547 0.267578 0.705078
v -0.164062 0.429688 0.720703
v 0.164062 0.429688 0.720703
v -0.181641 0.177734 0.685547
v 0.181641 0.177734 0.685547
v -0.144531 0.109375 0.667969
v 0.144531 0.109375 0.667969
v -0.056641 0.087891 0.664062
v 0.056641 0.087891 0.664062
v -0.074219 1.152344 0.750000
v 0.074219 1.152344 0.750000
v -0.064453 1.269531 0.777344
v 0.064453 1.269531 0.777344
v -0.097656 1.375000 0.800781
v 0.097656 1.375000 0.800781
v -0.123047 1.044922 0.757812
v 0.123047 1.044922 0.757812
v -0.275391 0.990234 0.732422
v 0.275391 0.990234 0.732422
v -0.470703 1.021484 0.667969
v 0.470703 1.021484 0.667969
v -0.615234 1.126953 0.636719
v 0.615234 1.126953 0.636719
v -0.683594 1.265625 0.638672
v 0.683594 1.265625 0.638672
v -0.667969 1.365234 0.673828
v 0.667969 1.365234 0.673828
v -0.539062 1.443359 0.726562
v 0.539062 1.443359 0.726562
v -0.376953 1.525391 0.773438
v 0.376953 1.525391 0.773438
v -0.273438 1.550781 0.796875
v 0.273438 1.550781 0.796875
v -0.179688 1.482422 0.806641
v 0.179688 1.482422 0.806641
v -0.041016 1.425781 0.789062
v 0.041016 1.425781 0.789062
v -0.130859 1.564453 0.800781
v 0.130859 1.564453 0.800781
v -0.248047 1.683594 0.794922
v 0.248047 1.683594 0.794922
v -0.390625 1.636719 0.763672
v 0.390625 1.636719 0.763672
v -0.582031 1.511719 0.708984
v 0.582031 1.511719 0.708984
v -0.750000 1.425781 0.650391
v 0.750000 1.425781 0.650391
v -0.789062 1.289062 0.574219
v 0.789062 1.289062 0.574219
v -0.701172 1.091797 0.552734
v 0.701172 1.091797 0.552734
v -0.521484 0.957031 0.591797
v 0.521484 0.957031 0.591797
v -0.291016 0.880859 0.644531
v 0.291016 0.880859 0.644531
v -0.281250 0.429688 0.634766
v 0.281250 0.429688 0.634766
v -0.308594 0.222656 0.613281
v 0.308594 0.222656 0.613281
v -0.298828 0.107422 0.587891
v 0.298828 0.107422 0.587891
v -0.226562 0.060547 0.585938
v 0.226562 0.060547 0.585938
v -0.085938 0.042969 0.601562
v 0.085938 0.042969 0.601562
v -0.457031 1.201172 0.769531
v 0.457031 1.201172 0.769531
v -0.396484 1.142578 0.783203
v 0.396484 1.142578 0.783203
v -0.310547 1.142578 0.800781
v 0.310547 1.142578 0.800781
v -0.251953 1.201172 0.808594
v 0.251953 1.201172 0.808594
v -0.251953 1.287109 0.808594
v 0.251953 1.287109 0.808594
v -0.310547 1.349609 0.800781
v 0.310547 1.349609 0.800781
v -0.396484 1.349609 0.783203
v 0.396484 1.349609 0.783203
v -0.457031 1.287109 0.769531
v 0.457031 1.287109 0.769531
v -0.492188 1.300781 0.720703
v 0.492188 1.300781 0.720703
v -0.558594 1.328125 0.625000
v 0.558594 1.328125 0.625000
v -0.437500 1.449219 0.650391
v 0.437500 1.449219 0.650391
v -0.410156 1.382812 0.738281
v 0.410156 1.382812 0.738281
v -0.294922 1.382812 0.759766
v 0.294922 1.382812 0.759766
v -0.265625 1.449219 0.681641
v 0.265625 1.449219 0.681641
v -0.144531 1.328125 0.697266
v 0.144531 1.328125 0.697266
v -0.214844 1.300781 0.769531
v 0.214844 1.300781 0.769531
v -0.214844 1.185547 0.769531
v 0.214844 1.185547 0.769531
v -0.144531 1.158203 0.697266
v 0.144531 1.158203 0.697266
v -0.265625 1.039062 0.681641
v 0.265625 1.039062 0.681641
v -0.294922 1.105469 0.759766
v 0.294922 1.105469 0.759766
v -0.410156 1.105469 0.738281
v 0.410156 1.105469 0.738281
v -0.437500 1.039062 0.650391
v 0.437500 1.039062 0.650391
v -0.558594 1.158203 0.625000
v 0.558594 1.158203 0.625000
v -0.492188 1.185547 0.720703
v 0.492188 1.185547 0.720703
vn 0.5524 -0.4029 0.7297
vn 0.7595 -0.2602 0.5962
vn 0.6838 -0.2134 0.6978
vn -0.6838 -0.2134 0.6978
vn -0.7048 -0.0029 0.7094
vn -0.7109 -0.0012 0.7033
vn 0.8213 -0.3070 0.4808
vn 0.6961 -0.5735 0.4319
vn 0.8305 -0.3115 0.4617
vn -0.8213 -0.3070 0.4808
vn -0.8013 -0.0017 0.5983
vn -0.8769 -0.0028 0.4806
vn 0.4071 -0.7866 0.4642
vn 0.1089 -0.9061 0.4087
vn 0.4127 -0.7981 0.4389
vn -0.4071 -0.7866 0.4642
vn -0.6145 -0.5032 0.6076
vn -0.6682 -0.5798 0.4662
vn 0.3671 -0.5429 0.7553
vn 0.1066 -0.7504 0.6523
vn 0.4011 -0.6728 0.6217
vn -0.3671 -0.5429 0.7553
vn -0.5368 -0.4012 0.7423
vn -0.5524 -0.4029 0.7297
vn -0.3324 -0.4287 0.8401
vn -0.1885 -0.7155 0.6727
vn -0.0975 -0.5769 0.8110
vn 0.0975 -0.5769 0.8110
vn -0.1307 -0.5720 0.8098
vn -0.1388 -0.5826 0.8008
vn -0.2669 -0.8289 0.4917
vn -0.3657 -0.8200 0.4403
vn -0.2730 -0.8455 0.4589
vn 0.2669 -0.8289 0.4917
vn -0.1066 -0.7504 0.6523
vn -0.0854 -0.8838 0.4599
vn -0.8224 -0.0030 0.5688
vn -0.7785 -0.3445 0.5247
vn -0.7560 -0.3308 0.5648
vn 0.7560 -0.3308 0.5648
vn 0.4590 -0.5409 0.7049
vn 0.7332 -0.4323 0.5249
vn -0.5306 -0.0012 0.8476
vn -0.6397 -0.2769 0.7170
vn -0.5025 -0.2165 0.8370
vn 0.5025 -0.2165 0.8370
vn 0.3226 -0.4163 0.8501
vn 0.3324 -0.4287 0.8401
vn -0.3492 0.4406 0.8270
vn -0.6404 0.2728 0.7179
vn -0.5110 0.2117 0.8331
vn 0.5110 0.2117 0.8331
vn 0.5233 -0.0028 0.8522
vn 0.5306 -0.0012 0.8476
vn -0.7283 0.4195 0.5419
vn -0.7737 0.3374 0.5363
vn -0.7522 0.3239 0.5738
vn 0.7522 0.3239 0.5738
vn 0.6878 -0.0019 0.7259
vn 0.8224 -0.0030 0.5688
vn 0.0934 0.8577 0.5057
vn -0.2561 0.8218 0.5090
vn -0.2530 0.8067 0.5341
vn 0.1877 0.7115 0.6771
vn 0.3336 0.7874 0.5184
vn 0.2530 0.8067 0.5341
vn 0.1345 0.6112 0.7800
vn -0.1877 0.7115 0.6771
vn -0.1136 0.6030 0.7896
vn 0.1136 0.6030 0.7896
vn 0.3407 0.4300 0.8361
vn 0.3492 0.4406 0.8270
vn 0.5645 0.4131 0.7146
vn 0.4017 0.6683 0.6261
vn 0.3740 0.5671 0.7338
vn -0.3585 0.5635 0.7443
vn -0.1345 0.6112 0.7800
vn -0.3740 0.5671 0.7338
vn 0.6655 0.5618 0.4914
vn 0.4112 0.7726 0.4837
vn 0.4065 0.7626 0.5031
vn -0.4017 0.6683 0.6261
vn -0.0934 0.8577 0.5057
vn -0.4065 0.7626 0.5031
vn 0.8769 -0.0028 0.4806
vn 0.8287 0.3037 0.4701
vn 0.8198 0.2986 0.4886
vn -0.7595 0.2561 0.5979
vn -0.6655 0.5618 0.4914
vn -0.8198 0.2986 0.4886
vn 0.7109 -0.0012 0.7033
vn 0.7595 0.2561 0.5979
vn 0.6906 0.2101 0.6921
vn -0.6906 0.2101 0.6921
vn -0.5483 0.4141 0.7265
vn -0.5645 0.4131 0.7146
vn 0.9063 0.3581 0.2246
vn 0.8038 0.2635 0.5333
vn 0.8924 0.3083 0.3296
vn -0.9360 0.3283 0.1272
vn -0.9592 -0.0076 0.2825
vn -0.8924 0.3083 0.3296
vn 0.3492 0.9312 0.1045
vn 0.3949 0.7982 0.4549
vn 0.3920 0.8903 0.2318
vn -0.3765 0.9264 -0.0044
vn -0.4672 0.8680 0.1681
vn -0.3920 0.8903 0.2318
vn -0.4181 0.8868 0.1971
vn -0.3178 0.8292 0.4599
vn -0.3613 0.9029 0.2328
vn 0.3787 0.9255 -0.0057
vn 0.2888 0.9558 0.0543
vn 0.3613 0.9029 0.2328
vn -0.9423 0.3216 0.0929
vn -0.8419 0.3096 0.4419
vn -0.9074 0.3450 0.2401
vn 0.9318 0.3619 0.0283
vn 0.8869 0.4340 0.1583
vn 0.9074 0.3450 0.2401
vn -0.8949 -0.3848 0.2260
vn -0.8476 -0.4515 0.2788
vn -0.8111 -0.3626 0.4589
vn 0.8949 -0.3848 0.2260
vn 0.9536 -0.3011 0.0053
vn 0.9511 -0.3021 0.0637
vn -0.3585 -0.9058 0.2260
vn -0.2809 -0.9436 0.1755
vn -0.3265 -0.8479 0.4178
vn 0.3585 -0.9058 0.2260
vn 0.4573 -0.8853 0.0839
vn 0.4125 -0.8910 0.1895
vn 0.3886 -0.8927 0.2280
vn 0.4720 -0.8241 0.3131
vn 0.3905 -0.8218 0.4149
vn -0.3886 -0.8927 0.2280
vn -0.2841 -0.9588 0.0037
vn -0.3458 -0.9333 0.0965
vn 0.8854 -0.3283 0.3292
vn 0.9049 -0.0082 0.4255
vn 0.8014 -0.2850 0.5258
vn -0.8854 -0.3283 0.3292
vn -0.8919 -0.4418 0.0968
vn -0.8946 -0.3832 0.2300
vn 0.1923 -0.0021 0.9813
vn 0.3353 -0.1070 0.9360
vn 0.3783 -0.0015 0.9257
vn -0.4168 -0.0011 0.9090
vn -0.4039 -0.0669 0.9124
vn -0.3783 -0.0015 0.9257
vn 0.2064 -0.2053 0.9567
vn 0.3021 -0.1839 0.9354
vn 0.2016 -0.1592 0.9665
vn -0.1923 -0.0021 0.9813
vn -0.3353 -0.1070 0.9360
vn -0.2016 -0.1592 0.9665
vn 0.0383 -0.0971 0.9945
vn -0.2064 -0.2053 0.9567
vn -0.0961 -0.1880 0.9775
vn -0.0343 -0.0010 0.9994
vn 0.0002 -0.1251 0.9921
vn 0.0698 -0.0481 0.9964
vn -0.0383 -0.0971 0.9945
vn 0.0389 0.0910 0.9951
vn 0.0938 -0.0006 0.9956
vn 0.0692 0.0454 0.9966
vn 0.0343 -0.0010 0.9994
vn 0.2019 0.1503 0.9678
vn -0.0054 0.1194 0.9928
vn -0.1001 0.1772 0.9791
vn -0.0389 0.0910 0.9951
vn 0.3349 0.1004 0.9369
vn -0.2068 0.1938 0.9590
vn -0.2995 0.1735 0.9382
vn -0.2019 0.1503 0.9678
vn -0.3626 0.1241 0.9236
vn -0.4036 0.0628 0.9128
vn -0.3349 0.1004 0.9369
vn 0.0951 -0.7866 0.6101
vn -0.0000 -0.8751 0.4839
vn 0.1098 -0.8819 0.4586
vn -0.1679 -0.8843 0.4356
vn -0.1055 -0.9807 0.1648
vn -0.1098 -0.8819 0.4586
vn 0.2183 -0.7268 0.6512
vn 0.1679 -0.8843 0.4356
vn 0.2425 -0.8607 0.4477
vn -0.4415 -0.7138 0.5436
vn -0.2474 -0.8925 0.3772
vn -0.2425 -0.8607 0.4477
vn 0.6404 -0.4449 0.6261
vn 0.3692 -0.5956 0.7134
vn 0.4415 -0.7138 0.5436
vn -0.6404 -0.4449 0.6261
vn -0.8033 -0.2254 0.5513
vn -0.7053 -0.4227 0.5691
vn 0.7965 -0.0453 0.6030
vn 0.5341 -0.2298 0.8136
vn 0.7475 -0.2333 0.6220
vn -0.7965 -0.0453 0.6030
vn -0.8539 0.0534 0.5176
vn -0.8569 -0.0247 0.5148
vn 0.7979 0.0933 0.5955
vn 0.5727 -0.0232 0.8195
vn 0.7928 0.0312 0.6086
vn -0.8078 0.1869 0.5590
vn -0.8537 0.1179 0.5073
vn -0.7979 0.0933 0.5955
vn 0.3492 -0.8012 0.4860
vn 0.4054 -0.5549 0.7264
vn 0.3754 -0.7585 0.5328
vn -0.3492 -0.8012 0.4860
vn -0.3176 -0.8558 0.4083
vn -0.3610 -0.7985 0.4817
vn 0.4090 -0.6733 0.6160
vn 0.4803 -0.4005 0.7804
vn 0.4052 -0.5121 0.7574
vn -0.4090 -0.6733 0.6160
vn -0.3351 -0.7742 0.5370
vn -0.3651 -0.7468 0.5558
vn 0.6858 -0.4497 0.5722
vn 0.5978 -0.3206 0.7348
vn 0.5705 -0.3317 0.7513
vn -0.6858 -0.4497 0.5722
vn -0.5611 -0.6124 0.5569
vn -0.5559 -0.5602 0.6142
vn 0.6909 -0.3313 0.6426
vn 0.4901 -0.3083 0.8153
vn 0.5101 -0.2979 0.8069
vn -0.7333 -0.3454 0.5857
vn -0.7142 -0.3951 0.5778
vn -0.6909 -0.3313 0.6426
vn 0.5557 0.5592 0.6152
vn 0.6541 0.1676 0.7376
vn 0.5940 0.3229 0.7368
vn -0.5637 0.4561 0.6886
vn -0.6517 -0.0546 0.7565
vn -0.5940 0.3229 0.7368
vn 0.5602 0.5788 0.5926
vn 0.4989 0.5534 0.6670
vn 0.5165 0.6320 0.5778
vn -0.5232 0.7047 0.4792
vn -0.5557 0.5592 0.6152
vn -0.5165 0.6320 0.5778
vn 0.5694 0.5403 0.6196
vn 0.3198 0.5164 0.7944
vn 0.5241 0.4732 0.7081
vn -0.6055 0.5994 0.5236
vn -0.5602 0.5788 0.5926
vn -0.5694 0.5403 0.6196
vn -0.4437 0.5195 0.7302
vn -0.0120 0.5374 0.8433
vn -0.0524 0.6575 0.7516
vn 0.0723 0.7547 0.6521
vn -0.3166 0.6348 0.7049
vn 0.0524 0.6575 0.7516
vn -0.6842 0.4355 0.5851
vn -0.6152 0.3201 0.7205
vn -0.6996 0.3479 0.6241
vn 0.7742 0.3745 0.5102
vn 0.4437 0.5195 0.7302
vn 0.6996 0.3479 0.6241
vn -0.4948 0.5786 0.6484
vn -0.5189 0.4748 0.7109
vn -0.5605 0.5665 0.6040
vn 0.6170 0.6158 0.4900
vn 0.6842 0.4355 0.5851
vn 0.5605 0.5665 0.6040
vn 0.3498 -0.3641 0.8632
vn 0.4411 -0.3128 0.8412
vn 0.4563 -0.3606 0.8135
vn -0.4563 -0.3606 0.8135
vn -0.5366 -0.3686 0.7591
vn -0.4768 -0.3843 0.7906
vn 0.2205 -0.4087 0.8856
vn 0.1210 -0.3935 0.9113
vn 0.2190 -0.3749 0.9008
vn -0.2205 -0.4087 0.8856
vn -0.3462 -0.4162 0.8408
vn -0.3498 -0.3641 0.8632
vn -0.0016 -0.4202 0.9075
vn 0.0970 -0.4315 0.8969
vn -0.0119 -0.4637 0.8859
vn 0.0120 -0.4993 0.8664
vn 0.0137 -0.5023 0.8646
vn 0.0119 -0.4637 0.8859
vn -0.0129 -0.5423 0.8401
vn -0.0120 -0.4993 0.8664
vn -0.0115 -0.5847 0.8112
vn 0.0115 -0.5847 0.8112
vn 0.1574 -0.5783 0.8005
vn 0.0027 -0.6310 0.7758
vn 0.1221 -0.5311 0.8385
vn 0.0346 -0.5919 0.8053
vn -0.0573 -0.5821 0.8111
vn -0.2015 -0.3267 0.9234
vn 0.0086 -0.4090 0.9125
vn -0.1221 -0.5311 0.8385
vn 0.2015 -0.3267 0.9234
vn 0.3204 -0.2145 0.9227
vn -0.4376 -0.2076 0.8749
vn -0.4054 -0.1216 0.9060
vn -0.3204 -0.2145 0.9227
vn 0.4376 -0.2076 0.8749
vn 0.4188 -0.2203 0.8809
vn -0.3735 -0.2764 0.8855
vn -0.4665 -0.2939 0.8343
vn -0.4188 -0.2203 0.8809
vn 0.3735 -0.2764 0.8855
vn 0.3639 -0.3393 0.8674
vn -0.3661 -0.2922 0.8835
vn -0.3734 -0.4429 0.8151
vn -0.3639 -0.3393 0.8674
vn 0.3646 -0.0989 0.9259
vn 0.3661 -0.2922 0.8835
vn 0.3222 -0.0384 0.9459
vn -0.3222 -0.0384 0.9459
vn -0.1901 0.1089 0.9757
vn -0.2659 0.0429 0.9630
vn -0.0792 0.2022 0.9761
vn -0.0000 0.0660 0.9978
vn -0.2262 0.0744 0.9712
vn 0.0792 0.2022 0.9761
vn -0.1595 0.1186 0.9801
vn 0.2277 -0.4061 0.8850
vn 0.2152 -0.3111 0.9257
vn 0.3343 -0.3677 0.8678
vn -0.2179 -0.1741 0.9603
vn -0.3343 -0.3677 0.8678
vn 0.1588 -0.2418 0.9572
vn -0.0000 -0.2545 0.9671
vn 0.0666 -0.2065 0.9762
vn -0.1588 -0.2418 0.9572
vn -0.1038 -0.1574 0.9821
vn 0.0310 -0.1203 0.9923
vn 0.0043 -0.1686 0.9857
vn -0.1354 -0.1458 0.9800
vn 0.0716 0.0195 0.9972
vn -0.0000 -0.1670 0.9860
vn -0.0043 -0.1686 0.9857
vn 0.0717 -0.7020 0.7085
vn -0.0000 -0.7771 0.6294
vn -0.0717 -0.7020 0.7085
vn -0.0301 -0.4854 0.8737
vn -0.1402 -0.6568 0.7409
vn 0.2043 -0.5704 0.7955
vn 0.1529 -0.7705 0.6188
vn -0.2043 -0.5704 0.7955
vn -0.2162 -0.3201 0.9224
vn -0.2900 -0.4280 0.8560
vn 0.2900 -0.4280 0.8560
vn 0.4663 -0.3816 0.7981
vn 0.3368 -0.2750 0.9005
vn -0.2281 -0.2003 0.9528
vn -0.3371 -0.1959 0.9209
vn -0.3368 -0.2750 0.9005
vn 0.3336 -0.0193 0.9425
vn 0.1777 -0.0462 0.9830
vn 0.3478 -0.0561 0.9359
vn -0.3336 -0.0193 0.9425
vn -0.5995 0.0868 0.7956
vn -0.5825 0.0288 0.8123
vn 0.3486 -0.1225 0.9292
vn -0.3486 -0.1225 0.9292
vn -0.1823 -0.1302 0.9746
vn -0.1894 -0.0688 0.9795
vn -0.0000 0.0267 0.9996
vn 0.0266 -0.0106 0.9996
vn 0.0217 0.0233 0.9995
vn -0.0233 0.0114 0.9997
vn -0.1638 0.0204 0.9863
vn -0.0217 0.0233 0.9995
vn -0.0000 -0.0597 0.9982
vn 0.0246 -0.0572 0.9981
vn -0.1643 -0.0395 0.9856
vn -0.0272 -0.0450 0.9986
vn -0.0246 -0.0572 0.9981
vn 0.1894 -0.0688 0.9795
vn 0.0272 -0.0450 0.9986
vn 0.0376 -0.0297 0.9989
vn -0.0745 -0.2412 0.9676
vn -0.0000 -0.0244 0.9997
vn -0.0376 -0.0297 0.9989
vn 0.8152 -0.5720 0.0915
vn 0.5283 -0.7238 0.4438
vn 0.6016 -0.7037 0.3779
vn -0.8152 -0.5720 0.0915
vn -0.8925 -0.4489 0.0443
vn -0.8232 -0.5283 0.2080
vn 0.9623 0.2398 -0.1281
vn 0.9799 0.1789 -0.0881
vn 0.9529 0.2679 -0.1420
vn -0.9529 0.2679 -0.1420
vn -0.9018 0.3517 -0.2512
vn -0.9496 0.2933 -0.1104
vn 0.1388 0.9388 -0.3153
vn 0.2349 0.9235 -0.3034
vn 0.1231 0.9717 -0.2015
vn -0.0148 0.9999 -0.0030
vn -0.0884 0.9961 -0.0077
vn -0.1231 0.9717 -0.2015
vn -0.6969 0.6245 0.3527
vn -0.6621 0.5373 0.5225
vn -0.8194 0.4452 0.3611
vn 0.9040 0.4189 0.0858
vn 0.8167 0.4381 0.3755
vn 0.8194 0.4452 0.3611
vn 0.3508 -0.7831 0.5135
vn 0.3566 -0.8191 0.4493
vn -0.3032 -0.7587 0.5766
vn -0.2919 -0.8506 0.4373
vn -0.3566 -0.8191 0.4493
vn 0.3249 -0.6392 0.6971
vn 0.1675 -0.4938 0.8533
vn 0.2565 -0.6045 0.7542
vn -0.3508 -0.7831 0.5135
vn -0.0000 -0.6219 0.7831
vn -0.2565 -0.6045 0.7542
vn -0.5664 0.6361 0.5240
vn -0.5119 0.6088 0.6060
vn -0.5776 0.6217 0.5291
vn 0.5664 0.6361 0.5240
vn 0.7455 0.6282 0.2227
vn 0.6969 0.6245 0.3527
vn 0.1222 0.7996 0.5880
vn 0.1852 0.7119 0.6774
vn 0.2259 0.7771 0.5875
vn -0.0090 0.8316 0.5552
vn -0.1132 0.8615 0.4950
vn -0.1222 0.7996 0.5880
vn 0.6474 0.2400 0.7234
vn 0.7577 0.2078 0.6186
vn 0.7540 0.2724 0.5978
vn -0.7668 0.3602 0.5313
vn -0.8203 0.2997 0.4871
vn -0.7540 0.2724 0.5978
vn 0.4719 -0.6493 0.5964
vn 0.2036 -0.6267 0.7522
vn -0.4719 -0.6493 0.5964
vn -0.6771 -0.5794 0.4537
vn -0.5346 -0.6191 0.5752
vn 0.0421 0.2162 0.9754
vn 0.0840 0.2596 0.9621
vn 0.0486 0.2805 0.9586
vn -0.0078 -0.0841 0.9964
vn -0.0086 0.2225 0.9749
vn -0.0421 0.2162 0.9754
vn 0.0499 -0.3799 0.9237
vn 0.1822 -0.5928 0.7845
vn -0.0499 -0.3799 0.9237
vn -0.0000 -0.0529 0.9986
vn -0.2835 -0.0800 0.9556
vn -0.0472 0.0210 0.9987
vn 0.2835 -0.0800 0.9556
vn -0.0000 -0.0492 0.9988
vn -0.0000 0.0032 1.0000
vn 0.6183 -0.2130 0.7565
vn 0.3459 -0.2645 0.9002
vn 0.2469 -0.1875 0.9507
vn 0.3606 -0.2256 0.9050
vn 0.3962 -0.5207 0.7562
vn 0.3753 -0.2692 0.8869
vn 0.4252 -0.0327 0.9045
vn 0.7554 0.0822 0.6500
vn 0.5611 -0.1031 0.8213
vn -0.4540 -0.2009 0.8680
vn -0.6183 -0.2130 0.7565
vn -0.5611 -0.1031 0.8213
vn 0.3270 0.0155 0.9449
vn 0.4037 0.0757 0.9118
vn 0.3496 0.0490 0.9356
vn -0.4252 -0.0327 0.9045
vn -0.3496 0.0490 0.9356
vn 0.8545 0.2773 0.4392
vn 0.8186 0.2031 0.5373
vn 0.8232 0.2753 0.4965
vn -0.8314 0.3362 0.4423
vn -0.8232 0.2753 0.4965
vn 0.9109 0.1981 0.3619
vn 0.8801 0.2476 0.4052
vn -0.9335 0.3306 0.1385
vn -0.8545 0.2773 0.4392
vn -0.8801 0.2476 0.4052
vn 0.9337 -0.0145 0.3578
vn 0.8247 -0.0138 0.5654
vn -0.9337 -0.0145 0.3578
vn -0.9685 -0.0862 0.2337
vn -0.9709 0.1409 0.1937
vn -0.0000 -0.7667 0.6421
vn 0.2119 -0.9065 0.3653
vn 0.1496 -0.6436 0.7506
vn -0.1069 -0.3303 0.9378
vn -0.1496 -0.6436 0.7506
vn -0.5221 -0.2188 0.8243
vn -0.5227 -0.2703 0.8085
vn -0.5261 -0.2019 0.8261
vn -0.0744 -0.2593 0.9629
vn -0.1145 -0.2016 0.9728
vn -0.4693 0.1028 0.8770
vn -0.4898 -0.0667 0.8693
vn -0.4804 0.1249 0.8681
vn 0.0537 -0.2932 0.9546
vn 0.0872 -0.2166 0.9724
vn -0.1549 0.4986 0.8529
vn -0.3471 0.3923 0.8518
vn -0.1353 0.4932 0.8593
vn 0.0479 -0.2036 0.9779
vn -0.0000 -0.2232 0.9748
vn -0.0000 -0.2316 0.9728
vn -0.4509 0.8238 0.3434
vn -0.1915 0.8618 0.4698
vn -0.1822 0.9038 0.3873
vn 0.1889 0.9342 0.3026
vn -0.0000 0.9228 0.3853
vn 0.1822 0.9038 0.3873
vn -0.7017 0.6758 0.2258
vn -0.7096 0.6741 0.2049
vn -0.6438 0.6989 0.3115
vn 0.7017 0.6758 0.2258
vn 0.4914 0.8317 0.2585
vn 0.4509 0.8238 0.3434
vn -0.9901 -0.0924 0.1056
vn -0.9559 -0.2312 0.1809
vn -0.9901 -0.0704 0.1214
vn 0.9901 -0.0924 0.1056
vn 0.9965 0.0665 0.0508
vn 0.9964 0.0372 0.0756
vn -0.0000 -0.9768 0.2142
vn 0.2090 -0.9373 0.2788
vn 0.2167 -0.9529 0.2122
vn -0.2119 -0.9065 0.3653
vn -0.2047 -0.9573 0.2040
vn -0.2167 -0.9529 0.2122
vn 0.0308 -0.2972 0.9543
vn 0.0248 -0.2158 0.9761
vn -0.0201 -0.2969 0.9547
vn -0.0308 -0.2972 0.9543
vn -0.0000 -0.3773 0.9261
vn -0.0475 -0.3838 0.9222
vn 0.0258 -0.3820 0.9238
vn -0.0506 -0.3297 0.9427
vn 0.0978 -0.2522 0.9627
vn 0.0222 -0.2275 0.9735
vn 0.0506 -0.3297 0.9427
vn -0.3895 -0.2219 0.8939
vn -0.4724 -0.3010 0.8284
vn -0.4117 -0.2060 0.8878
vn 0.1867 -0.1852 0.9648
vn 0.3608 -0.1317 0.9233
vn 0.3895 -0.2219 0.8939
vn -0.2802 -0.0495 0.9587
vn -0.3636 -0.1012 0.9260
vn -0.2854 -0.0128 0.9583
vn 0.1762 -0.0246 0.9841
vn 0.2802 -0.0495 0.9587
vn -0.0918 0.0147 0.9957
vn -0.2014 0.0239 0.9792
vn -0.1296 0.0548 0.9901
vn 0.0016 0.0496 0.9988
vn 0.0918 0.0147 0.9957
vn -0.2334 -0.5629 0.7929
vn -0.5060 -0.4558 0.7323
vn -0.3946 -0.3883 0.8328
vn 0.1500 -0.1400 0.9787
vn 0.4014 -0.2902 0.8687
vn 0.3946 -0.3883 0.8328
vn -0.0362 -0.6444 0.7638
vn 0.1513 -0.6226 0.7678
vn -0.0774 -0.7228 0.6867
vn 0.0362 -0.6444 0.7638
vn 0.1390 -0.4498 0.8822
vn 0.2334 -0.5629 0.7929
vn 0.3844 -0.5751 0.7221
vn 0.5197 -0.5001 0.6926
vn 0.3820 -0.5713 0.7264
vn -0.3844 -0.5751 0.7221
vn -0.2756 -0.3999 0.8741
vn -0.1670 -0.6174 0.7687
vn 0.5469 -0.3634 0.7542
vn 0.5080 -0.2026 0.8372
vn 0.5634 -0.3573 0.7449
vn -0.5469 -0.3634 0.7542
vn -0.4334 -0.3772 0.8185
vn -0.5063 -0.4987 0.7036
vn 0.5157 -0.1060 0.8502
vn 0.5267 -0.0111 0.8500
vn 0.5150 -0.1062 0.8506
vn -0.5157 -0.1060 0.8502
vn -0.4570 -0.1918 0.8685
vn -0.5154 -0.2180 0.8288
vn 0.4443 0.1387 0.8851
vn 0.5228 0.0892 0.8478
vn 0.4725 0.0558 0.8796
vn -0.4468 0.0276 0.8942
vn -0.5029 -0.0247 0.8640
vn -0.4725 0.0558 0.8796
vn 0.3856 0.5701 0.7255
vn 0.4999 0.4963 0.7098
vn 0.4781 0.4011 0.7813
vn -0.4394 0.3162 0.8408
vn -0.4443 0.1387 0.8851
vn -0.4781 0.4011 0.7813
vn 0.2312 0.4559 0.8595
vn 0.1071 0.1276 0.9860
vn 0.2097 0.5997 0.7723
vn -0.2312 0.4559 0.8595
vn -0.3789 0.4576 0.8044
vn -0.3856 0.5701 0.7255
vn 0.1765 0.2029 0.9632
vn 0.1454 0.1076 0.9835
vn 0.1918 0.1103 0.9752
vn -0.1765 0.2029 0.9632
vn -0.2108 0.0977 0.9726
vn -0.1877 0.2320 0.9544
vn 0.0453 0.1339 0.9900
vn -0.0557 0.0972 0.9937
vn 0.1229 -0.0427 0.9915
vn -0.0954 0.0753 0.9926
vn -0.1106 0.1832 0.9768
vn -0.0453 0.1339 0.9900
vn 0.2778 -0.3642 0.8889
vn 0.4553 -0.4130 0.7887
vn 0.2915 -0.4444 0.8471
vn -0.1229 -0.0427 0.9915
vn -0.2465 -0.2095 0.9462
vn -0.2778 -0.3642 0.8889
vn 0.2294 -0.2063 0.9512
vn 0.2608 -0.3063 0.9155
vn 0.2380 -0.2750 0.9315
vn -0.2294 -0.2063 0.9512
vn -0.1071 0.1276 0.9860
vn -0.0321 -0.2785 0.9599
vn -0.1404 -0.5375 0.8315
vn 0.0288 -0.3572 0.9336
vn -0.1478 -0.6994 0.6993
vn 0.1403 -0.4094 0.9015
vn 0.1023 -0.7589 0.6431
vn 0.1404 -0.5375 0.8315
vn 0.0126 -0.7677 0.6407
vn -0.1440 -0.8808 0.4511
vn -0.0720 -0.8219 0.5651
vn -0.0900 -0.7048 0.7036
vn 0.0417 -0.5577 0.8290
vn -0.0126 -0.7677 0.6407
vn -0.0417 -0.5577 0.8290
vn -0.3076 -0.3219 0.8954
vn -0.2413 -0.2937 0.9249
vn 0.2413 -0.2937 0.9249
vn 0.2112 -0.1253 0.9694
vn 0.2860 -0.1240 0.9502
vn -0.2494 0.0265 0.9680
vn -0.3773 -0.1155 0.9189
vn -0.3429 0.0679 0.9369
vn 0.1715 -0.0065 0.9852
vn 0.0905 0.1851 0.9785
vn 0.2494 0.0265 0.9680
vn -0.0655 0.3828 0.9215
vn -0.1486 0.2317 0.9614
vn -0.1525 0.4363 0.8868
vn 0.0655 0.3828 0.9215
vn -0.0295 0.3773 0.9256
vn 0.0375 0.4644 0.8848
vn -0.0375 0.4644 0.8848
vn -0.0044 0.6225 0.7826
vn 0.0573 0.4961 0.8664
vn -0.1046 0.3756 0.9208
vn -0.2103 0.4236 0.8811
vn -0.0573 0.4961 0.8664
vn 0.2103 0.4236 0.8811
vn 0.3411 0.5881 0.7333
vn 0.3381 0.4843 0.8070
vn -0.3272 0.3792 0.8655
vn -0.3824 0.4960 0.7796
vn -0.3381 0.4843 0.8070
vn 0.3824 0.4960 0.7796
vn 0.5021 0.5190 0.6918
vn 0.4540 0.4755 0.7535
vn -0.4540 0.4755 0.7535
vn -0.5446 0.3055 0.7811
vn -0.6027 0.3074 0.7364
vn 0.6032 -0.3125 0.7338
vn 0.7581 -0.2394 0.6066
vn 0.6423 -0.3527 0.6805
vn -0.5398 -0.2604 0.8005
vn -0.4528 -0.3479 0.8209
vn -0.6032 -0.3125 0.7338
vn 0.7516 -0.0770 0.6551
vn 0.7960 0.0068 0.6052
vn 0.8132 -0.0809 0.5764
vn -0.7516 -0.0770 0.6551
vn -0.6521 -0.1650 0.7399
vn -0.7033 -0.2002 0.6821
vn 0.7229 0.1228 0.6799
vn 0.6613 0.3056 0.6851
vn 0.7759 0.1344 0.6164
vn -0.7229 0.1228 0.6799
vn -0.6914 0.0126 0.7223
vn -0.7425 0.0096 0.6698
vn -0.7381 0.6166 -0.2739
vn -0.4836 0.8700 -0.0962
vn -0.5690 0.8183 -0.0820
vn 0.5690 0.8183 -0.0820
vn 0.5144 0.8472 -0.1332
vn 0.4527 0.8907 -0.0408
vn -0.8290 0.4077 -0.3829
vn -0.8036 0.3860 -0.4530
vn -0.7687 0.3851 -0.5107
vn 0.8290 0.4077 -0.3829
vn 0.8038 0.5257 -0.2784
vn 0.7381 0.6166 -0.2739
vn -0.1448 0.8912 -0.4299
vn -0.2171 0.8244 -0.5227
vn -0.2380 0.8773 -0.4167
vn 0.2718 0.9100 -0.3130
vn 0.3751 0.8462 -0.3784
vn 0.2380 0.8773 -0.4167
vn 0.4573 0.8125 -0.3616
vn 0.5024 0.7110 -0.4920
vn 0.5522 0.7628 -0.3366
vn -0.5738 0.7922 -0.2076
vn -0.5447 0.7979 -0.2582
vn -0.5522 0.7628 -0.3366
vn 0.3505 0.9068 -0.2341
vn 0.3268 0.9139 -0.2409
vn 0.3718 0.8876 -0.2720
vn -0.4182 0.8810 -0.2213
vn -0.4573 0.8125 -0.3616
vn -0.3718 0.8876 -0.2720
vn 0.4757 0.8337 -0.2805
vn 0.4219 0.8742 -0.2405
vn 0.4010 0.8811 -0.2506
vn -0.4027 0.8896 -0.2156
vn -0.3505 0.9068 -0.2341
vn -0.4010 0.8811 -0.2506
vn 0.9355 -0.0251 -0.3525
vn 0.9680 0.0749 -0.2394
vn 0.9240 0.0638 -0.3771
vn -0.9379 0.0694 -0.3398
vn -0.9219 0.1437 -0.3597
vn -0.9240 0.0638 -0.3771
vn 0.6487 -0.7099 -0.2742
vn 0.5956 -0.8029 0.0264
vn 0.7375 -0.6750 -0.0212
vn -0.6487 -0.7099 -0.2742
vn -0.6783 -0.6684 -0.3054
vn -0.6862 -0.6537 -0.3192
vn 0.4314 -0.8642 -0.2590
vn 0.4303 -0.9027 -0.0094
vn 0.4801 -0.8771 -0.0145
vn -0.4314 -0.8642 -0.2590
vn -0.5238 -0.8075 -0.2714
vn -0.5330 -0.8119 -0.2381
vn 0.2699 -0.8058 -0.5270
vn 0.4681 -0.5632 -0.6809
vn 0.2278 -0.5600 -0.7965
vn -0.0000 -0.4831 -0.8756
vn -0.2503 -0.2789 -0.9271
vn -0.2278 -0.5600 -0.7965
vn 0.2503 -0.2789 -0.9271
vn 0.2110 -0.0628 -0.9755
vn 0.2126 -0.0941 -0.9726
vn -0.0000 -0.1157 -0.9933
vn -0.1751 -0.2449 -0.9536
vn -0.2126 -0.0941 -0.9726
vn 0.1751 -0.2449 -0.9536
vn 0.0532 -0.3553 -0.9332
vn 0.0910 -0.4566 -0.8850
vn -0.0000 -0.5184 -0.8551
vn -0.0189 -0.5397 -0.8417
vn -0.0910 -0.4566 -0.8850
vn 0.0945 -0.9764 -0.1939
vn -0.0000 -0.9621 -0.2726
vn 0.1050 -0.9415 -0.3203
vn -0.0945 -0.9764 -0.1939
vn -0.1507 -0.9807 0.1243
vn -0.1095 -0.9616 -0.2516
vn 0.1480 -0.9454 -0.2904
vn 0.1035 -0.9196 -0.3791
vn 0.1344 -0.9060 -0.4013
vn -0.1480 -0.9454 -0.2904
vn -0.2011 -0.9583 -0.2030
vn -0.1895 -0.9246 -0.3305
vn 0.9466 -0.0563 -0.3176
vn 0.9540 -0.0520 -0.2951
vn 0.9098 0.0746 -0.4083
vn -0.9466 -0.0563 -0.3176
vn -0.9530 -0.0733 -0.2941
vn -0.9344 0.0956 -0.3432
vn 0.9303 0.1541 -0.3330
vn 0.8986 0.1514 -0.4118
vn 0.8976 0.1658 -0.4084
vn -0.9303 0.1541 -0.3330
vn -0.9538 0.1446 -0.2634
vn -0.9272 0.1528 -0.3420
vn 0.2647 0.0054 -0.9643
vn 0.3195 -0.2965 -0.9000
vn 0.4460 -0.1853 -0.8756
vn -0.1860 -0.0733 -0.9798
vn -0.2752 0.0620 -0.9594
vn -0.2647 0.0054 -0.9643
vn -0.0718 -0.3347 -0.9396
vn 0.0507 -0.2103 -0.9763
vn -0.0507 -0.2103 -0.9763
vn -0.1811 -0.0303 -0.9830
vn 0.7343 -0.2720 -0.6220
vn -0.8676 0.0593 -0.4937
vn -0.8944 -0.2551 -0.3675
vn -0.7343 -0.2720 -0.6220
vn 0.9293 0.1438 -0.3401
vn 0.7262 0.0552 -0.6852
vn 0.8676 0.0593 -0.4937
vn -0.9293 0.1438 -0.3401
vn -0.9515 0.2092 -0.2254
vn -0.9358 0.2227 -0.2735
vn 0.9674 0.2532 0.0116
vn 0.9834 0.0385 0.1776
vn 0.9622 0.2605 0.0799
vn -0.9584 0.2661 -0.1035
vn -0.9674 0.2532 0.0116
vn 0.9753 0.0922 -0.2008
vn 0.9584 0.2661 -0.1035
vn 0.9276 0.3151 -0.2007
vn -0.9326 0.3298 -0.1469
vn -0.9276 0.3151 -0.2007
vn 0.9925 0.0395 0.1154
vn 0.9109 -0.1281 0.3922
vn -0.9823 -0.1806 0.0494
vn -0.9925 0.0395 0.1154
vn 0.2446 -0.9453 -0.2157
vn 0.3280 -0.9001 -0.2866
vn -0.2514 -0.9584 -0.1348
vn -0.2403 -0.9583 -0.1545
vn -0.2446 -0.9453 -0.2157
vn 0.4476 -0.4792 -0.7550
vn 0.3117 -0.6885 -0.6548
vn 0.3318 -0.4841 -0.8097
vn -0.3533 -0.2829 -0.8917
vn -0.2845 -0.4787 -0.8306
vn -0.3318 -0.4841 -0.8097
vn 0.5016 -0.7760 -0.3823
vn 0.2740 -0.9156 -0.2943
vn 0.2890 -0.8369 -0.4648
vn -0.3117 -0.6885 -0.6548
vn -0.0000 -0.8651 -0.5015
vn -0.2890 -0.8369 -0.4648
vn 0.2773 -0.9514 -0.1342
vn 0.6096 -0.7927 -0.0054
vn 0.3177 -0.9368 -0.1469
vn -0.2740 -0.9156 -0.2943
vn -0.0000 -0.9870 -0.1610
vn -0.2773 -0.9514 -0.1342
vn 0.3057 -0.9261 -0.2213
vn 0.3526 -0.8366 -0.4194
vn -0.3057 -0.9261 -0.2213
vn -0.0000 -0.9852 -0.1714
vn -0.0000 -0.9625 -0.2714
vn 0.8224 -0.5649 0.0678
vn 0.8032 -0.5774 0.1466
vn 0.9220 -0.3766 -0.0900
vn -0.9220 -0.3766 -0.0900
vn -0.9371 0.1518 -0.3143
vn -0.9753 0.0922 -0.2008
vn 0.8265 -0.5233 0.2075
vn 0.6964 -0.7023 0.1479
vn 0.9065 -0.4147 0.0797
vn -0.8265 -0.5233 0.2075
vn -0.9293 -0.3580 -0.0912
vn -0.9664 -0.1964 0.1660
vn 0.3248 -0.0871 -0.9417
vn 0.4318 -0.3209 -0.8429
vn 0.3533 -0.2829 -0.8917
vn -0.2951 -0.0007 -0.9555
vn -0.2671 -0.0339 -0.9631
vn -0.3248 -0.0871 -0.9417
vn 0.4083 0.8792 0.2457
vn 0.1257 0.9919 0.0201
vn 0.1329 0.9577 0.2552
vn -0.1677 0.8091 0.5632
vn -0.0000 0.9688 0.2479
vn -0.1329 0.9577 0.2552
vn 0.1403 0.9665 -0.2151
vn 0.3647 0.7899 -0.4931
vn 0.1583 0.9489 -0.2730
vn -0.1403 0.9665 -0.2151
vn -0.0000 0.9999 0.0115
vn -0.0000 0.9777 -0.2100
vn 0.3150 0.5965 -0.7382
vn 0.4792 0.4420 -0.7583
vn 0.3446 0.5360 -0.7707
vn -0.3150 0.5965 -0.7382
vn -0.0000 0.7019 -0.7122
vn -0.0000 0.6476 -0.7620
vn 0.4747 0.8759 -0.0864
vn 0.5559 0.8308 -0.0254
vn 0.4803 0.8770 0.0125
vn -0.4747 0.8759 -0.0864
vn -0.3595 0.9116 -0.1992
vn -0.4131 0.9101 -0.0318
vn 0.3913 0.6752 0.6253
vn 0.5695 0.6815 0.4596
vn 0.5522 0.7107 0.4360
vn -0.3913 0.6752 0.6253
vn -0.4589 0.6332 0.6232
vn -0.5452 0.5917 0.5938
vn 0.6604 0.7330 0.1632
vn 0.7412 0.6711 -0.0162
vn 0.7037 0.7098 -0.0313
vn -0.6604 0.7330 0.1632
vn -0.6571 0.6611 0.3622
vn -0.6695 0.7274 0.1502
vn 0.7280 0.6496 -0.2191
vn 0.7567 0.5989 -0.2621
vn 0.7198 0.6296 -0.2924
vn -0.7280 0.6496 -0.2191
vn -0.6719 0.7388 -0.0529
vn -0.6619 0.7088 -0.2439
vn 0.5814 0.3003 -0.7561
vn 0.6459 0.2910 -0.7058
vn 0.6852 0.1933 -0.7022
vn -0.6626 -0.0681 -0.7459
vn -0.8778 0.0985 -0.4688
vn -0.6852 0.1933 -0.7022
vn 0.4811 0.4287 -0.7647
vn 0.4705 0.4326 -0.7691
vn -0.4811 0.4287 -0.7647
vn -0.4792 0.4420 -0.7583
vn -0.5525 0.0782 -0.8298
vn 0.5877 0.7789 -0.2189
vn 0.6719 0.7388 -0.0529
vn 0.6619 0.7088 -0.2439
vn -0.5877 0.7789 -0.2189
vn -0.3647 0.7899 -0.4931
vn -0.5046 0.6776 -0.5351
vn 0.6695 0.7210 0.1790
vn 0.6571 0.6611 0.3622
vn 0.6695 0.7274 0.1502
vn -0.6695 0.7210 0.1790
vn -0.3830 0.9232 0.0315
vn -0.6350 0.7724 -0.0091
vn 0.6783 0.4753 0.5603
vn 0.4589 0.6332 0.6232
vn 0.5452 0.5917 0.5938
vn -0.6783 0.4753 0.5603
vn -0.4343 0.7245 0.5352
vn -0.6988 0.5970 0.3941
vn 0.4131 0.9101 -0.0318
vn 0.4105 0.9107 0.0466
vn 0.3642 0.9299 -0.0507
vn -0.3268 0.9139 -0.2409
vn -0.1296 0.9894 -0.0650
vn -0.3642 0.9299 -0.0507
vn 0.4588 0.5375 0.7076
vn 0.1677 0.8091 0.5632
vn 0.2157 0.6132 0.7599
vn -0.1930 0.7118 0.6753
vn -0.0000 0.6531 0.7573
vn -0.2157 0.6132 0.7599
vn -0.1862 0.1860 -0.9647
vn -0.1355 0.1969 -0.9710
vn -0.1417 0.2104 -0.9673
vn 0.2404 0.1879 -0.9523
vn 0.1921 0.1968 -0.9614
vn 0.1862 0.1860 -0.9647
vn 0.0275 0.9185 0.3944
vn 0.2347 0.9597 0.1547
vn 0.1930 0.7118 0.6753
vn -0.0275 0.9185 0.3944
vn -0.0386 0.7924 0.6087
vn 0.0079 0.5756 0.8177
vn -0.0000 0.3147 0.9492
vn -0.1416 0.3779 0.9149
vn -0.0000 0.3879 0.9217
vn -0.0000 0.5952 0.8036
vn 0.9664 -0.1964 0.1660
vn 0.9603 0.1675 0.2230
vn 0.9823 0.1803 0.0518
vn -0.9680 0.0749 -0.2394
vn -0.9345 0.2940 -0.2009
vn -0.9823 0.1803 0.0518
vn 0.9535 0.1200 0.2765
vn 0.9562 0.1941 0.2190
vn 0.9316 0.1546 0.3290
vn -0.9535 0.1200 0.2765
vn -0.9838 -0.1340 0.1193
vn -0.9603 0.1675 0.2230
vn 0.9810 0.1901 -0.0374
vn 0.9827 0.1821 -0.0328
vn 0.9718 0.2326 0.0396
vn -0.9810 0.1901 -0.0374
vn -0.9971 -0.0601 -0.0476
vn -0.9786 0.1622 0.1269
vn 0.9893 0.1202 -0.0825
vn 0.9827 0.1569 -0.0984
vn 0.9830 0.0965 -0.1559
vn -0.9683 0.0678 -0.2404
vn -0.9830 0.0965 -0.1559
vn 0.6645 -0.7465 0.0330
vn 0.5663 -0.8090 -0.1573
vn 0.5497 -0.8337 0.0533
vn -0.5133 -0.8569 -0.0477
vn -0.7090 -0.6930 0.1305
vn -0.6645 -0.7465 0.0330
vn 0.3870 -0.9084 -0.1582
vn 0.3977 -0.9152 0.0650
vn -0.4497 -0.8784 0.1618
vn -0.5472 -0.8355 0.0504
vn -0.3977 -0.9152 0.0650
vn 0.4846 -0.8481 0.2143
vn 0.5741 -0.8062 0.1431
vn 0.4497 -0.8784 0.1618
vn -0.4846 -0.8481 0.2143
vn -0.5956 -0.8029 0.0264
vn -0.6464 -0.7209 0.2500
vn 0.6249 -0.7329 0.2688
vn 0.9448 -0.3110 0.1031
vn 0.6951 -0.6869 0.2123
vn -0.6249 -0.7329 0.2688
vn -0.4303 -0.9027 -0.0094
vn -0.5302 -0.8255 0.1933
vn -0.5741 -0.8062 0.1431
vn -0.6951 -0.6869 0.2123
vn 0.3889 -0.6483 0.6546
vn 0.4797 -0.7112 0.5139
vn -0.3701 -0.4081 0.8345
vn -0.3420 -0.4663 0.8158
vn -0.4797 -0.7112 0.5139
vn 0.4138 -0.6113 -0.6746
vn 0.5379 -0.3057 -0.7856
vn 0.5465 -0.3184 -0.7746
vn -0.5578 -0.2922 -0.7768
vn -0.5465 -0.3184 -0.7746
vn 0.5272 -0.3944 -0.7527
vn 0.5006 -0.2382 -0.8323
vn -0.4143 -0.1697 -0.8942
vn -0.5006 -0.2382 -0.8323
vn 0.5406 -0.7476 -0.3858
vn 0.3220 -0.8452 -0.4266
vn -0.3870 -0.9084 -0.1582
vn -0.0824 -0.9064 -0.4142
vn -0.3220 -0.8452 -0.4266
vn 0.6134 -0.5745 -0.5419
vn 0.6659 -0.6769 -0.3135
vn -0.5016 -0.7760 -0.3823
vn -0.6504 -0.7467 -0.1393
vn -0.6659 -0.6769 -0.3135
vn -0.4942 -0.6650 -0.5599
vn -0.6134 -0.5745 -0.5419
vn -0.4476 -0.4792 -0.7550
vn 0.3010 0.2331 0.9247
vn 0.4435 0.2368 0.8644
vn 0.4603 0.2128 0.8619
vn -0.1274 0.6562 0.7438
vn -0.3572 0.3994 0.8444
vn -0.1036 0.6590 0.7450
vn 0.4244 0.2777 0.8618
vn 0.3835 0.0219 0.9233
vn 0.4004 0.2259 0.8880
vn -0.4244 0.2777 0.8618
vn -0.2725 0.5927 0.7579
vn -0.3831 0.4483 0.8076
vn 0.2154 0.0126 0.9765
vn 0.2572 -0.0131 0.9663
vn 0.3117 0.1047 0.9444
vn -0.4004 0.2259 0.8880
vn -0.3914 0.1933 0.8997
vn -0.3117 0.1047 0.9444
vn 0.1754 -0.0300 0.9840
vn 0.3667 -0.0544 0.9287
vn 0.2790 -0.0719 0.9576
vn -0.2572 -0.0131 0.9663
vn -0.3670 -0.0990 0.9249
vn -0.2790 -0.0719 0.9576
vn 0.5038 -0.1185 0.8557
vn 0.5701 -0.0817 0.8175
vn 0.5977 -0.2974 0.7445
vn -0.3667 -0.0544 0.9287
vn -0.5375 -0.2557 0.8036
vn -0.5038 -0.1185 0.8557
vn 0.5921 -0.3842 0.7084
vn 0.5814 -0.2903 0.7601
vn 0.5319 -0.5065 0.6786
vn -0.5977 -0.2974 0.7445
vn -0.5534 -0.5319 0.6410
vn -0.5921 -0.3842 0.7084
vn 0.4100 0.6680 0.6210
vn 0.1705 0.8773 0.4486
vn 0.2652 0.7453 0.6117
vn -0.4100 0.6680 0.6210
vn -0.3878 0.6873 0.6143
vn -0.4673 0.5710 0.6750
vn -0.2556 0.8167 0.5173
vn -0.2391 0.8674 0.4363
vn -0.1314 0.8099 0.5717
vn 0.2556 0.8167 0.5173
vn 0.2799 0.7614 0.5848
vn 0.1623 0.7827 0.6009
vn -0.8747 0.2887 0.3893
vn -0.7515 0.3252 0.5740
vn -0.8041 0.2465 0.5410
vn 0.7202 -0.0835 0.6887
vn 0.7072 0.1931 0.6801
vn 0.8041 0.2465 0.5410
vn -0.6024 -0.3762 0.7040
vn -0.7202 -0.0835 0.6887
vn -0.4662 -0.3673 0.8048
vn 0.3294 -0.4069 0.8520
vn 0.3496 -0.3472 0.8702
vn 0.4662 -0.3673 0.8048
vn 0.3667 -0.7270 0.5806
vn 0.3925 -0.5456 0.7405
vn 0.4379 -0.5574 0.7053
vn -0.5781 -0.5223 0.6269
vn -0.4588 -0.5195 0.7209
vn -0.4379 -0.5574 0.7053
vn 0.6788 -0.4488 0.5812
vn 0.7102 -0.5323 0.4608
vn 0.6661 -0.5779 0.4716
vn -0.6788 -0.4488 0.5812
vn -0.5908 -0.4838 0.6457
vn 0.6711 -0.7407 0.0330
vn 0.9046 -0.4250 0.0334
vn 0.7624 -0.6468 -0.0205
vn -0.8388 -0.5407 -0.0637
vn -0.7624 -0.6468 -0.0205
vn -0.0628 0.0829 0.9946
vn -0.0551 0.2755 0.9597
vn -0.0801 0.0372 0.9961
vn 0.1171 -0.1664 0.9791
vn 0.0883 0.0060 0.9961
vn 0.0801 0.0372 0.9961
vn 0.9308 -0.3463 -0.1171
vn 0.9010 -0.4120 -0.1361
vn 0.9268 -0.3487 -0.1394
vn -0.9308 -0.3463 -0.1171
vn -0.9938 -0.1064 0.0326
vn 0.1215 0.3221 0.9389
vn 0.2829 0.2115 0.9355
vn -0.1215 0.3221 0.9389
vn -0.2112 0.3237 0.9223
vn 0.0653 0.6111 0.7889
vn 0.1039 0.9027 0.4175
vn 0.0854 0.9836 0.1588
vn 0.1960 0.9088 0.3682
vn -0.1039 0.9027 0.4175
vn -0.1783 0.7834 0.5954
vn -0.1975 0.8580 0.4742
vn 0.7233 0.1059 0.6824
vn 0.7311 0.1366 0.6685
vn 0.7048 0.0773 0.7052
vn -0.6397 0.1848 0.7461
vn -0.6009 -0.2129 0.7705
vn -0.7048 0.0773 0.7052
vn 0.4886 0.4427 0.7519
vn 0.5523 -0.0145 0.8335
vn 0.4811 0.2038 0.8526
vn -0.4886 0.4427 0.7519
vn -0.4276 0.5993 0.6767
vn -0.2564 0.5819 0.7718
vn 0.9098 -0.4060 0.0856
vn 0.9012 -0.4018 0.1625
vn 0.8318 -0.4746 0.2878
vn -0.7006 -0.4895 0.5191
vn -0.7547 -0.6048 0.2542
vn -0.8318 -0.4746 0.2878
vn 0.7006 -0.4895 0.5191
vn 0.7000 -0.5545 0.4501
vn 0.6424 -0.4190 0.6417
vn -0.8285 -0.3826 0.4090
vn -0.5776 -0.3791 0.7230
vn -0.6424 -0.4190 0.6417
vn 0.5896 -0.4075 0.6974
vn 0.6954 -0.5231 0.4927
vn 0.7147 -0.5233 0.4641
vn -0.4237 -0.2129 0.8804
vn -0.6525 -0.4270 0.6260
vn -0.5896 -0.4075 0.6974
vn 0.9897 -0.1059 0.0967
vn 0.6892 -0.2625 0.6754
vn 0.8635 0.3250 0.3857
vn -0.9552 -0.2947 -0.0268
vn -0.9938 0.0508 -0.0986
vn -0.9897 -0.1059 0.0967
vn 0.9150 -0.3916 -0.0973
vn 0.9464 -0.3231 0.0053
vn -0.9268 -0.3487 -0.1394
vn -0.9150 -0.3916 -0.0973
vn 0.9536 -0.2926 -0.0715
vn -0.9464 -0.3231 0.0053
vn -0.9898 -0.1333 0.0500
vn -0.9536 -0.2926 -0.0715
vn 0.7255 -0.6068 0.3248
vn 0.7334 -0.5987 0.3219
vn 0.7054 -0.6004 0.3769
vn -0.7255 -0.6068 0.3248
vn -0.7102 -0.5323 0.4608
vn -0.6855 -0.6222 0.3781
vn 0.7173 -0.6409 0.2734
vn 0.7398 -0.5948 0.3146
vn 0.7503 -0.6038 0.2692
vn -0.7000 -0.5545 0.4501
vn -0.7492 -0.6023 0.2755
vn -0.7503 -0.6038 0.2692
vn 0.7143 -0.6623 0.2261
vn 0.7266 -0.6483 0.2276
vn 0.6816 -0.6648 0.3059
vn -0.7143 -0.6623 0.2261
vn -0.6896 -0.6099 0.3905
vn -0.7173 -0.6409 0.2734
vn 0.3359 0.9390 0.0734
vn 0.3466 0.9214 0.1759
vn 0.3338 0.9301 0.1531
vn -0.3084 0.9386 0.1549
vn -0.3889 0.9045 0.1749
vn -0.3338 0.9301 0.1531
vn 0.8974 0.2416 0.3692
vn 0.8735 0.3368 0.3515
vn 0.8866 0.3218 0.3322
vn -0.9064 0.3008 0.2964
vn -0.8894 0.3816 0.2516
vn -0.8866 0.3218 0.3322
vn 0.7723 -0.5921 0.2303
vn 0.7512 -0.6457 0.1369
vn 0.7456 -0.6322 0.2108
vn -0.7723 -0.5921 0.2303
vn -0.7903 -0.5288 0.3096
vn -0.7551 -0.5940 0.2774
vn -0.0146 0.9880 0.1540
vn 0.0433 0.9628 0.2669
vn -0.0750 0.9824 0.1709
vn 0.0146 0.9880 0.1540
vn -0.0854 0.9836 0.1588
vn 0.0053 0.9970 0.0777
vn 0.6355 -0.6389 0.4336
vn 0.6724 -0.6005 0.4329
vn 0.6316 -0.6024 0.4882
vn -0.6355 -0.6389 0.4336
vn -0.5423 -0.6570 0.5236
vn -0.4946 -0.7241 0.4806
vn 0.3089 -0.7846 0.5375
vn 0.4445 -0.7174 0.5364
vn 0.3279 -0.7064 0.6273
vn -0.3089 -0.7846 0.5375
vn -0.2893 -0.7608 0.5809
vn -0.2782 -0.7882 0.5490
vn -0.8286 -0.5483 0.1132
vn -0.6510 -0.6321 0.4202
vn -0.8233 -0.5113 0.2464
vn 0.8286 -0.5483 0.1132
vn 0.8960 -0.4003 -0.1921
vn 0.9013 -0.4331 0.0132
vn -0.9275 0.2864 -0.2403
vn -0.9689 0.2104 -0.1303
vn -0.9463 0.3117 -0.0862
vn 0.8811 0.2533 -0.3994
vn 0.8602 0.4555 -0.2294
vn 0.9275 0.2864 -0.2403
vn -0.4721 0.8487 0.2382
vn -0.4100 0.8669 0.2835
vn -0.4933 0.8671 0.0696
vn 0.5497 0.8242 -0.1362
vn 0.1842 0.9611 0.2056
vn 0.4933 0.8671 0.0696
vn -0.1842 0.9611 0.2056
vn 0.1354 0.9368 0.3226
vn 0.0503 0.9715 0.2315
vn -0.0078 0.9874 0.1581
vn -0.0114 0.9766 0.2146
vn -0.0503 0.9715 0.2315
vn 0.1634 0.0680 0.9842
vn 0.3357 0.1852 0.9236
vn 0.2228 0.0888 0.9708
vn -0.1825 0.0715 0.9806
vn -0.1461 0.0430 0.9883
vn -0.1634 0.0680 0.9842
vn 0.3394 0.0432 0.9397
vn 0.4442 -0.0796 0.8924
vn 0.3715 -0.0178 0.9283
vn -0.2228 0.0888 0.9708
vn -0.3001 0.0054 0.9539
vn -0.3394 0.0432 0.9397
vn 0.4030 -0.1070 0.9089
vn 0.2830 -0.0146 0.9590
vn 0.3462 -0.0125 0.9381
vn -0.3462 -0.0125 0.9381
vn -0.3587 -0.0113 0.9334
vn -0.3616 0.0020 0.9323
vn 0.3327 -0.1803 0.9256
vn 0.3877 0.1574 0.9082
vn 0.2499 0.0136 0.9682
vn -0.2830 -0.0146 0.9590
vn -0.2569 0.1612 0.9529
vn -0.2499 0.0136 0.9682
vn 0.3795 0.2310 0.8959
vn 0.3258 0.0400 0.9446
vn 0.2569 0.1612 0.9529
vn -0.3795 0.2310 0.8959
vn -0.3588 0.4071 0.8400
vn -0.3113 0.4434 0.8405
vn 0.3616 0.0020 0.9323
vn 0.4464 0.0391 0.8940
vn 0.4189 -0.0515 0.9066
vn -0.3596 -0.0817 0.9295
vn -0.4367 -0.0845 0.8956
vn -0.4189 -0.0515 0.9066
vn 0.2672 -0.0701 0.9611
vn 0.1985 0.0142 0.9800
vn 0.3001 0.0054 0.9539
vn -0.2831 -0.1658 0.9447
vn -0.2672 -0.0701 0.9611
vn 0.1213 -0.0060 0.9926
vn 0.1943 -0.1143 0.9743
vn 0.1202 -0.0592 0.9910
vn -0.1213 -0.0060 0.9926
vn -0.1309 0.1008 0.9863
vn -0.0801 0.0287 0.9964
vn -0.2332 0.6267 0.7435
vn -0.0287 0.3498 0.9364
vn -0.2215 0.6138 0.7577
vn 0.3129 0.7062 0.6351
vn 0.3655 0.6231 0.6915
vn 0.2215 0.6138 0.7577
vn 0.5622 0.0934 0.8217
vn 0.5745 0.2359 0.7838
vn -0.5622 0.0934 0.8217
vn -0.5371 -0.0718 0.8405
vn -0.6063 0.1215 0.7859
vn 0.5289 -0.0895 0.8439
vn 0.4521 -0.1649 0.8766
vn -0.4492 -0.1949 0.8719
vn -0.4537 -0.1610 0.8765
vn -0.4521 -0.1649 0.8766
vn 0.4492 -0.1949 0.8719
vn 0.5051 -0.1907 0.8417
vn -0.5442 0.0229 0.8386
vn -0.5275 -0.1308 0.8394
vn -0.5051 -0.1907 0.8417
vn 0.5081 0.2467 0.8252
vn 0.4326 -0.0818 0.8979
vn 0.5442 0.0229 0.8386
vn -0.5081 0.2467 0.8252
vn -0.4618 0.3309 0.8230
vn -0.5059 0.2431 0.8277
vn 0.3588 0.4071 0.8400
vn 0.3113 0.4434 0.8405
vn 0.3532 0.4705 0.8086
vn -0.4216 0.3912 0.8181
vn -0.3532 0.4705 0.8086
vn 0.0055 -0.9720 -0.2350
vn -0.1837 -0.8795 -0.4391
vn -0.1213 -0.8883 -0.4429
vn -0.0055 -0.9720 -0.2350
vn -0.2907 -0.9565 -0.0244
vn -0.3885 -0.9214 -0.0089
vn 0.3402 -0.8299 -0.4421
vn 0.1576 -0.8653 -0.4758
vn 0.3897 -0.8182 -0.4227
vn -0.5690 -0.8167 0.0963
vn -0.6005 -0.7725 0.2066
vn -0.5929 -0.7697 0.2368
vn 0.9560 -0.2576 0.1407
vn 0.9436 -0.3287 -0.0401
vn 0.9743 -0.2183 -0.0561
vn -0.8997 -0.2481 0.3592
vn -0.9475 -0.1999 0.2496
vn -0.9560 -0.2576 0.1407
vn 0.8675 0.4973 -0.0105
vn 0.8305 0.4749 -0.2910
vn 0.8370 0.5310 -0.1322
vn -0.8262 0.5602 0.0602
vn -0.7682 0.6289 -0.1202
vn -0.8370 0.5310 -0.1322
vn -0.1714 0.8569 -0.4861
vn -0.2584 0.7665 -0.5880
vn -0.2273 0.8908 -0.3935
vn 0.1997 0.9607 -0.1925
vn 0.3841 0.8594 -0.3375
vn 0.2273 0.8908 -0.3935
vn -0.3841 0.8594 -0.3375
vn -0.5132 0.7345 -0.4441
vn -0.4954 0.8299 -0.2566
vn 0.4642 0.8837 -0.0601
vn 0.6192 0.7737 -0.1343
vn 0.4954 0.8299 -0.2566
vn -0.4863 -0.0601 -0.8717
vn -0.4757 -0.0274 -0.8792
vn -0.4873 -0.0142 -0.8731
vn 0.3668 -0.0113 -0.9302
vn 0.4927 0.0288 -0.8697
vn 0.4873 -0.0142 -0.8731
vn -0.1937 -0.0195 -0.9809
vn -0.0488 -0.0592 -0.9970
vn -0.1726 -0.0541 -0.9835
vn 0.1937 -0.0195 -0.9809
vn 0.3823 0.0256 -0.9237
vn -0.1195 -0.0138 -0.9927
vn 0.3058 0.0462 -0.9510
vn 0.0918 -0.0073 -0.9957
vn 0.0488 -0.0592 -0.9970
vn -0.3296 -0.0135 -0.9440
vn -0.0918 -0.0073 -0.9957
vn -0.6418 0.7669 0.0021
vn -0.6192 0.7737 -0.1343
vn -0.6533 0.7472 -0.1220
vn 0.5532 0.8170 -0.1627
vn 0.4443 0.8629 -0.2408
vn 0.6533 0.7472 -0.1220
vn 0.3641 -0.1634 -0.9169
vn 0.3484 -0.2198 -0.9112
vn 0.4569 -0.2173 -0.8626
vn -0.4569 -0.2173 -0.8626
vn -0.7134 -0.0832 -0.6958
vn -0.1710 -0.9181 -0.3576
vn -0.0825 -0.9713 -0.2230
vn 0.1710 -0.9181 -0.3576
vn -0.2819 -0.9512 -0.1260
vn 0.1255 -0.9732 -0.1929
vn 0.0825 -0.9713 -0.2230
vn 0.0221 -0.9977 -0.0638
vn 0.1837 -0.8795 -0.4391
vn 0.1616 -0.8539 -0.4948
vn -0.1255 -0.9732 -0.1929
vn -0.0221 -0.9977 -0.0638
vn 0.2819 -0.9512 -0.1260
vn 0.0824 -0.9064 -0.4142
vn -0.1616 -0.8539 -0.4948
vn -0.4747 -0.3255 -0.8177
vn -0.3484 -0.2198 -0.9112
vn -0.3641 -0.1634 -0.9169
vn -0.2758 -0.1843 -0.9434
vn -0.4556 -0.1249 -0.8814
vn 0.4747 -0.3255 -0.8177
vn 0.5578 -0.2922 -0.7768
vn 0.7134 -0.0832 -0.6958
vn 0.4556 -0.1249 -0.8814
vn 0.6146 0.7316 -0.2950
vn 0.6418 0.7669 0.0021
vn 0.6048 0.7958 0.0284
vn -0.6146 0.7316 -0.2950
vn -0.4443 0.8629 -0.2408
vn -0.5532 0.8170 -0.1627
vn -0.3329 0.9106 -0.2449
vn -0.3058 0.0462 -0.9510
vn 0.1195 -0.0138 -0.9927
vn -0.4431 0.0353 -0.8958
vn 0.3296 -0.0135 -0.9440
vn 0.4431 0.0353 -0.8958
vn 0.1726 -0.0541 -0.9835
vn 0.3828 -0.0511 -0.9224
vn 0.2494 -0.0010 -0.9684
vn -0.3668 -0.0113 -0.9302
vn -0.3828 -0.0511 -0.9224
vn -0.3823 0.0256 -0.9237
vn -0.2494 -0.0010 -0.9684
vn 0.4805 0.0262 -0.8766
vn 0.4757 -0.0274 -0.8792
vn 0.4863 -0.0601 -0.8717
vn 0.4802 -0.0654 -0.8747
vn -0.4805 0.0262 -0.8766
vn -0.4927 0.0288 -0.8697
vn 0.5132 0.7345 -0.4441
vn 0.4035 0.7522 -0.5209
vn 0.3676 0.9196 -0.1382
vn -0.4642 0.8837 -0.0601
vn -0.6048 0.7958 0.0284
vn -0.3676 0.9196 -0.1382
vn 0.2584 0.7665 -0.5880
vn 0.1714 0.8569 -0.4861
vn 0.1921 0.7515 -0.6311
vn 0.1042 0.9706 -0.2169
vn -0.4035 0.7522 -0.5209
vn -0.1997 0.9607 -0.1925
vn -0.1042 0.9706 -0.2169
vn -0.7392 0.5714 -0.3565
vn -0.8305 0.4749 -0.2910
vn -0.8675 0.4973 -0.0105
vn -0.8149 0.5716 -0.0961
vn -0.8765 0.4472 0.1781
vn 0.7392 0.5714 -0.3565
vn 0.7682 0.6289 -0.1202
vn 0.8262 0.5602 0.0602
vn 0.7779 0.6283 -0.0080
vn 0.8765 0.4472 0.1781
vn -0.9743 -0.2183 -0.0561
vn -0.9491 -0.2655 0.1694
vn -0.9436 -0.3287 -0.0401
vn -0.9226 -0.3324 0.1955
vn 0.9475 -0.1999 0.2496
vn 0.9491 -0.2655 0.1694
vn 0.8997 -0.2481 0.3592
vn 0.9199 -0.1756 0.3505
vn 0.9226 -0.3324 0.1955
vn -0.3897 -0.8182 -0.4227
vn -0.4448 -0.8115 -0.3790
vn -0.4443 -0.8161 -0.3696
vn -0.1576 -0.8653 -0.4758
vn -0.3402 -0.8299 -0.4421
vn -0.5340 -0.8434 0.0601
vn 0.4448 -0.8115 -0.3790
vn 0.4443 -0.8161 -0.3696
vn 0.6005 -0.7725 0.2066
vn 0.5690 -0.8167 0.0963
vn 0.5929 -0.7697 0.2368
vn 0.5340 -0.8434 0.0601
vn 0.3885 -0.9214 -0.0089
vn 0.1213 -0.8883 -0.4429
vn -0.0291 -0.8796 -0.4747
vn -0.1147 -0.9928 -0.0359
vn 0.0291 -0.8796 -0.4747
vn 0.2907 -0.9565 -0.0244
vn 0.1147 -0.9928 -0.0359
vn -0.3152 0.3359 0.8876
vn 0.4216 0.3912 0.8181
vn 0.4618 0.3309 0.8230
vn 0.3152 0.3359 0.8876
vn -0.5435 0.0625 0.8371
vn -0.4326 -0.0818 0.8979
vn -0.3877 0.1574 0.9082
vn 0.5059 0.2431 0.8277
vn 0.5435 0.0625 0.8371
vn -0.4709 -0.1643 0.8668
vn -0.3327 -0.1803 0.9256
vn -0.3430 -0.1512 0.9271
vn 0.4709 -0.1643 0.8668
vn 0.5275 -0.1308 0.8394
vn -0.5289 -0.0895 0.8439
vn -0.4030 -0.1070 0.9089
vn -0.4442 -0.0796 0.8924
vn 0.5371 -0.0718 0.8405
vn 0.4537 -0.1610 0.8765
vn 0.3430 -0.1512 0.9271
vn -0.5745 0.2359 0.7838
vn -0.6028 0.2589 0.7547
vn -0.3357 0.1852 0.9236
vn -0.4423 0.0589 0.8949
vn 0.6063 0.1215 0.7859
vn 0.6028 0.2589 0.7547
vn 0.4423 0.0589 0.8949
vn 0.0719 0.2859 0.9556
vn 0.0287 0.3498 0.9364
vn 0.2332 0.6267 0.7435
vn 0.2140 0.6013 0.7698
vn 0.2460 0.7014 0.6689
vn -0.0719 0.2859 0.9556
vn -0.3655 0.6231 0.6915
vn -0.3129 0.7062 0.6351
vn -0.4409 0.6443 0.6248
vn -0.2460 0.7014 0.6689
vn -0.1202 -0.0592 0.9910
vn -0.0475 -0.0080 0.9988
vn -0.1943 -0.1143 0.9743
vn -0.1724 -0.0450 0.9840
vn 0.0801 0.0287 0.9964
vn 0.0475 -0.0080 0.9988
vn 0.1309 0.1008 0.9863
vn 0.1461 0.0430 0.9883
vn 0.1724 -0.0450 0.9840
vn -0.1985 0.0142 0.9800
vn 0.3596 -0.0817 0.9295
vn 0.3587 -0.0113 0.9334
vn 0.2831 -0.1658 0.9447
vn 0.3625 -0.1536 0.9192
vn -0.4922 -0.0005 0.8705
vn -0.4464 0.0391 0.8940
vn -0.3258 0.0400 0.9446
vn 0.4922 -0.0005 0.8705
vn 0.4367 -0.0845 0.8956
vn -0.4655 0.2139 0.8588
vn 0.4655 0.2139 0.8588
vn -0.3715 -0.0178 0.9283
vn 0.1825 0.0715 0.9806
vn -0.0433 0.9628 0.2669
vn -0.1354 0.9368 0.3226
vn 0.1688 0.9210 0.3510
vn 0.2149 0.9749 0.0585
vn 0.0114 0.9766 0.2146
vn 0.0078 0.9874 0.1581
vn -0.2149 0.9749 0.0585
vn 0.4100 0.8669 0.2835
vn 0.4721 0.8487 0.2382
vn 0.4731 0.8491 0.2349
vn 0.7448 0.5655 -0.3542
vn -0.1688 0.9210 0.3510
vn -0.5497 0.8242 -0.1362
vn -0.7448 0.5655 -0.3542
vn 0.9182 0.3858 0.0894
vn 0.9463 0.3117 -0.0862
vn 0.9689 0.2104 -0.1303
vn 0.9380 0.2041 -0.2801
vn -0.9182 0.3858 0.0894
vn -0.8602 0.4555 -0.2294
vn -0.8811 0.2533 -0.3994
vn -0.9380 0.2041 -0.2801
vn 0.8233 -0.5113 0.2464
vn 0.8872 -0.4421 0.1317
vn 0.6510 -0.6321 0.4202
vn 0.7461 -0.6376 0.1919
vn 0.8250 -0.5646 -0.0235
vn -0.9013 -0.4331 0.0132
vn -0.8872 -0.4421 0.1317
vn -0.8960 -0.4003 -0.1921
vn -0.8250 -0.5646 -0.0235
vn -0.7461 -0.6376 0.1919
vn -0.3279 -0.7064 0.6273
vn -0.3006 -0.7604 0.5757
vn -0.4445 -0.7174 0.5364
vn -0.3667 -0.7270 0.5806
vn 0.2782 -0.7882 0.5490
vn 0.3006 -0.7604 0.5757
vn 0.2893 -0.7608 0.5809
vn 0.4946 -0.7241 0.4806
vn -0.6316 -0.6024 0.4882
vn -0.6724 -0.6005 0.4329
vn -0.6661 -0.5779 0.4716
vn 0.5423 -0.6570 0.5236
vn 0.6855 -0.6222 0.3781
vn 0.0750 0.9824 0.1709
vn 0.0480 0.9980 0.0414
vn -0.0026 0.9698 0.2440
vn -0.0053 0.9970 0.0777
vn -0.0480 0.9980 0.0414
vn 0.0026 0.9698 0.2440
vn -0.7456 -0.6322 0.2108
vn -0.7609 -0.6080 0.2266
vn -0.7512 -0.6457 0.1369
vn -0.8139 -0.5534 0.1768
vn -0.8404 -0.4857 0.2405
vn 0.7551 -0.5940 0.2774
vn 0.7609 -0.6080 0.2266
vn 0.7903 -0.5288 0.3096
vn 0.8404 -0.4857 0.2405
vn 0.8139 -0.5534 0.1768
vn -0.8547 0.4226 0.3015
vn -0.8735 0.3368 0.3515
vn -0.8974 0.2416 0.3692
vn -0.8864 0.2575 0.3847
vn -0.9071 0.2240 0.3563
vn 0.8547 0.4226 0.3015
vn 0.8894 0.3816 0.2516
vn 0.9064 0.3008 0.2964
vn 0.9337 0.3145 0.1709
vn 0.9071 0.2240 0.3563
vn -0.3839 0.9032 0.1919
vn -0.3466 0.9214 0.1759
vn -0.3359 0.9390 0.0734
vn -0.3881 0.9169 0.0927
vn -0.2669 0.9626 0.0469
vn 0.3839 0.9032 0.1919
vn 0.3889 0.9045 0.1749
vn 0.3084 0.9386 0.1549
vn 0.3591 0.9131 0.1933
vn 0.2669 0.9626 0.0469
vn -0.6816 -0.6648 0.3059
vn -0.7051 -0.6299 0.3257
vn -0.7266 -0.6483 0.2276
vn -0.7558 -0.6370 0.1515
vn 0.7051 -0.6299 0.3257
vn 0.6896 -0.6099 0.3905
vn 0.7547 -0.6048 0.2542
vn 0.7558 -0.6370 0.1515
vn -0.7334 -0.5987 0.3219
vn -0.7398 -0.5948 0.3146
vn 0.7492 -0.6023 0.2755
vn -0.7054 -0.6004 0.3769
vn -0.7147 -0.5233 0.4641
vn -0.9046 -0.4250 0.0334
vn -0.9010 -0.4120 -0.1361
vn -0.9941 -0.0500 0.0968
vn 0.9898 -0.1333 0.0500
vn 0.9941 -0.0500 0.0968
vn -0.8658 -0.4345 0.2480
vn -0.9098 -0.4060 0.0856
vn 0.8658 -0.4345 0.2480
vn 0.9552 -0.2947 -0.0268
vn 0.9971 -0.0601 -0.0476
vn -0.9841 0.1526 -0.0906
vn -0.8635 0.3250 0.3857
vn -0.6892 -0.2625 0.6754
vn 0.9841 0.1526 -0.0906
vn 0.9938 0.0508 -0.0986
vn 0.8285 -0.3826 0.4090
vn -0.6954 -0.5231 0.4927
vn 0.6525 -0.4270 0.6260
vn 0.4237 -0.2129 0.8804
vn 0.6144 -0.4317 0.6604
vn 0.5776 -0.3791 0.7230
vn -0.8167 -0.5585 0.1455
vn -0.9012 -0.4018 0.1625
vn 0.8167 -0.5585 0.1455
vn -0.3840 0.4010 0.8317
vn -0.4811 0.2038 0.8526
vn -0.5523 -0.0145 0.8335
vn -0.5872 0.5097 0.6288
vn 0.3840 0.4010 0.8317
vn 0.2564 0.5819 0.7718
vn 0.4276 0.5993 0.6767
vn 0.5872 0.5097 0.6288
vn 0.6397 0.1848 0.7461
vn -0.6783 -0.1044 0.7273
vn -0.7311 0.1366 0.6685
vn -0.7233 0.1059 0.6824
vn -0.7084 0.0250 0.7054
vn -0.7033 0.2607 0.6613
vn 0.6783 -0.1044 0.7273
vn 0.6009 -0.2129 0.7705
vn 0.7033 0.2607 0.6613
vn -0.1960 0.9088 0.3682
vn -0.3045 0.8471 0.4356
vn -0.2652 0.7453 0.6117
vn 0.1975 0.8580 0.4742
vn 0.3045 0.8471 0.4356
vn 0.1783 0.7834 0.5954
vn 0.0832 0.5897 0.8034
vn 0.0452 0.6079 0.7928
vn -0.2829 0.2115 0.9355
vn -0.3010 0.2331 0.9247
vn -0.3127 -0.0417 0.9489
vn -0.0653 0.6111 0.7889
vn -0.0832 0.5897 0.8034
vn -0.0452 0.6079 0.7928
vn 0.2112 0.3237 0.9223
vn 0.3127 -0.0417 0.9489
vn -0.9065 -0.4147 0.0797
vn 0.9938 -0.1064 0.0326
vn 0.9838 -0.1340 0.1193
vn 0.8388 -0.5407 -0.0637
vn 0.0530 0.3204 0.9458
vn 0.0551 0.2755 0.9597
vn 0.0628 0.0829 0.9946
vn 0.0467 0.2436 0.9688
vn 0.0987 -0.2408 0.9655
vn -0.0530 0.3204 0.9458
vn -0.0883 0.0060 0.9961
vn -0.1171 -0.1664 0.9791
vn -0.0964 -0.1317 0.9866
vn -0.0987 -0.2408 0.9655
vn -0.6711 -0.7407 0.0330
vn -0.6786 -0.6767 0.2857
vn 0.5472 -0.8355 0.0504
vn -0.6695 -0.4136 0.6170
vn 0.5781 -0.5223 0.6269
vn 0.5908 -0.4838 0.6457
vn 0.6695 -0.4136 0.6170
vn -0.4153 -0.5053 0.7564
vn -0.3925 -0.5456 0.7405
vn 0.4153 -0.5053 0.7564
vn 0.4588 -0.5195 0.7209
vn 0.5685 -0.1520 0.8085
vn 0.6024 -0.3762 0.7040
vn 0.6741 -0.3306 0.6605
vn 0.4366 -0.4732 0.7651
vn -0.5685 -0.1520 0.8085
vn -0.3496 -0.3472 0.8702
vn -0.3294 -0.4069 0.8520
vn -0.2860 -0.3784 0.8804
vn -0.4366 -0.4732 0.7651
vn 0.6671 0.2912 0.6856
vn 0.7515 0.3252 0.5740
vn 0.8747 0.2887 0.3893
vn 0.8314 0.3575 0.4253
vn 0.9104 0.1828 0.3713
vn -0.6671 0.2912 0.6856
vn -0.7072 0.1931 0.6801
vn -0.9104 0.1828 0.3713
vn 0.1314 0.8099 0.5717
vn 0.0936 0.7835 0.6143
vn 0.2391 0.8674 0.4363
vn 0.3542 0.8353 0.4205
vn 0.3561 0.8003 0.4824
vn -0.1623 0.7827 0.6009
vn -0.0936 0.7835 0.6143
vn -0.2799 0.7614 0.5848
vn -0.3561 0.8003 0.4824
vn -0.3542 0.8353 0.4205
vn -0.1705 0.8773 0.4486
vn -0.3366 0.7615 0.5539
vn -0.3165 0.7888 0.5270
vn 0.4673 0.5710 0.6750
vn 0.3878 0.6873 0.6143
vn 0.3165 0.7888 0.5270
vn 0.3366 0.7615 0.5539
vn -0.5319 -0.5065 0.6786
vn -0.5005 -0.5925 0.6312
vn -0.5814 -0.2903 0.7601
vn -0.6172 -0.2041 0.7598
vn 0.5534 -0.5319 0.6410
vn 0.5005 -0.5925 0.6312
vn 0.5891 -0.4287 0.6850
vn 0.6172 -0.2041 0.7598
vn -0.5891 -0.4287 0.6850
vn -0.5701 -0.0817 0.8175
vn -0.2783 0.0873 0.9565
vn -0.4495 0.0781 0.8899
vn 0.5375 -0.2557 0.8036
vn 0.4243 -0.1173 0.8979
vn 0.2783 0.0873 0.9565
vn -0.4243 -0.1173 0.8979
vn -0.1754 -0.0300 0.9840
vn -0.1503 -0.0354 0.9880
vn 0.3670 -0.0990 0.9249
vn 0.3298 0.0244 0.9437
vn 0.1503 -0.0354 0.9880
vn -0.3298 0.0244 0.9437
vn -0.2154 0.0126 0.9765
vn -0.3835 0.0219 0.9233
vn 0.3914 0.1933 0.8997
vn 0.4268 0.3139 0.8481
vn -0.4268 0.3139 0.8481
vn -0.4848 0.0479 0.8733
vn 0.3831 0.4483 0.8076
vn 0.2725 0.5927 0.7579
vn 0.3572 0.3994 0.8444
vn 0.4848 0.0479 0.8733
vn -0.4603 0.2128 0.8619
vn -0.4925 0.1295 0.8606
vn -0.4435 0.2368 0.8644
vn 0.4925 0.1295 0.8606
vn 0.1274 0.6562 0.7438
vn 0.1036 0.6590 0.7450
vn -0.5272 -0.3944 -0.7527
vn -0.4318 -0.3209 -0.8429
vn -0.5494 -0.5388 -0.6386
vn 0.4942 -0.6650 -0.5599
vn 0.5494 -0.5388 -0.6386
vn -0.5663 -0.8090 -0.1573
vn -0.5406 -0.7476 -0.3858
vn 0.6504 -0.7467 -0.1393
vn 0.4879 -0.8467 -0.2123
vn -0.0881 -0.8516 -0.5167
vn -0.4138 -0.6113 -0.6746
vn 0.0881 -0.8516 -0.5167
vn -0.5379 -0.3057 -0.7856
vn -0.6081 -0.0321 -0.7932
vn 0.4143 -0.1697 -0.8942
vn 0.5525 0.0782 -0.8298
vn 0.3923 -0.0705 -0.9171
vn 0.6081 -0.0321 -0.7932
vn 0.6626 -0.0681 -0.7459
vn -0.3889 -0.6483 0.6546
vn -0.2900 -0.4869 0.8239
vn 0.3420 -0.4663 0.8158
vn 0.3701 -0.4081 0.8345
vn 0.2900 -0.4869 0.8239
vn -0.8032 -0.5774 0.1466
vn -0.9448 -0.3110 0.1031
vn -0.6096 -0.7927 -0.0054
vn 0.7090 -0.6930 0.1305
vn -0.6263 -0.5889 0.5108
vn 0.5302 -0.8255 0.1933
vn 0.6263 -0.5889 0.5108
vn -0.6964 -0.7023 0.1479
vn -0.4801 -0.8771 -0.0145
vn 0.6464 -0.7209 0.2500
vn -0.5497 -0.8337 0.0533
vn -0.4879 -0.8467 -0.2123
vn 0.5133 -0.8569 -0.0477
vn -0.9827 0.1569 -0.0984
vn -0.9893 0.1202 -0.0825
vn -0.9827 0.1821 -0.0328
vn -0.9905 0.0588 -0.1240
vn 0.9683 0.0678 -0.2404
vn 0.8778 0.0985 -0.4688
vn 0.9905 0.0588 -0.1240
vn -0.9718 0.2326 0.0396
vn -0.9562 0.1941 0.2190
vn 0.9786 0.1622 0.1269
vn -0.9316 0.1546 0.3290
vn -0.9363 0.3415 0.0819
vn 0.9363 0.3415 0.0819
vn 0.9345 0.2940 -0.2009
vn 0.8956 0.1765 -0.4084
vn 0.9293 -0.3580 -0.0912
vn 0.1416 0.3779 0.9149
vn 0.2260 0.4352 0.8715
vn -0.0079 0.5756 0.8177
vn -0.2260 0.4352 0.8715
vn -0.2347 0.9597 0.1547
vn 0.0229 0.9959 0.0878
vn 0.0386 0.7924 0.6087
vn -0.0229 0.9959 0.0878
vn 0.1296 0.9894 -0.0650
vn 0.1417 0.2104 -0.9673
vn 0.1593 0.2290 -0.9603
vn 0.1355 0.1969 -0.9710
vn 0.2397 0.1746 -0.9550
vn 0.1922 0.1983 -0.9611
vn -0.1921 0.1968 -0.9614
vn -0.1593 0.2290 -0.9603
vn -0.2404 0.1879 -0.9523
vn -0.2337 0.2074 -0.9499
vn -0.2397 0.1746 -0.9550
vn -0.0000 0.8340 0.5517
vn -0.4588 0.5375 0.7076
vn -0.4436 0.5278 0.7244
vn 0.4436 0.5278 0.7244
vn -0.4105 0.9107 0.0466
vn -0.4420 0.8960 0.0423
vn 0.2163 0.8949 -0.3903
vn 0.3595 0.9116 -0.1992
vn -0.6361 0.4829 0.6018
vn 0.6988 0.5970 0.3941
vn 0.4343 0.7245 0.5352
vn 0.6361 0.4829 0.6018
vn -0.4083 0.8792 0.2457
vn 0.6350 0.7724 -0.0091
vn 0.3830 0.9232 0.0315
vn -0.6698 0.6767 -0.3059
vn -0.3609 0.9083 -0.2117
vn 0.5046 0.6776 -0.5351
vn 0.6698 0.6767 -0.3059
vn 0.3609 0.9083 -0.2117
vn -0.5814 0.3003 -0.7561
vn -0.4705 0.4326 -0.7691
vn -0.4013 0.5324 -0.7453
vn 0.4013 0.5324 -0.7453
vn -0.6967 0.2291 -0.6798
vn -0.6459 0.2910 -0.7058
vn 0.6967 0.2291 -0.6798
vn -0.7198 0.6296 -0.2924
vn -0.7567 0.5989 -0.2621
vn -0.7695 0.6089 -0.1927
vn -0.7037 0.7098 -0.0313
vn 0.7695 0.6089 -0.1927
vn -0.7412 0.6711 -0.0162
vn -0.6935 0.7005 0.1681
vn -0.5522 0.7107 0.4360
vn 0.6935 0.7005 0.1681
vn -0.5695 0.6815 0.4596
vn -0.4516 0.6658 0.5940
vn -0.3508 0.7051 0.6162
vn 0.3508 0.7051 0.6162
vn 0.4516 0.6658 0.5940
vn -0.4803 0.8770 0.0125
vn -0.5559 0.8308 -0.0254
vn -0.5443 0.8294 -0.1263
vn -0.4219 0.8742 -0.2405
vn 0.4420 0.8960 0.0423
vn 0.5443 0.8294 -0.1263
vn -0.3446 0.5360 -0.7707
vn -0.2941 0.5602 -0.7744
vn -0.2792 0.6454 -0.7109
vn 0.2941 0.5602 -0.7744
vn 0.2792 0.6454 -0.7109
vn -0.1583 0.9489 -0.2730
vn -0.0000 0.9663 -0.2575
vn -0.1257 0.9919 0.0201
vn -0.2941 -0.2549 -0.9212
vn -0.3923 -0.0705 -0.9171
vn 0.2941 -0.2549 -0.9212
vn 0.2671 -0.0339 -0.9631
vn 0.2951 -0.0007 -0.9555
vn 0.2482 0.0330 -0.9681
vn -0.7375 -0.6750 -0.0212
vn -0.8224 -0.5649 0.0678
vn -0.8410 -0.4990 -0.2092
vn 0.9371 0.1518 -0.3143
vn 0.8410 -0.4990 -0.2092
vn 0.8944 -0.2551 -0.3675
vn -0.2699 -0.8058 -0.5270
vn -0.0000 -0.9410 -0.3383
vn -0.3526 -0.8366 -0.4194
vn -0.3934 -0.8960 -0.2062
vn -0.3177 -0.9368 -0.1469
vn 0.3934 -0.8960 -0.2062
vn -0.0000 -0.9454 -0.3261
vn -0.0000 -0.7057 -0.7086
vn 0.2845 -0.4787 -0.8306
vn -0.3032 -0.9072 -0.2916
vn -0.3280 -0.9001 -0.2866
vn -0.2581 -0.9368 -0.2361
vn -0.2550 -0.9362 -0.2418
vn 0.3032 -0.9072 -0.2916
vn 0.2403 -0.9583 -0.1545
vn 0.2514 -0.9584 -0.1348
vn 0.2383 -0.9705 -0.0370
vn 0.2581 -0.9368 -0.2361
vn -0.9421 -0.0737 0.3273
vn -0.9109 -0.1281 0.3922
vn -0.9834 0.0385 0.1776
vn -0.9320 0.3307 0.1485
vn -0.9622 0.2605 0.0799
vn 0.9421 -0.0737 0.3273
vn 0.9823 -0.1806 0.0494
vn 0.9709 0.1409 0.1937
vn 0.9685 -0.0862 0.2337
vn 0.9320 0.3307 0.1485
vn -0.9248 0.3547 0.1379
vn 0.9248 0.3547 0.1379
vn 0.9326 0.3298 -0.1469
vn 0.9358 0.2227 -0.2735
vn 0.9515 0.2092 -0.2254
vn -0.9918 0.1253 -0.0246
vn 0.9335 0.3306 0.1385
vn 0.9918 0.1253 -0.0246
vn -0.7262 0.0552 -0.6852
vn -0.9520 0.1481 -0.2678
vn 0.9520 0.1481 -0.2678
vn 0.9272 0.1528 -0.3420
vn -0.4681 -0.5632 -0.6809
vn -0.4460 -0.1853 -0.8756
vn -0.3195 -0.2965 -0.9000
vn -0.1567 -0.1635 -0.9740
vn -0.0532 -0.3553 -0.9332
vn 0.0718 -0.3347 -0.9396
vn 0.0297 -0.4481 -0.8935
vn 0.0277 -0.2300 -0.9728
vn 0.1567 -0.1635 -0.9740
vn 0.1860 -0.0733 -0.9798
vn 0.1811 -0.0303 -0.9830
vn -0.0277 -0.2300 -0.9728
vn 0.0621 -0.0955 -0.9935
vn -0.2110 -0.0628 -0.9755
vn 0.2752 0.0620 -0.9594
vn -0.8976 0.1658 -0.4084
vn -0.8986 0.1514 -0.4118
vn -0.9598 0.1254 -0.2511
vn 0.9538 0.1446 -0.2634
vn 0.9598 0.1254 -0.2511
vn 0.9344 0.0956 -0.3432
vn -0.9098 0.0746 -0.4083
vn -0.9540 -0.0520 -0.2951
vn -0.9401 -0.2615 -0.2187
vn -0.9003 -0.3674 -0.2336
vn 0.9530 -0.0733 -0.2941
vn 0.9003 -0.3674 -0.2336
vn 0.9401 -0.2615 -0.2187
vn -0.1344 -0.9060 -0.4013
vn -0.1595 -0.9078 -0.3879
vn -0.1035 -0.9196 -0.3791
vn -0.1469 -0.9765 -0.1576
vn 0.1895 -0.9246 -0.3305
vn 0.1595 -0.9078 -0.3879
vn 0.2011 -0.9583 -0.2030
vn 0.1469 -0.9765 -0.1576
vn 0.1095 -0.9616 -0.2516
vn -0.1050 -0.9415 -0.3203
vn -0.0000 -0.9895 -0.1447
vn 0.1507 -0.9807 0.1243
vn 0.1055 -0.9807 0.1648
vn -0.0000 -0.3110 -0.9504
vn -0.0297 -0.4481 -0.8935
vn 0.0189 -0.5397 -0.8417
vn -0.0000 -0.5876 -0.8092
vn -0.0000 -0.2312 -0.9729
vn -0.0000 -0.5770 -0.8168
vn -0.4321 -0.8577 -0.2785
vn 0.5330 -0.8119 -0.2381
vn 0.5238 -0.8075 -0.2714
vn 0.4321 -0.8577 -0.2785
vn -0.6314 -0.7181 -0.2927
vn 0.6862 -0.6537 -0.3192
vn 0.6783 -0.6684 -0.3054
vn 0.6314 -0.7181 -0.2927
vn -0.8956 0.1765 -0.4084
vn -0.9355 -0.0251 -0.3525
vn -0.9327 -0.0379 -0.3587
vn 0.9219 0.1437 -0.3597
vn 0.9379 0.0694 -0.3398
vn 0.9428 0.1282 -0.3076
vn 0.9327 -0.0379 -0.3587
vn -0.4757 0.8337 -0.2805
vn -0.4985 0.8214 -0.2771
vn -0.4872 0.8416 -0.2331
vn 0.4027 0.8896 -0.2156
vn 0.3663 0.9073 -0.2066
vn 0.4872 0.8416 -0.2331
vn -0.2163 0.8949 -0.3903
vn -0.3663 0.9073 -0.2066
vn 0.4182 0.8810 -0.2213
vn 0.5365 0.8157 -0.2164
vn -0.5218 0.7505 -0.4055
vn -0.5024 0.7110 -0.4920
vn -0.5365 0.8157 -0.2164
vn 0.5218 0.7505 -0.4055
vn 0.5447 0.7979 -0.2582
vn 0.5738 0.7922 -0.2076
vn 0.5583 0.8043 -0.2037
vn 0.3261 0.8020 -0.5005
vn 0.2171 0.8244 -0.5227
vn 0.1448 0.8912 -0.4299
vn 0.1969 0.8554 -0.4791
vn 0.1172 0.9422 -0.3140
vn -0.3261 0.8020 -0.5005
vn -0.3751 0.8462 -0.3784
vn -0.2718 0.9100 -0.3130
vn -0.3887 0.8702 -0.3027
vn -0.1172 0.9422 -0.3140
vn 0.7880 0.4079 -0.4612
vn 0.7687 0.3851 -0.5107
vn 0.8036 0.3860 -0.4530
vn 0.8330 0.4327 -0.3447
vn 0.8598 0.4206 -0.2896
vn -0.7880 0.4079 -0.4612
vn -0.8038 0.5257 -0.2784
vn -0.8598 0.4206 -0.2896
vn -0.8330 0.4327 -0.3447
vn 0.4486 0.8937 -0.0120
vn 0.4836 0.8700 -0.0962
vn 0.3813 0.8853 -0.2663
vn 0.6267 0.7532 -0.1997
vn -0.4486 0.8937 -0.0120
vn -0.4527 0.8907 -0.0408
vn -0.5144 0.8472 -0.1332
vn -0.6267 0.7532 -0.1997
vn -0.7759 0.1344 0.6164
vn -0.7960 0.0068 0.6052
vn -0.6613 0.3056 0.6851
vn -0.6715 0.1089 0.7329
vn 0.7425 0.0096 0.6698
vn 0.6914 0.0126 0.7223
vn 0.6715 0.1089 0.7329
vn 0.6027 0.3074 0.7364
vn -0.8132 -0.0809 0.5764
vn -0.7581 -0.2394 0.6066
vn -0.6893 -0.0711 0.7210
vn 0.7033 -0.2002 0.6821
vn 0.6521 -0.1650 0.7399
vn 0.6893 -0.0711 0.7210
vn -0.6423 -0.3527 0.6805
vn -0.4553 -0.4130 0.7887
vn 0.4528 -0.3479 0.8209
vn 0.5398 -0.2604 0.8005
vn 0.4333 -0.2819 0.8560
vn -0.5021 0.5190 0.6918
vn -0.3998 0.5866 0.7043
vn -0.3580 0.4371 0.8251
vn 0.5446 0.3055 0.7811
vn 0.3580 0.4371 0.8251
vn 0.4075 0.4255 0.8080
vn -0.3411 0.5881 0.7333
vn -0.1902 0.5332 0.8243
vn -0.2267 0.3376 0.9136
vn 0.3998 0.5866 0.7043
vn 0.3272 0.3792 0.8655
vn 0.2267 0.3376 0.9136
vn 0.0044 0.6225 0.7826
vn 0.1200 0.5532 0.8244
vn 0.1902 0.5332 0.8243
vn 0.1046 0.3756 0.9208
vn 0.1525 0.4363 0.8868
vn 0.1486 0.2317 0.9614
vn -0.0141 0.3253 0.9455
vn -0.1200 0.5532 0.8244
vn 0.0295 0.3773 0.9256
vn 0.0141 0.3253 0.9455
vn -0.0905 0.1851 0.9785
vn 0.3429 0.0679 0.9369
vn 0.3773 -0.1155 0.9189
vn -0.1715 -0.0065 0.9852
vn -0.0567 0.1536 0.9865
vn -0.2860 -0.1240 0.9502
vn 0.3076 -0.3219 0.8954
vn 0.0499 -0.6195 0.7834
vn 0.0348 -0.4990 0.8659
vn -0.2112 -0.1253 0.9694
vn -0.0348 -0.4990 0.8659
vn -0.1689 -0.2626 0.9500
vn 0.0720 -0.8219 0.5651
vn 0.1440 -0.8808 0.4511
vn 0.0531 -0.6591 0.7502
vn -0.0499 -0.6195 0.7834
vn 0.0900 -0.7048 0.7036
vn -0.0531 -0.6591 0.7502
vn 0.1478 -0.6994 0.6993
vn -0.0288 -0.3572 0.9336
vn -0.1023 -0.7589 0.6431
vn -0.1403 -0.4094 0.9015
vn 0.0321 -0.2785 0.9599
vn -0.2380 -0.2750 0.9315
vn -0.2608 -0.3063 0.9155
vn -0.1918 0.1103 0.9752
vn 0.2465 -0.2095 0.9462
vn -0.2915 -0.4444 0.8471
vn -0.1454 0.1076 0.9835
vn 0.0557 0.0972 0.9937
vn 0.1106 0.1832 0.9768
vn 0.0954 0.0753 0.9926
vn 0.1406 0.0884 0.9861
vn -0.0016 0.0496 0.9988
vn -0.1885 0.0915 0.9778
vn 0.1877 0.2320 0.9544
vn 0.2108 0.0977 0.9726
vn 0.1885 0.0915 0.9778
vn -0.2097 0.5997 0.7723
vn -0.3703 0.6688 0.6447
vn -0.2536 0.2911 0.9225
vn 0.3703 0.6688 0.6447
vn 0.3789 0.4576 0.8044
vn 0.2536 0.2911 0.9225
vn -0.5049 0.2233 0.8338
vn -0.4999 0.4963 0.7098
vn 0.5049 0.2233 0.8338
vn 0.4394 0.3162 0.8408
vn 0.4060 0.0757 0.9107
vn -0.5267 -0.0111 0.8500
vn -0.5228 0.0892 0.8478
vn -0.4060 0.0757 0.9107
vn 0.5029 -0.0247 0.8640
vn 0.4468 0.0276 0.8942
vn 0.2972 -0.1106 0.9484
vn -0.5150 -0.1062 0.8506
vn -0.5080 -0.2026 0.8372
vn 0.5154 -0.2180 0.8288
vn 0.4570 -0.1918 0.8685
vn 0.4054 -0.1216 0.9060
vn -0.5634 -0.3573 0.7449
vn -0.5197 -0.5001 0.6926
vn 0.5063 -0.4987 0.7036
vn 0.4334 -0.3772 0.8185
vn 0.4665 -0.2939 0.8343
vn -0.3820 -0.5713 0.7264
vn -0.1513 -0.6226 0.7678
vn 0.1670 -0.6174 0.7687
vn 0.2756 -0.3999 0.8741
vn 0.3734 -0.4429 0.8151
vn 0.0774 -0.7228 0.6867
vn 0.3185 -0.7070 0.6314
vn 0.0066 -0.5938 0.8046
vn -0.3185 -0.7070 0.6314
vn -0.1390 -0.4498 0.8822
vn -0.0066 -0.5938 0.8046
vn 0.4724 -0.3010 0.8284
vn 0.5060 -0.4558 0.7323
vn -0.4014 -0.2902 0.8687
vn -0.1500 -0.1400 0.9787
vn -0.1904 -0.1869 0.9637
vn 0.1296 0.0548 0.9901
vn 0.2014 0.0239 0.9792
vn 0.2179 -0.1741 0.9603
vn 0.0282 0.0108 0.9995
vn -0.1762 -0.0246 0.9841
vn 0.2854 -0.0128 0.9583
vn 0.3636 -0.1012 0.9260
vn 0.1354 -0.1458 0.9800
vn -0.0310 -0.1203 0.9923
vn 0.1038 -0.1574 0.9821
vn 0.4117 -0.2060 0.8878
vn -0.3608 -0.1317 0.9233
vn -0.1867 -0.1852 0.9648
vn 0.0201 -0.2969 0.9547
vn -0.0258 -0.3820 0.9238
vn -0.0248 -0.2158 0.9761
vn -0.0222 -0.2275 0.9735
vn -0.0978 -0.2522 0.9627
vn -0.0175 -0.2060 0.9784
vn -0.0000 -0.2795 0.9601
vn 0.0475 -0.3838 0.9222
vn 0.0175 -0.2060 0.9784
vn -0.1996 -0.9396 0.2780
vn -0.2090 -0.9373 0.2788
vn -0.0000 -0.9609 0.2769
vn -0.0000 -0.9607 0.2777
vn 0.1996 -0.9396 0.2780
vn 0.2047 -0.9573 0.2040
vn 0.2086 -0.9673 0.1442
vn 0.9901 -0.0704 0.1214
vn 0.9987 -0.0416 0.0294
vn 0.9559 -0.2312 0.1809
vn 0.9718 -0.2159 0.0944
vn 0.9947 -0.0905 0.0482
vn -0.9964 0.0372 0.0756
vn -0.9987 -0.0416 0.0294
vn -0.9965 0.0665 0.0508
vn -0.9947 -0.0905 0.0482
vn -0.9718 -0.2159 0.0944
vn 0.4938 0.7805 0.3834
vn 0.6438 0.6989 0.3115
vn 0.7096 0.6741 0.2049
vn 0.7727 0.6220 0.1267
vn 0.7400 0.6521 0.1648
vn -0.4938 0.7805 0.3834
vn -0.4914 0.8317 0.2585
vn -0.7400 0.6521 0.1648
vn -0.7727 0.6220 0.1267
vn -0.0000 0.8811 0.4728
vn 0.1915 0.8618 0.4698
vn -0.1889 0.9342 0.3026
vn -0.0000 0.9506 0.3104
vn 0.1353 0.4932 0.8593
vn -0.0000 0.4647 0.8855
vn -0.0000 0.4472 0.8944
vn 0.3471 0.3923 0.8518
vn 0.1549 0.4986 0.8529
vn 0.0550 -0.1996 0.9783
vn -0.0479 -0.2036 0.9779
vn -0.0550 -0.1996 0.9783
vn -0.0872 -0.2166 0.9724
vn 0.4804 0.1249 0.8681
vn 0.3979 0.3333 0.8547
vn 0.4898 -0.0667 0.8693
vn 0.4693 0.1028 0.8770
vn -0.1055 -0.4298 0.8967
vn -0.3979 0.3333 0.8547
vn 0.0301 -0.4854 0.8737
vn -0.0537 -0.2932 0.9546
vn 0.1055 -0.4298 0.8967
vn 0.0744 -0.2593 0.9629
vn 0.5221 -0.2188 0.8243
vn 0.5261 -0.2019 0.8261
vn 0.5227 -0.2703 0.8085
vn -0.4772 -0.0622 0.8766
vn 0.2281 -0.2003 0.9528
vn 0.2162 -0.3201 0.9224
vn 0.1823 -0.1302 0.9746
vn 0.1145 -0.2016 0.9728
vn -0.1603 -0.7040 0.6918
vn -0.0000 -0.3351 0.9422
vn 0.1603 -0.7040 0.6918
vn 0.1069 -0.3303 0.9378
vn 0.0745 -0.2412 0.9676
vn -0.9109 0.1981 0.3619
vn -0.8247 -0.0138 0.5654
vn -0.9143 -0.0650 0.3999
vn -0.9143 -0.1362 0.3814
vn 0.9143 -0.1362 0.3814
vn 0.9143 -0.0650 0.3999
vn -0.8597 0.1937 0.4727
vn -0.7554 0.0822 0.6500
vn 0.8597 0.1937 0.4727
vn -0.8186 0.2031 0.5373
vn 0.5995 0.0868 0.7956
vn 0.8078 0.1869 0.5590
vn 0.8314 0.3362 0.4423
vn 0.8422 0.2353 0.4851
vn -0.4588 0.0786 0.8850
vn -0.4037 0.0757 0.9118
vn -0.3270 0.0155 0.9449
vn -0.1570 -0.0029 0.9876
vn 0.4588 0.0786 0.8850
vn 0.1638 0.0204 0.9863
vn 0.2330 -0.0865 0.9686
vn 0.1570 -0.0029 0.9876
vn 0.4540 -0.2009 0.8680
vn 0.5646 -0.2210 0.7952
vn -0.3459 -0.2645 0.9002
vn -0.1058 -0.3642 0.9253
vn -0.0674 -0.3912 0.9178
vn -0.5646 -0.2210 0.7952
vn -0.2469 -0.1875 0.9507
vn 0.1058 -0.3642 0.9253
vn 0.0674 -0.3912 0.9178
vn -0.3962 -0.5207 0.7562
vn -0.3606 -0.2256 0.9050
vn -0.3753 -0.2692 0.8869
vn -0.2726 -0.0616 0.9602
vn 0.2262 0.0744 0.9712
vn 0.0472 0.0210 0.9987
vn 0.2033 -0.2508 0.9465
vn -0.2033 -0.2508 0.9465
vn -0.1822 -0.5928 0.7845
vn 0.0367 -0.4418 0.8964
vn -0.2036 -0.6267 0.7522
vn -0.1675 -0.4938 0.8533
vn -0.0000 -0.2770 0.9609
vn 0.0078 -0.0841 0.9964
vn -0.0367 -0.4418 0.8964
vn -0.0175 0.2829 0.9590
vn -0.0486 0.2805 0.9586
vn -0.0840 0.2596 0.9621
vn -0.0828 0.1967 0.9770
vn 0.0175 0.2829 0.9590
vn 0.0086 0.2225 0.9749
vn 0.0828 0.1967 0.9770
vn -0.3249 -0.6392 0.6971
vn -0.5283 -0.7238 0.4438
vn -0.4393 -0.5946 0.6734
vn 0.5346 -0.6191 0.5752
vn 0.6771 -0.5794 0.4537
vn 0.4393 -0.5946 0.6734
vn 0.5993 -0.6066 0.5223
vn -0.8502 0.2130 0.4814
vn -0.7577 0.2078 0.6186
vn -0.6474 0.2400 0.7234
vn -0.6277 0.1864 0.7558
vn -0.6843 0.3341 0.6481
vn 0.8502 0.2130 0.4814
vn 0.8203 0.2997 0.4871
vn 0.7668 0.3602 0.5313
vn 0.7967 0.3638 0.4826
vn 0.6843 0.3341 0.6481
vn -0.2357 0.8276 0.5094
vn -0.2259 0.7771 0.5875
vn -0.1852 0.7119 0.6774
vn -0.0421 0.7521 0.6577
vn -0.1186 0.7030 0.7013
vn 0.2357 0.8276 0.5094
vn 0.1132 0.8615 0.4950
vn 0.0090 0.8316 0.5552
vn 0.0015 0.8725 0.4887
vn 0.0421 0.7521 0.6577
vn 0.5776 0.6217 0.5291
vn 0.6464 0.6155 0.4510
vn 0.5119 0.6088 0.6060
vn 0.4724 0.5969 0.6485
vn 0.5249 0.6508 0.5486
vn -0.6464 0.6155 0.4510
vn -0.7455 0.6282 0.2227
vn -0.5249 0.6508 0.5486
vn -0.4724 0.5969 0.6485
vn -0.0000 -0.4536 0.8912
vn -0.0000 -0.8583 0.5131
vn -0.6016 -0.7037 0.3779
vn -0.5158 -0.6477 0.5608
vn 0.2919 -0.8506 0.4373
vn 0.3032 -0.7587 0.5766
vn 0.2548 -0.8009 0.5418
vn 0.5158 -0.6477 0.5608
vn 0.6652 0.3149 0.6771
vn 0.6621 0.5373 0.5225
vn -0.6652 0.3149 0.6771
vn -0.8627 0.0982 0.4961
vn -0.9040 0.4189 0.0858
vn -0.2282 0.9377 -0.2621
vn -0.2349 0.9235 -0.3034
vn -0.1388 0.9388 -0.3153
vn -0.2714 0.9205 -0.2811
vn 0.0142 0.9675 -0.2526
vn 0.2282 0.9377 -0.2621
vn 0.0884 0.9961 -0.0077
vn 0.0148 0.9999 -0.0030
vn 0.0313 0.9943 0.1020
vn -0.0142 0.9675 -0.2526
vn -0.9799 0.1789 -0.0881
vn -0.9778 0.2006 -0.0600
vn -0.9623 0.2398 -0.1281
vn -0.9823 0.1616 -0.0945
vn -0.9185 0.3318 -0.2150
vn 0.9496 0.2933 -0.1104
vn 0.9778 0.2006 -0.0600
vn 0.9018 0.3517 -0.2512
vn 0.9185 0.3318 -0.2150
vn 0.9034 0.3345 -0.2682
vn -0.8217 -0.5697 0.0130
vn -0.8767 -0.4807 -0.0187
vn 0.8232 -0.5283 0.2080
vn 0.8925 -0.4489 0.0443
vn 0.8767 -0.4807 -0.0187
vn 0.8217 -0.5697 0.0130
vn -0.0000 -0.0426 0.9991
vn -0.1777 -0.0462 0.9830
vn -0.0266 -0.0106 0.9996
vn -0.0000 -0.0116 0.9999
vn 0.1643 -0.0395 0.9856
vn -0.0000 0.0170 0.9999
vn 0.0233 0.0114 0.9997
vn -0.3478 -0.0561 0.9359
vn -0.5727 -0.0232 0.8195
vn -0.5694 -0.0995 0.8160
vn 0.3371 -0.1959 0.9209
vn 0.5694 -0.0995 0.8160
vn 0.5825 0.0288 0.8123
vn -0.5341 -0.2298 0.8136
vn -0.4663 -0.3816 0.7981
vn -0.3692 -0.5956 0.7134
vn -0.2183 -0.7268 0.6512
vn -0.1529 -0.7705 0.6188
vn 0.1402 -0.6568 0.7409
vn -0.0951 -0.7866 0.6101
vn -0.0000 -0.6881 0.7256
vn -0.0455 -0.6812 0.7307
vn 0.0455 -0.6812 0.7307
vn -0.0666 -0.2065 0.9762
vn 0.1904 -0.1869 0.9637
vn -0.0716 0.0195 0.9972
vn -0.0000 -0.2989 0.9543
vn -0.2152 -0.3111 0.9257
vn -0.2277 -0.4061 0.8850
vn -0.0000 -0.3503 0.9367
vn -0.4076 -0.3913 0.8250
vn 0.4768 -0.3843 0.7906
vn 0.5366 -0.3686 0.7591
vn 0.4076 -0.3913 0.8250
vn 0.1595 0.1186 0.9801
vn 0.1901 0.1089 0.9757
vn -0.3646 -0.0989 0.9259
vn -0.4054 -0.5549 0.7264
vn 0.2659 0.0429 0.9630
vn -0.4052 -0.5121 0.7574
vn -0.4803 -0.4005 0.7804
vn -0.5705 -0.3317 0.7513
vn -0.5978 -0.3206 0.7348
vn -0.2972 -0.1106 0.9484
vn -0.5101 -0.2979 0.8069
vn -0.4901 -0.3083 0.8153
vn 0.0573 -0.5821 0.8111
vn -0.0346 -0.5919 0.8053
vn -0.2190 -0.6029 0.7671
vn -0.0086 -0.4090 0.9125
vn -0.1574 -0.5783 0.8005
vn 0.0030 -0.5428 0.8399
vn 0.0129 -0.5423 0.8401
vn 0.0158 -0.4608 0.8874
vn -0.0030 -0.5428 0.8399
vn -0.0027 -0.6310 0.7758
vn -0.0776 -0.4762 0.8759
vn -0.0970 -0.4315 0.8969
vn 0.0016 -0.4202 0.9075
vn -0.1210 -0.3935 0.9113
vn 0.0776 -0.4762 0.8759
vn -0.0137 -0.5023 0.8646
vn -0.0158 -0.4608 0.8874
vn -0.3215 -0.3392 0.8841
vn -0.2190 -0.3749 0.9008
vn -0.2161 -0.4456 0.8688
vn 0.3215 -0.3392 0.8841
vn 0.3462 -0.4162 0.8408
vn 0.2161 -0.4456 0.8688
vn -0.4411 -0.3128 0.8412
vn 0.4413 -0.4226 0.7916
vn 0.6145 0.4067 0.6760
vn 0.5189 0.4748 0.7109
vn 0.4948 0.5786 0.6484
vn 0.4827 0.4536 0.7492
vn 0.5227 0.6872 0.5045
vn -0.6145 0.4067 0.6760
vn -0.6170 0.6158 0.4900
vn -0.7626 0.4491 0.4656
vn -0.5227 0.6872 0.5045
vn 0.3835 0.4111 0.8270
vn 0.6152 0.3201 0.7205
vn 0.7626 0.4491 0.4656
vn -0.3835 0.4111 0.8270
vn -0.7742 0.3745 0.5102
vn -0.7504 0.3756 0.5439
vn -0.3198 0.5164 0.7944
vn 0.0120 0.5374 0.8433
vn 0.2124 0.7279 0.6520
vn 0.3166 0.6348 0.7049
vn -0.0723 0.7547 0.6521
vn 0.0431 0.7653 0.6423
vn -0.2124 0.7279 0.6520
vn -0.5283 0.5067 0.6813
vn -0.5241 0.4732 0.7081
vn 0.5283 0.5067 0.6813
vn 0.6055 0.5994 0.5236
vn 0.5760 0.6545 0.4897
vn -0.5811 0.4697 0.6646
vn -0.4989 0.5534 0.6670
vn -0.5760 0.6545 0.4897
vn 0.5811 0.4697 0.6646
vn 0.5232 0.7047 0.4792
vn 0.5012 0.6834 0.5309
vn -0.6541 0.1676 0.7376
vn -0.5012 0.6834 0.5309
vn 0.6517 -0.0546 0.7565
vn 0.5637 0.4561 0.6886
vn 0.5458 0.3359 0.7676
vn -0.7176 -0.3221 0.6175
vn 0.7142 -0.3951 0.5778
vn 0.7333 -0.3454 0.5857
vn 0.7277 -0.4160 0.5454
vn 0.7176 -0.3221 0.6175
vn -0.6998 -0.4801 0.5289
vn 0.5559 -0.5602 0.6142
vn 0.5611 -0.6124 0.5569
vn 0.6998 -0.4801 0.5289
vn 0.3651 -0.7468 0.5558
vn 0.3351 -0.7742 0.5370
vn 0.3955 -0.7169 0.5742
vn -0.3754 -0.7585 0.5328
vn -0.3679 -0.7625 0.5322
vn -0.3005 -0.8363 0.4585
vn 0.3610 -0.7985 0.4817
vn 0.3679 -0.7625 0.5322
vn 0.3176 -0.8558 0.4083
vn 0.3005 -0.8363 0.4585
vn -0.7928 0.0312 0.6086
vn 0.8539 0.0534 0.5176
vn 0.8537 0.1179 0.5073
vn -0.7475 -0.2333 0.6220
vn 0.8569 -0.0247 0.5148
vn 0.8033 -0.2254 0.5513
vn -0.6416 -0.5246 0.5595
vn 0.6416 -0.5246 0.5595
vn 0.7053 -0.4227 0.5691
vn 0.2474 -0.8925 0.3772
vn 0.2590 -0.8830 0.3915
vn -0.0000 -0.9786 0.2059
vn 0.4036 0.0628 0.9128
vn 0.3626 0.1241 0.9236
vn 0.4168 -0.0011 0.9090
vn 0.2995 0.1735 0.9382
vn 0.2068 0.1938 0.9590
vn 0.1001 0.1772 0.9791
vn 0.0054 0.1194 0.9928
vn -0.0692 0.0454 0.9966
vn -0.0938 -0.0006 0.9956
vn -0.0698 -0.0481 0.9964
vn -0.0002 -0.1251 0.9921
vn 0.0961 -0.1880 0.9775
vn -0.3021 -0.1839 0.9354
vn -0.3659 -0.1309 0.9214
vn 0.3659 -0.1309 0.9214
vn 0.4039 -0.0669 0.9124
vn -0.8014 -0.2850 0.5258
vn -0.8983 -0.3181 0.3031
vn -0.9049 -0.0082 0.4255
vn -0.9272 -0.3499 0.1336
vn 0.8946 -0.3832 0.2300
vn 0.8983 -0.3181 0.3031
vn 0.8919 -0.4418 0.0968
vn 0.9272 -0.3499 0.1336
vn 0.9592 -0.0076 0.2825
vn -0.3905 -0.8218 0.4149
vn -0.3971 -0.9104 0.1162
vn -0.4720 -0.8241 0.3131
vn -0.4591 -0.8716 0.1718
vn -0.3768 -0.9258 0.0308
vn 0.3458 -0.9333 0.0965
vn 0.3971 -0.9104 0.1162
vn 0.2841 -0.9588 0.0037
vn 0.3768 -0.9258 0.0308
vn 0.4591 -0.8716 0.1718
vn 0.3265 -0.8479 0.4178
vn 0.3678 -0.9009 0.2307
vn 0.2809 -0.9436 0.1755
vn 0.2886 -0.9558 0.0558
vn 0.3685 -0.9293 0.0265
vn -0.4125 -0.8910 0.1895
vn -0.3678 -0.9009 0.2307
vn -0.4573 -0.8853 0.0839
vn -0.3685 -0.9293 0.0265
vn -0.2886 -0.9558 0.0558
vn 0.9313 -0.3117 0.1886
vn 0.8111 -0.3626 0.4589
vn 0.8476 -0.4515 0.2788
vn 0.8717 -0.4637 0.1585
vn 0.9215 -0.3866 0.0366
vn -0.9313 -0.3117 0.1886
vn -0.9511 -0.3021 0.0637
vn -0.9536 -0.3011 0.0053
vn -0.9215 -0.3866 0.0366
vn -0.8717 -0.4637 0.1585
vn 0.8590 0.4212 0.2908
vn 0.8419 0.3096 0.4419
vn 0.9423 0.3215 0.0929
vn 0.9188 0.3744 0.1253
vn 0.9590 0.2833 0.0040
vn -0.8590 0.4212 0.2908
vn -0.8869 0.4340 0.1583
vn -0.9318 0.3619 0.0283
vn -0.9001 0.4282 0.0796
vn -0.9590 0.2833 0.0040
vn 0.2716 0.9376 0.2172
vn 0.3178 0.8292 0.4599
vn 0.4181 0.8868 0.1971
vn 0.3630 0.8922 0.2688
vn 0.4715 0.8803 0.0532
vn -0.2716 0.9376 0.2172
vn -0.2888 0.9558 0.0543
vn -0.3787 0.9255 -0.0057
vn -0.3002 0.9533 -0.0334
vn -0.4715 0.8803 0.0532
vn -0.4795 0.8038 0.3520
vn -0.3949 0.7982 0.4549
vn -0.3492 0.9312 0.1045
vn -0.4071 0.9004 0.1533
vn -0.2774 0.9603 -0.0304
vn 0.4795 0.8038 0.3520
vn 0.4672 0.8680 0.1681
vn 0.3765 0.9264 -0.0044
vn 0.4457 0.8929 0.0637
vn 0.2774 0.9603 -0.0304
vn -0.8038 0.2635 0.5333
vn -0.9063 0.3581 0.2246
vn -0.9028 0.2939 0.3139
vn -0.9066 0.4145 0.0797
vn 0.9360 0.3283 0.1272
vn 0.9806 -0.0072 0.1961
vn 0.9066 0.4145 0.0797
vn -0.6168 0.4941 0.6127
vn 0.6168 0.4941 0.6127
vn 0.5483 0.4141 0.7265
vn 0.7048 -0.0029 0.7094
vn 0.6865 0.1983 0.6996
vn -0.6891 0.5606 0.4592
vn -0.8287 0.3037 0.4701
vn -0.8996 -0.0013 0.4367
vn 0.6891 0.5606 0.4592
vn 0.8013 -0.0017 0.5983
vn -0.1167 0.8782 0.4639
vn -0.4112 0.7726 0.4837
vn 0.1167 0.8782 0.4639
vn 0.1089 0.7438 0.6595
vn -0.1089 0.7438 0.6595
vn 0.3585 0.5635 0.7443
vn 0.1244 0.6051 0.7864
vn 0.4615 0.5333 0.7089
vn -0.1244 0.6051 0.7864
vn -0.4615 0.5333 0.7089
vn -0.3407 0.4300 0.8361
vn -0.1011 0.5983 0.7949
vn 0.3513 0.7996 0.4870
vn 0.2561 0.8218 0.5090
vn -0.3513 0.7996 0.4870
vn -0.3336 0.7874 0.5184
vn 0.7737 0.3374 0.5363
vn 0.8592 -0.0013 0.5117
vn 0.7283 0.4195 0.5419
vn 0.7475 0.4505 0.4881
vn -0.8592 -0.0013 0.5117
vn -0.6878 -0.0019 0.7259
vn 0.6404 0.2728 0.7179
vn -0.5233 -0.0028 0.8522
vn -0.5049 0.2010 0.8394
vn 0.6397 -0.2769 0.7170
vn -0.4590 -0.5409 0.7049
vn -0.3226 -0.4163 0.8501
vn -0.4942 -0.2110 0.8433
vn 0.7785 -0.3445 0.5247
vn 0.7526 -0.4677 0.4635
vn -0.7332 -0.4323 0.5249
vn -0.7526 -0.4677 0.4635
vn 0.2730 -0.8455 0.4589
vn -0.1089 -0.9061 0.4087
vn 0.3657 -0.8200 0.4403
vn 0.3479 -0.8065 0.4781
vn 0.1885 -0.7155 0.6727
vn 0.0854 -0.8838 0.4599
vn -0.3479 -0.8065 0.4781
vn 0.1388 -0.5826 0.8008
vn 0.1307 -0.5720 0.8098
vn -0.0814 -0.5684 0.8187
vn -0.4011 -0.6728 0.6217
vn -0.3505 -0.5352 0.7686
vn 0.6145 -0.5032 0.6076
vn 0.5368 -0.4012 0.7423
vn 0.3505 -0.5352 0.7686
vn -0.4127 -0.7981 0.4389
vn -0.6961 -0.5735 0.4319
vn 0.6682 -0.5798 0.4662
vn -0.8305 -0.3115 0.4617
vn -0.7595 -0.2602 0.5962
vn 0.8996 -0.0013 0.4367
vn 0.6778 -0.2085 0.7051
vn -0.6778 -0.2085 0.7051
vn 0.0814 -0.5684 0.8187
vn 0.4942 -0.2110 0.8433
vn 0.5049 0.2010 0.8394
vn -0.7475 0.4505 0.4881
vn 0.1011 0.5983 0.7949
vn -0.6865 0.1983 0.6996
vn 0.9028 0.2939 0.3139
vn -0.9806 -0.0072 0.1961
vn 0.4071 0.9004 0.1533
vn -0.4457 0.8929 0.0637
vn -0.3630 0.8922 0.2688
vn 0.3002 0.9533 -0.0334
vn -0.9188 0.3744 0.1253
vn 0.9001 0.4282 0.0796
vn -0.2590 -0.8830 0.3915
vn -0.8422 0.2353 0.4851
vn -0.3955 -0.7169 0.5742
vn -0.7277 -0.4160 0.5454
vn -0.5458 0.3359 0.7676
vn -0.0431 0.7653 0.6423
vn 0.7504 0.3756 0.5439
vn -0.4827 0.4536 0.7492
vn -0.4413 -0.4226 0.7916
vn 0.2190 -0.6029 0.7671
vn -0.2330 -0.0865 0.9686
vn 0.9823 0.1616 -0.0945
vn -0.9034 0.3345 -0.2682
vn 0.2714 0.9205 -0.2811
vn -0.0313 0.9943 0.1020
vn 1.0000 -0.0000 -0.0000
vn -0.2548 -0.8009 0.5418
vn 0.1186 0.7030 0.7013
vn -0.0015 0.8725 0.4887
vn 0.6277 0.1864 0.7558
vn -0.7967 0.3638 0.4826
vn -0.5993 -0.6066 0.5223
vn 0.2504 -0.1090 0.9620
vn -0.5248 -0.2712 0.8068
vn -0.2086 -0.9673 0.1442
vn -0.0282 0.0108 0.9995
vn -0.1406 0.0884 0.9861
vn 0.1689 -0.2626 0.9500
vn 0.0567 0.1536 0.9865
vn -0.4075 0.4255 0.8080
vn -0.4333 -0.2819 0.8560
vn -0.3813 0.8853 -0.2663
vn -0.1969 0.8554 -0.4791
vn 0.3887 0.8702 -0.3027
vn -0.5583 0.8043 -0.2037
vn 0.4985 0.8214 -0.2771
vn -0.9428 0.1282 -0.3076
vn -0.0621 -0.0955 -0.9935
vn 0.2550 -0.9362 -0.2418
vn -0.2383 -0.9705 -0.0370
vn -0.2482 0.0330 -0.9681
vn -0.1922 0.1983 -0.9611
vn 0.2337 0.2074 -0.9499
vn 0.1675 0.9429 0.2879
vn 0.4495 0.0781 0.8899
vn -0.8314 0.3575 0.4253
vn -0.6741 -0.3306 0.6605
vn 0.2860 -0.3784 0.8804
vn 0.6786 -0.6767 0.2857
vn -0.0467 0.2436 0.9688
vn 0.0964 -0.1317 0.9866
vn 0.7084 0.0250 0.7054
vn -0.6144 -0.4317 0.6604
vn 0.3881 0.9169 0.0927
vn -0.3591 0.9131 0.1933
vn 0.8864 0.2575 0.3847
vn -0.9337 0.3145 0.1709
vn -0.4731 0.8491 0.2349
vn -0.3625 -0.1536 0.9192
vn -0.2140 0.6013 0.7698
vn 0.4409 0.6443 0.6248
vn -0.9199 -0.1756 0.3505
vn 0.8149 0.5716 -0.0961
vn -0.7779 0.6283 -0.0080
vn -0.1921 0.7515 -0.6311
vn -0.4802 -0.0654 -0.8747
vn 0.3329 0.9106 -0.2449
vn 0.2758 -0.1843 -0.9434
vn -0.4012 -0.1063 -0.9098
vn 0.4012 -0.1063 -0.9098
vn 0.5750 0.8172 -0.0387
vn -0.5750 0.8172 -0.0387
vn -0.8907 -0.3175 0.3253
vn 0.8907 -0.3175 0.3253
vn 0.9054 0.1995 -0.3749
vn -0.9054 0.1995 -0.3749
vn 0.7752 -0.6234 0.1023
vn -0.7752 -0.6234 0.1023
vn -0.8778 -0.4416 0.1858
vn 0.8778 -0.4416 0.1858
vn 0.4179 0.8232 0.3843
vn -0.4179 0.8232 0.3843
vn -0.2875 0.8234 0.4893
vn 0.2875 0.8234 0.4893
vn -0.4608 -0.5798 0.6720
vn 0.4608 -0.5798 0.6720
vn -0.1675 0.9429 0.2879
vn -0.4132 0.6943 0.5892
vn 0.4132 0.6943 0.5892
vn -0.7941 -0.5963 -0.1174
vn 0.7941 -0.5963 -0.1174
vn 0.8496 0.4429 -0.2863
vn -0.8496 0.4429 -0.2863
vn -0.0000 -0.1961 0.9806
vn 0.9788 -0.1946 0.0645
vn -0.9788 -0.1946 0.0645
vn 0.7899 0.6011 0.1216
vn -0.7899 0.6011 0.1216
vn 0.4772 -0.0622 0.8766
vn 0.5248 -0.2712 0.8068
vn -0.9031 -0.0822 0.4214
vn 0.9031 -0.0822 0.4214
vn 0.2726 -0.0616 0.9602
vn -0.2504 -0.1090 0.9620
vn -0.0699 0.1694 0.9831
vn 0.0699 0.1694 0.9831
vn 0.4500 0.5993 0.6620
vn -0.4500 0.5993 0.6620
vn 0.8627 0.0982 0.4961
vn -0.8167 0.4381 0.3755
vn -0.8658 -0.4974 -0.0548
vn 0.8658 -0.4974 -0.0548
vn -0.0000 -0.6606 0.7507
vn -0.5922 0.5952 0.5431
vn 0.5922 0.5952 0.5431
vn -0.4416 -0.8916 0.0998
vn 0.4416 -0.8916 0.0998
vn 0.2945 -0.9557 -0.0000
vn -0.2945 -0.9557 -0.0000
vn 0.8848 -0.4560 0.0958
vn -0.8848 -0.4560 0.0958
vt 0.813958 0.611927
vt 0.804776 0.586437
vt 0.821625 0.593416
vt 0.884825 0.910034
vt 0.889378 0.888409
vt 0.903336 0.902367
vt 0.784429 0.578009
vt 0.746541 0.611927
vt 0.764081 0.569581
vt 0.900232 0.947230
vt 0.917293 0.916324
vt 0.934150 0.933181
vt 0.784429 0.645845
vt 0.781622 0.696619
vt 0.764081 0.654273
vt 0.832396 0.947230
vt 0.866314 0.937441
vt 0.866314 0.961280
vt 0.821625 0.630438
vt 0.815334 0.662907
vt 0.804776 0.637417
vt 0.847803 0.910034
vt 0.866314 0.897962
vt 0.866314 0.917701
vt 0.866314 0.664284
vt 0.840824 0.673465
vt 0.847803 0.656616
vt 0.821625 0.883856
vt 0.843250 0.888409
vt 0.829292 0.902367
vt 0.832396 0.693812
vt 0.866314 0.731700
vt 0.823968 0.714159
vt 0.784429 0.899263
vt 0.815334 0.916325
vt 0.798478 0.933181
vt 0.934150 0.679763
vt 0.908660 0.714159
vt 0.900232 0.693812
vt 0.784429 0.831427
vt 0.794218 0.865345
vt 0.770380 0.865345
vt 0.903336 0.648949
vt 0.891804 0.673465
vt 0.884825 0.656616
vt 0.821625 0.846834
vt 0.833697 0.865345
vt 0.813958 0.865345
vt 0.918671 0.611927
vt 0.927851 0.637417
vt 0.911003 0.630438
vt 0.847803 0.820656
vt 0.843250 0.842281
vt 0.829292 0.828323
vt 0.962249 0.611927
vt 0.968547 0.654273
vt 0.948199 0.645845
vt 0.832396 0.783460
vt 0.815334 0.814366
vt 0.798478 0.797509
vt 0.934150 0.544091
vt 0.968547 0.569581
vt 0.948199 0.578009
vt 0.891804 0.803807
vt 0.866314 0.769410
vt 0.900232 0.783460
vt 0.903336 0.574905
vt 0.927852 0.586437
vt 0.911003 0.593416
vt 0.884825 0.820656
vt 0.866314 0.832728
vt 0.866314 0.812989
vt 0.866314 0.559570
vt 0.891804 0.550389
vt 0.884825 0.567238
vt 0.894155 0.853813
vt 0.903336 0.828323
vt 0.911003 0.846834
vt 0.866314 0.515993
vt 0.908660 0.509694
vt 0.900232 0.530042
vt 0.927852 0.839855
vt 0.934150 0.797509
vt 0.948199 0.831427
vt 0.798478 0.544091
vt 0.823968 0.509694
vt 0.832396 0.530042
vt 0.927851 0.890835
vt 0.962249 0.865345
vt 0.948199 0.899263
vt 0.829292 0.574906
vt 0.840824 0.550390
vt 0.847803 0.567238
vt 0.911003 0.883856
vt 0.898931 0.865345
vt 0.918671 0.865345
vt 0.866314 0.582386
vt 0.856957 0.589337
vt 0.855869 0.586712
vt 0.894155 0.876877
vt 0.887203 0.886234
vt 0.891529 0.875790
vt 0.887203 0.591038
vt 0.875671 0.589337
vt 0.876759 0.586712
vt 0.895856 0.865345
vt 0.891529 0.854900
vt 0.895856 0.611927
vt 0.888904 0.602570
vt 0.891529 0.601483
vt 0.877846 0.837505
vt 0.887203 0.844456
vt 0.876758 0.840130
vt 0.887203 0.632816
vt 0.888904 0.621284
vt 0.891529 0.622371
vt 0.854782 0.837505
vt 0.866314 0.835804
vt 0.855870 0.840130
vt 0.876759 0.637142
vt 0.866314 0.638393
vt 0.875671 0.634517
vt 0.841099 0.854900
vt 0.845425 0.844456
vt 0.855869 0.637142
vt 0.847600 0.630641
vt 0.856957 0.634517
vt 0.841099 0.875790
vt 0.836773 0.865345
vt 0.841099 0.622371
vt 0.839848 0.611927
vt 0.843724 0.621284
vt 0.855870 0.890560
vt 0.845425 0.886234
vt 0.841099 0.601483
vt 0.847600 0.593213
vt 0.843724 0.602570
vt 0.876758 0.890560
vt 0.866314 0.894886
vt 0.866314 0.611927
vt 0.853081 0.611927
vt 0.856957 0.602570
vt 0.885028 0.884059
vt 0.875671 0.887935
vt 0.875671 0.874702
vt 0.856957 0.621284
vt 0.866314 0.865345
vt 0.866314 0.878578
vt 0.856957 0.874702
vt 0.866314 0.625160
vt 0.847600 0.884059
vt 0.843724 0.874702
vt 0.875671 0.621284
vt 0.839848 0.865345
vt 0.843724 0.855988
vt 0.853081 0.865345
vt 0.879547 0.611927
vt 0.847600 0.846631
vt 0.856957 0.842755
vt 0.856957 0.855988
vt 0.875671 0.602570
vt 0.866314 0.838879
vt 0.875671 0.842755
vt 0.866314 0.852112
vt 0.866314 0.598694
vt 0.885028 0.846631
vt 0.888904 0.855988
vt 0.875671 0.855988
vt 0.892780 0.865345
vt 0.888904 0.874702
vt 0.879547 0.865345
vt 0.508514 0.066509
vt 0.500000 0.059469
vt 0.509435 0.061983
vt 0.481130 0.064497
vt 0.489644 0.057457
vt 0.490565 0.061983
vt 0.519820 0.069584
vt 0.518870 0.064497
vt 0.522702 0.066183
vt 0.473466 0.067870
vt 0.474416 0.062782
vt 0.477298 0.066183
vt 0.528062 0.070746
vt 0.522612 0.070678
vt 0.526534 0.067870
vt 0.471938 0.070746
vt 0.467122 0.067822
vt 0.468332 0.066442
vt 0.533275 0.080341
vt 0.526301 0.079422
vt 0.529590 0.073622
vt 0.466725 0.080341
vt 0.455305 0.083023
vt 0.461213 0.075422
vt 0.544276 0.104349
vt 0.529228 0.091098
vt 0.536961 0.087060
vt 0.448408 0.121637
vt 0.444829 0.099259
vt 0.455723 0.104349
vt 0.587469 0.208514
vt 0.600470 0.238288
vt 0.568177 0.226928
vt 0.412531 0.208514
vt 0.413084 0.172042
vt 0.438599 0.193805
vt 0.628736 0.236990
vt 0.636962 0.261221
vt 0.618716 0.249754
vt 0.371264 0.236990
vt 0.373395 0.208159
vt 0.386463 0.223224
vt 0.658317 0.263683
vt 0.655896 0.284413
vt 0.646429 0.272817
vt 0.341683 0.263683
vt 0.349092 0.240294
vt 0.356065 0.250757
vt 0.672355 0.296041
vt 0.659507 0.313152
vt 0.657701 0.298782
vt 0.312991 0.293300
vt 0.327302 0.276609
vt 0.327645 0.296041
vt 0.660232 0.328565
vt 0.654307 0.317795
vt 0.666122 0.322020
vt 0.322063 0.326245
vt 0.327988 0.315473
vt 0.333878 0.322019
vt 0.625206 0.361920
vt 0.631371 0.337772
vt 0.642719 0.345243
vt 0.345934 0.352713
vt 0.339768 0.328565
vt 0.357281 0.345243
vt 0.611713 0.372676
vt 0.594178 0.371277
vt 0.603907 0.362193
vt 0.380482 0.383160
vt 0.374795 0.361920
vt 0.388287 0.372676
vt 0.579198 0.385904
vt 0.585765 0.372309
vt 0.588709 0.384668
vt 0.408347 0.397028
vt 0.401780 0.383433
vt 0.411291 0.384668
vt 0.535916 0.370852
vt 0.558584 0.363840
vt 0.557557 0.378378
vt 0.443470 0.392917
vt 0.420803 0.385904
vt 0.442443 0.378378
vt 0.500000 0.361638
vt 0.519908 0.347378
vt 0.517958 0.366245
vt 0.483992 0.385113
vt 0.464083 0.370852
vt 0.482042 0.366245
vt 0.578204 0.354493
vt 0.563840 0.349413
vt 0.436160 0.349413
vt 0.440865 0.334326
vt 0.450524 0.344333
vt 0.585669 0.353287
vt 0.414331 0.353287
vt 0.420943 0.335646
vt 0.421796 0.354493
vt 0.593134 0.352081
vt 0.601517 0.345697
vt 0.390101 0.339312
vt 0.400873 0.329201
vt 0.398483 0.345697
vt 0.609900 0.339312
vt 0.624289 0.328174
vt 0.375711 0.328174
vt 0.371749 0.311636
vt 0.382793 0.318576
vt 0.643104 0.311933
vt 0.649107 0.322437
vt 0.638679 0.317037
vt 0.352471 0.306830
vt 0.368099 0.306072
vt 0.356896 0.311933
vt 0.647529 0.306830
vt 0.645609 0.295490
vt 0.356310 0.284151
vt 0.366482 0.292198
vt 0.354391 0.295490
vt 0.643690 0.284151
vt 0.633918 0.273484
vt 0.375854 0.262816
vt 0.378592 0.274150
vt 0.366082 0.273484
vt 0.624146 0.262816
vt 0.610284 0.254704
vt 0.403579 0.246592
vt 0.398149 0.259654
vt 0.389716 0.254704
vt 0.596421 0.246592
vt 0.572099 0.244117
vt 0.427901 0.244117
vt 0.440331 0.267717
vt 0.423980 0.261307
vt 0.536608 0.253391
vt 0.500000 0.252445
vt 0.517942 0.234007
vt 0.463392 0.253390
vt 0.452223 0.241643
vt 0.522000 0.327470
vt 0.535738 0.335901
vt 0.448432 0.324425
vt 0.464262 0.335901
vt 0.521909 0.311000
vt 0.500000 0.295691
vt 0.521819 0.294531
vt 0.478090 0.311001
vt 0.455999 0.314523
vt 0.456181 0.303947
vt 0.523629 0.279835
vt 0.543637 0.293371
vt 0.474561 0.265139
vt 0.500000 0.274068
vt 0.476371 0.279835
vt 0.505962 0.070474
vt 0.500000 0.064527
vt 0.494038 0.070474
vt 0.493181 0.075382
vt 0.488077 0.071936
vt 0.514560 0.073796
vt 0.517028 0.068490
vt 0.485440 0.073796
vt 0.488218 0.080633
vt 0.482803 0.075656
vt 0.517197 0.075656
vt 0.524457 0.075050
vt 0.518217 0.081047
vt 0.488023 0.087045
vt 0.480763 0.086439
vt 0.481783 0.081048
vt 0.523724 0.112373
vt 0.513874 0.097191
vt 0.521551 0.094145
vt 0.476276 0.112373
vt 0.462464 0.127779
vt 0.466618 0.109439
vt 0.520394 0.090292
vt 0.479606 0.090292
vt 0.487828 0.093457
vt 0.486977 0.095324
vt 0.500000 0.146108
vt 0.507128 0.133887
vt 0.508621 0.147563
vt 0.489887 0.161240
vt 0.482758 0.149018
vt 0.491379 0.147563
vt 0.500000 0.117207
vt 0.507033 0.116257
vt 0.485934 0.115306
vt 0.493063 0.098627
vt 0.492967 0.116257
vt 0.513023 0.095324
vt 0.506937 0.098627
vt 0.506512 0.095514
vt 0.493914 0.092402
vt 0.500000 0.095705
vt 0.493488 0.095514
vt 0.522513 0.174692
vt 0.517666 0.172353
vt 0.518946 0.168484
vt 0.477487 0.174692
vt 0.469742 0.180239
vt 0.474758 0.172427
vt 0.520429 0.188144
vt 0.526080 0.180900
vt 0.523697 0.188836
vt 0.476303 0.188836
vt 0.476327 0.198817
vt 0.473035 0.189528
vt 0.513584 0.196011
vt 0.521315 0.196773
vt 0.512710 0.198677
vt 0.495894 0.200581
vt 0.488164 0.201342
vt 0.487290 0.198677
vt 0.504106 0.194731
vt 0.504106 0.200581
vt 0.502053 0.197652
vt 0.500000 0.194723
vt 0.500000 0.200572
vt 0.497947 0.197652
vt 0.508833 0.168761
vt 0.509473 0.165000
vt 0.500000 0.161517
vt 0.490527 0.165000
vt 0.515602 0.174651
vt 0.506769 0.174333
vt 0.507801 0.171548
vt 0.491167 0.168761
vt 0.500000 0.168444
vt 0.492199 0.171548
vt 0.504257 0.192013
vt 0.508818 0.192407
vt 0.508515 0.194851
vt 0.495743 0.192013
vt 0.500000 0.192167
vt 0.495894 0.194731
vt 0.512805 0.193785
vt 0.515232 0.190709
vt 0.517094 0.192719
vt 0.491486 0.194851
vt 0.486416 0.196011
vt 0.487195 0.193785
vt 0.516070 0.186291
vt 0.519405 0.181717
vt 0.518250 0.187218
vt 0.482906 0.192719
vt 0.479571 0.188144
vt 0.481750 0.187218
vt 0.517503 0.178184
vt 0.513538 0.176949
vt 0.482497 0.178184
vt 0.478099 0.181560
vt 0.480217 0.176957
vt 0.510239 0.187793
vt 0.512025 0.191558
vt 0.491546 0.184027
vt 0.495591 0.189295
vt 0.489760 0.187793
vt 0.507612 0.179181
vt 0.515223 0.179411
vt 0.492388 0.179181
vt 0.500000 0.186182
vt 0.514889 0.217674
vt 0.535885 0.215568
vt 0.485110 0.217674
vt 0.500000 0.203867
vt 0.500000 0.228156
vt 0.537233 0.176527
vt 0.540047 0.194191
vt 0.533506 0.191860
vt 0.466494 0.191860
vt 0.470221 0.207193
vt 0.530777 0.159757
vt 0.542768 0.163857
vt 0.534005 0.168142
vt 0.462766 0.176527
vt 0.465995 0.168142
vt 0.525897 0.130601
vt 0.539432 0.141339
vt 0.528337 0.145179
vt 0.469223 0.159757
vt 0.471664 0.145179
vt 0.559994 0.147038
vt 0.555793 0.134337
vt 0.427846 0.127335
vt 0.444207 0.134337
vt 0.563727 0.163484
vt 0.561861 0.155261
vt 0.419047 0.146665
vt 0.440006 0.147038
vt 0.438139 0.155261
vt 0.562564 0.178645
vt 0.544209 0.172814
vt 0.437436 0.178645
vt 0.414919 0.163098
vt 0.500000 0.090662
vt 0.504956 0.090351
vt 0.505521 0.091376
vt 0.488958 0.092091
vt 0.494479 0.091376
vt 0.510894 0.086763
vt 0.509911 0.090724
vt 0.509812 0.086480
vt 0.489253 0.081435
vt 0.489105 0.086763
vt 0.508377 0.078834
vt 0.509713 0.082236
vt 0.507455 0.079659
vt 0.491623 0.078834
vt 0.493993 0.076233
vt 0.503004 0.075359
vt 0.505196 0.077083
vt 0.502598 0.076278
vt 0.496996 0.075359
vt 0.500000 0.073497
vt 0.500000 0.074485
vt 0.504321 0.078961
vt 0.501723 0.080580
vt 0.502160 0.078429
vt 0.497402 0.076278
vt 0.500000 0.077897
vt 0.497840 0.078429
vt 0.506253 0.080862
vt 0.506660 0.083289
vt 0.505053 0.082064
vt 0.493746 0.080862
vt 0.494804 0.077083
vt 0.495679 0.078961
vt 0.508276 0.085760
vt 0.506822 0.086791
vt 0.506741 0.085040
vt 0.491723 0.085760
vt 0.490287 0.082236
vt 0.491813 0.082762
vt 0.500000 0.087807
vt 0.503411 0.086214
vt 0.504183 0.088282
vt 0.495044 0.090351
vt 0.491634 0.088758
vt 0.495817 0.088282
vt 0.502567 0.083397
vt 0.503445 0.080840
vt 0.505134 0.083816
vt 0.497433 0.083397
vt 0.500000 0.085637
vt 0.496589 0.086214
vt 0.493340 0.083289
vt 0.494947 0.082064
vt 0.493259 0.085040
vt 0.554016 0.287606
vt 0.562361 0.284338
vt 0.560776 0.289610
vt 0.452743 0.285601
vt 0.448586 0.294127
vt 0.445983 0.287606
vt 0.552502 0.302482
vt 0.559190 0.294882
vt 0.561185 0.301017
vt 0.446409 0.310837
vt 0.447498 0.302482
vt 0.559193 0.318674
vt 0.563180 0.307151
vt 0.566819 0.312924
vt 0.435203 0.326512
vt 0.440807 0.318674
vt 0.564456 0.272981
vt 0.565802 0.281291
vt 0.560538 0.277033
vt 0.444727 0.272775
vt 0.443381 0.281085
vt 0.439462 0.277033
vt 0.577799 0.268158
vt 0.589914 0.271772
vt 0.579579 0.275008
vt 0.422201 0.268158
vt 0.435544 0.272981
vt 0.598952 0.267065
vt 0.602190 0.277180
vt 0.596052 0.274476
vt 0.401048 0.267065
vt 0.407628 0.254897
vt 0.408857 0.263335
vt 0.615529 0.278164
vt 0.617110 0.287175
vt 0.609650 0.282178
vt 0.384471 0.278164
vt 0.388669 0.264411
vt 0.393239 0.270795
vt 0.625555 0.292692
vt 0.618074 0.299197
vt 0.617592 0.293186
vt 0.374445 0.292692
vt 0.368516 0.283889
vt 0.375703 0.285532
vt 0.622061 0.309537
vt 0.616973 0.303317
vt 0.624437 0.304695
vt 0.373187 0.299852
vt 0.375563 0.304695
vt 0.602293 0.319620
vt 0.607148 0.310582
vt 0.612177 0.314579
vt 0.377939 0.309537
vt 0.387823 0.314579
vt 0.596876 0.322981
vt 0.590828 0.319797
vt 0.594626 0.316761
vt 0.403124 0.322981
vt 0.393837 0.325516
vt 0.397707 0.319620
vt 0.586026 0.327330
vt 0.582130 0.320991
vt 0.586479 0.320394
vt 0.413974 0.327330
vt 0.407910 0.332885
vt 0.408541 0.326341
vt 0.572695 0.327415
vt 0.570458 0.318697
vt 0.576294 0.319844
vt 0.430904 0.334986
vt 0.419406 0.328319
vt 0.427305 0.327415
vt 0.578800 0.315493
vt 0.578615 0.309394
vt 0.581307 0.311143
vt 0.423706 0.319844
vt 0.416936 0.316941
vt 0.421200 0.315493
vt 0.586653 0.316504
vt 0.583998 0.312892
vt 0.586827 0.312614
vt 0.413347 0.316504
vt 0.409172 0.319797
vt 0.409758 0.316067
vt 0.593814 0.313777
vt 0.589656 0.312336
vt 0.593001 0.310793
vt 0.405374 0.316761
vt 0.402615 0.311487
vt 0.406186 0.313777
vt 0.604164 0.308232
vt 0.596347 0.309249
vt 0.601180 0.305883
vt 0.392852 0.310582
vt 0.389057 0.304977
vt 0.395836 0.308232
vt 0.610942 0.304977
vt 0.606874 0.300018
vt 0.611923 0.301668
vt 0.388076 0.301668
vt 0.381926 0.299197
vt 0.387096 0.298359
vt 0.612476 0.293777
vt 0.607735 0.297520
vt 0.607360 0.294368
vt 0.382408 0.293186
vt 0.387953 0.289195
vt 0.387524 0.293777
vt 0.606140 0.284663
vt 0.606985 0.291216
vt 0.602630 0.287149
vt 0.393860 0.284663
vt 0.397810 0.277180
vt 0.399768 0.280131
vt 0.600232 0.280131
vt 0.594070 0.281625
vt 0.595061 0.278050
vt 0.403948 0.274476
vt 0.410110 0.275970
vt 0.404939 0.278050
vt 0.589890 0.275970
vt 0.583109 0.282396
vt 0.581344 0.278702
vt 0.420421 0.275008
vt 0.427202 0.281435
vt 0.418656 0.278702
vt 0.572798 0.281435
vt 0.574592 0.287270
vt 0.570197 0.284280
vt 0.429803 0.284280
vt 0.437639 0.284338
vt 0.432404 0.287126
vt 0.571390 0.309646
vt 0.573307 0.303342
vt 0.575961 0.306368
vt 0.433181 0.312924
vt 0.425463 0.314045
vt 0.428610 0.309646
vt 0.567031 0.300273
vt 0.572447 0.295716
vt 0.572877 0.299529
vt 0.432969 0.300273
vt 0.436820 0.307151
vt 0.431756 0.305247
vt 0.566707 0.291213
vt 0.572831 0.289915
vt 0.572639 0.292816
vt 0.433293 0.291213
vt 0.440810 0.294882
vt 0.434182 0.295299
vt 0.530831 0.408001
vt 0.514823 0.428636
vt 0.515416 0.406874
vt 0.484584 0.406874
vt 0.500000 0.382860
vt 0.500000 0.405748
vt 0.556831 0.410776
vt 0.584616 0.428636
vt 0.557132 0.428636
vt 0.443169 0.410776
vt 0.467984 0.387365
vt 0.469168 0.408001
vt 0.612281 0.406739
vt 0.603459 0.423263
vt 0.597556 0.410145
vt 0.417170 0.413552
vt 0.402444 0.410145
vt 0.651495 0.379843
vt 0.644257 0.403422
vt 0.631888 0.393291
vt 0.387719 0.406739
vt 0.368112 0.393291
vt 0.686419 0.339581
vt 0.683847 0.366711
vt 0.668957 0.359712
vt 0.348505 0.379843
vt 0.331043 0.359712
vt 0.698340 0.316661
vt 0.706822 0.329997
vt 0.692379 0.328121
vt 0.313581 0.339581
vt 0.307620 0.328121
vt 0.696903 0.264515
vt 0.708234 0.287876
vt 0.697621 0.290588
vt 0.301660 0.316661
vt 0.302379 0.290588
vt 0.679415 0.248551
vt 0.672947 0.224880
vt 0.688626 0.242552
vt 0.320585 0.248551
vt 0.310499 0.268805
vt 0.303097 0.264515
vt 0.647739 0.218044
vt 0.640497 0.198841
vt 0.656722 0.211861
vt 0.352261 0.218044
vt 0.338073 0.232587
vt 0.630440 0.055830
vt 0.617185 0.069520
vt 0.615763 0.047988
vt 0.385660 0.026457
vt 0.398915 0.040146
vt 0.384237 0.047988
vt 0.601085 0.040146
vt 0.577486 0.048873
vt 0.576326 0.032660
vt 0.424833 0.016447
vt 0.448433 0.025174
vt 0.423674 0.032660
vt 0.551567 0.025174
vt 0.541757 0.045210
vt 0.532574 0.033271
vt 0.476609 0.021332
vt 0.486421 0.041368
vt 0.467427 0.033271
vt 0.511967 0.049413
vt 0.500000 0.033223
vt 0.513579 0.041368
vt 0.488032 0.049413
vt 0.479289 0.060503
vt 0.476065 0.055009
vt 0.528887 0.058968
vt 0.527159 0.049514
vt 0.532191 0.055154
vt 0.471113 0.058968
vt 0.469543 0.065062
vt 0.466161 0.062928
vt 0.539764 0.064704
vt 0.537222 0.060794
vt 0.547861 0.062965
vt 0.460236 0.064704
vt 0.454311 0.066480
vt 0.556050 0.075290
vt 0.558499 0.065137
vt 0.573313 0.075157
vt 0.443950 0.075290
vt 0.433589 0.084100
vt 0.575399 0.062015
vt 0.598617 0.056841
vt 0.593372 0.071009
vt 0.442573 0.053021
vt 0.426687 0.075157
vt 0.424601 0.062015
vt 0.544809 0.054088
vt 0.455191 0.054088
vt 0.441501 0.065137
vt 0.607434 0.084539
vt 0.402317 0.099559
vt 0.378504 0.098069
vt 0.392566 0.084539
vt 0.576427 0.099409
vt 0.588127 0.085177
vt 0.597683 0.099559
vt 0.423573 0.099409
vt 0.434353 0.115495
vt 0.413557 0.114717
vt 0.595009 0.144627
vt 0.605467 0.151503
vt 0.594356 0.152829
vt 0.404338 0.136425
vt 0.404991 0.144627
vt 0.609951 0.123807
vt 0.595662 0.136425
vt 0.591053 0.125571
vt 0.408947 0.125571
vt 0.594084 0.160171
vt 0.603088 0.157244
vt 0.406188 0.167513
vt 0.405916 0.160171
vt 0.613681 0.185507
vt 0.633551 0.203500
vt 0.393239 0.190100
vt 0.386319 0.185507
vt 0.841467 0.109776
vt 0.842314 0.064394
vt 0.866663 0.077753
vt 0.108989 0.091111
vt 0.108142 0.045729
vt 0.133337 0.077753
vt 0.794575 0.094280
vt 0.770234 0.048919
vt 0.806274 0.056657
vt 0.157686 0.064394
vt 0.182027 0.019033
vt 0.193726 0.056657
vt 0.712357 0.053529
vt 0.661952 0.087561
vt 0.654481 0.058138
vt 0.229767 0.048919
vt 0.289193 0.019777
vt 0.287643 0.053529
vt 0.642461 0.056984
vt 0.635753 0.082198
vt 0.357539 0.056984
vt 0.352990 0.028716
vt 0.363931 0.029089
vt 0.648852 0.084880
vt 0.637308 0.110618
vt 0.629402 0.104343
vt 0.370598 0.104344
vt 0.392761 0.113940
vt 0.390049 0.123807
vt 0.721813 0.229185
vt 0.743592 0.198572
vt 0.755001 0.215818
vt 0.278187 0.229185
vt 0.295695 0.260225
vt 0.264643 0.246645
vt 0.914783 0.128517
vt 0.859647 0.117994
vt 0.891011 0.091111
vt 0.061445 0.165922
vt 0.044997 0.109236
vt 0.085217 0.128517
vt 0.862743 0.328261
vt 0.920066 0.333269
vt 0.896064 0.358698
vt 0.127938 0.384128
vt 0.070615 0.389136
vt 0.103936 0.358698
vt 0.935824 0.295359
vt 0.903302 0.261367
vt 0.951581 0.257449
vt 0.064176 0.295359
vt 0.041037 0.357385
vt 0.020589 0.305458
vt 0.945068 0.211686
vt 0.889478 0.177602
vt 0.938555 0.165922
vt 0.054932 0.211686
vt 0.000140 0.253531
vt 0.006254 0.203887
vt 0.736941 0.319965
vt 0.744725 0.304629
vt 0.755419 0.312061
vt 0.263059 0.319965
vt 0.275237 0.340212
vt 0.254562 0.329853
vt 0.782732 0.300607
vt 0.793427 0.280495
vt 0.810045 0.289153
vt 0.217268 0.300607
vt 0.233887 0.319494
vt 0.203612 0.308652
vt 0.824760 0.275218
vt 0.823620 0.254612
vt 0.839476 0.261284
vt 0.175240 0.275218
vt 0.173337 0.297810
vt 0.159003 0.282883
vt 0.845780 0.245329
vt 0.835860 0.225225
vt 0.852085 0.229375
vt 0.154220 0.245329
vt 0.144669 0.267956
vt 0.138180 0.250740
vt 0.859799 0.207335
vt 0.842239 0.207650
vt 0.167607 0.185925
vt 0.175321 0.207965
vt 0.157761 0.207650
vt 0.878094 0.213410
vt 0.868309 0.233525
vt 0.121906 0.213410
vt 0.110522 0.177602
vt 0.129617 0.179374
vt 0.877028 0.268000
vt 0.855331 0.267956
vt 0.861820 0.250740
vt 0.122972 0.268000
vt 0.096698 0.261367
vt 0.114194 0.247446
vt 0.851870 0.305572
vt 0.826663 0.297810
vt 0.840997 0.282883
vt 0.148130 0.305572
vt 0.118831 0.309153
vt 0.131750 0.288554
vt 0.802339 0.334671
vt 0.766113 0.319494
vt 0.796388 0.308652
vt 0.197661 0.334671
vt 0.155683 0.347370
vt 0.164510 0.322590
vt 0.745438 0.329853
vt 0.769188 0.346752
vt 0.751915 0.355943
vt 0.265359 0.365134
vt 0.241609 0.382033
vt 0.248085 0.355943
vt 0.808290 0.360690
vt 0.872062 0.384128
vt 0.835288 0.403313
vt 0.201486 0.422498
vt 0.137714 0.445937
vt 0.164712 0.403313
vt 0.751424 0.437222
vt 0.726855 0.432574
vt 0.735687 0.411316
vt 0.232839 0.463129
vt 0.231670 0.427386
vt 0.248576 0.437222
vt 0.783422 0.424942
vt 0.772263 0.374010
vt 0.798514 0.422498
vt 0.216578 0.424942
vt 0.207859 0.464714
vt 0.191547 0.467851
vt 0.795638 0.489991
vt 0.793890 0.477352
vt 0.810202 0.480489
vt 0.175235 0.470987
vt 0.189799 0.480489
vt 0.735358 0.246645
vt 0.755567 0.268847
vt 0.731901 0.278361
vt 0.291766 0.287876
vt 0.271556 0.310078
vt 0.268099 0.278361
vt 0.772675 0.261494
vt 0.769076 0.292562
vt 0.227325 0.261494
vt 0.233590 0.233065
vt 0.244433 0.268847
vt 0.801534 0.241578
vt 0.808524 0.267554
vt 0.198467 0.241578
vt 0.213863 0.227788
vt 0.210218 0.254142
vt 0.829740 0.239919
vt 0.813285 0.229014
vt 0.818982 0.218489
vt 0.191776 0.197060
vt 0.181018 0.218489
vt 0.722158 0.112505
vt 0.769334 0.128771
vt 0.730409 0.137729
vt 0.286093 0.087281
vt 0.323282 0.117123
vt 0.277842 0.112505
vt 0.774724 0.149079
vt 0.746131 0.160854
vt 0.282462 0.172629
vt 0.238147 0.183979
vt 0.253869 0.160854
vt 0.687130 0.192245
vt 0.691484 0.146686
vt 0.717538 0.172629
vt 0.312870 0.192245
vt 0.327053 0.224880
vt 0.291731 0.211726
vt 0.637528 0.157676
vt 0.612663 0.133675
vt 0.652074 0.140180
vt 0.362472 0.157676
vt 0.359503 0.198841
vt 0.334009 0.172763
vt 0.308516 0.146686
vt 0.347926 0.140180
vt 0.620602 0.180913
vt 0.622982 0.175172
vt 0.394533 0.151503
vt 0.396913 0.157244
vt 0.377018 0.175172
vt 0.817353 0.155349
vt 0.841102 0.160331
vt 0.824873 0.170637
vt 0.191356 0.180943
vt 0.175127 0.170637
vt 0.845282 0.128756
vt 0.857832 0.154065
vt 0.125437 0.147798
vt 0.142167 0.154065
vt 0.800125 0.134144
vt 0.796038 0.152214
vt 0.225276 0.149079
vt 0.208049 0.170283
vt 0.203962 0.152214
vt 0.827102 0.120538
vt 0.797350 0.114212
vt 0.205425 0.094280
vt 0.232401 0.107886
vt 0.202650 0.114212
vt 0.176713 0.101559
vt 0.172898 0.120538
vt 0.158533 0.109776
vt 0.470921 0.925520
vt 0.511383 0.888217
vt 0.515477 0.923702
vt 0.230654 0.959188
vt 0.190192 0.921885
vt 0.234749 0.923702
vt 0.610274 0.896954
vt 0.605134 0.846978
vt 0.660514 0.872023
vt 0.139952 0.896954
vt 0.175598 0.959188
vt 0.104965 0.928128
vt 0.605247 0.815694
vt 0.644617 0.770710
vt 0.652565 0.821367
vt 0.089712 0.872023
vt 0.050342 0.827040
vt 0.097660 0.821367
vt 0.590097 0.764311
vt 0.596351 0.731684
vt 0.620484 0.751197
vt 0.105609 0.770710
vt 0.099356 0.738083
vt 0.129742 0.751197
vt 0.574107 0.714507
vt 0.534996 0.712528
vt 0.551862 0.697330
vt 0.153875 0.731684
vt 0.156929 0.700644
vt 0.176120 0.714507
vt 0.523817 0.680619
vt 0.483006 0.686791
vt 0.495773 0.663908
vt 0.198364 0.697330
vt 0.211592 0.661578
vt 0.226409 0.680619
vt 0.502574 0.713972
vt 0.478880 0.719593
vt 0.480943 0.703192
vt 0.247652 0.713972
vt 0.215230 0.712528
vt 0.241225 0.699659
vt 0.541091 0.738618
vt 0.513415 0.736977
vt 0.524205 0.724752
vt 0.209135 0.738618
vt 0.175391 0.744212
vt 0.195311 0.728370
vt 0.549358 0.775098
vt 0.557976 0.752483
vt 0.569728 0.769705
vt 0.168747 0.786926
vt 0.160129 0.764311
vt 0.180498 0.769704
vt 0.555720 0.805645
vt 0.581479 0.786926
vt 0.580483 0.810670
vt 0.170738 0.834414
vt 0.144979 0.815694
vt 0.169742 0.810670
vt 0.539256 0.832114
vt 0.579488 0.834414
vt 0.557271 0.848947
vt 0.215171 0.863481
vt 0.174939 0.865780
vt 0.192955 0.848947
vt 0.508157 0.866034
vt 0.485193 0.845321
vt 0.504932 0.843850
vt 0.242069 0.866034
vt 0.204787 0.884582
vt 0.783131 0.175256
vt 0.778179 0.186176
vt 0.770016 0.185078
vt 0.243100 0.194899
vt 0.229984 0.185077
vt 0.446308 0.680407
vt 0.452327 0.647336
vt 0.291880 0.614266
vt 0.341344 0.630764
vt 0.297899 0.647336
vt 0.766587 0.212663
vt 0.770208 0.191225
vt 0.778172 0.209507
vt 0.233413 0.212662
vt 0.223727 0.230426
vt 0.439075 0.909979
vt 0.477326 0.891852
vt 0.311152 0.909979
vt 0.349925 0.910556
vt 0.317818 0.934872
vt 0.453781 0.698534
vt 0.443630 0.713731
vt 0.426620 0.693877
vt 0.296445 0.698534
vt 0.267220 0.686791
vt 0.303918 0.680407
vt 0.401211 0.692398
vt 0.418944 0.706787
vt 0.338957 0.719698
vt 0.313549 0.721177
vt 0.331282 0.706787
vt 0.419539 0.735133
vt 0.429725 0.728622
vt 0.431183 0.737575
vt 0.330687 0.735133
vt 0.327247 0.754609
vt 0.322416 0.750568
vt 0.392195 0.762980
vt 0.407896 0.732692
vt 0.408772 0.769186
vt 0.340577 0.805680
vt 0.324877 0.775391
vt 0.341454 0.769186
vt 0.409648 0.805680
vt 0.437998 0.813574
vt 0.420432 0.830163
vt 0.347360 0.846753
vt 0.319010 0.854647
vt 0.329794 0.830163
vt 0.456238 0.861617
vt 0.448277 0.830976
vt 0.466735 0.838148
vt 0.304485 0.885085
vt 0.268966 0.868587
vt 0.293988 0.861617
vt 0.797344 0.206653
vt 0.802580 0.199758
vt 0.802765 0.201586
vt 0.208077 0.211720
vt 0.205456 0.215602
vt 0.202656 0.206653
vt 0.785916 0.199834
vt 0.789609 0.184671
vt 0.793660 0.190161
vt 0.221828 0.209507
vt 0.214084 0.199834
vt 0.779909 0.187948
vt 0.210391 0.184671
vt 0.212121 0.182899
vt 0.220091 0.187948
vt 0.472502 0.824116
vt 0.466042 0.804091
vt 0.478270 0.810083
vt 0.277723 0.824116
vt 0.265033 0.845321
vt 0.262381 0.830698
vt 0.437881 0.790047
vt 0.457042 0.794006
vt 0.447520 0.803790
vt 0.312228 0.813574
vt 0.293067 0.817533
vt 0.302706 0.803790
vt 0.434371 0.774916
vt 0.438745 0.764960
vt 0.443393 0.774441
vt 0.315855 0.774916
vt 0.322507 0.796173
vt 0.312346 0.790047
vt 0.438928 0.751439
vt 0.441980 0.760656
vt 0.434895 0.755612
vt 0.319364 0.759784
vt 0.315331 0.755612
vt 0.439772 0.736040
vt 0.447518 0.749905
vt 0.439350 0.743739
vt 0.319044 0.737575
vt 0.311298 0.751439
vt 0.310876 0.743739
vt 0.444870 0.729625
vt 0.456307 0.732687
vt 0.453063 0.738073
vt 0.305356 0.729625
vt 0.320501 0.728622
vt 0.310454 0.736040
vt 0.463572 0.726720
vt 0.475471 0.740871
vt 0.465889 0.736779
vt 0.286654 0.726721
vt 0.306596 0.713731
vt 0.300258 0.723209
vt 0.503643 0.830386
vt 0.490498 0.816075
vt 0.502355 0.816922
vt 0.246583 0.830386
vt 0.225555 0.842380
vt 0.230785 0.830074
vt 0.530171 0.822649
vt 0.514211 0.817769
vt 0.521086 0.813183
vt 0.220055 0.822649
vt 0.196385 0.821849
vt 0.209325 0.815223
vt 0.542370 0.802661
vt 0.527961 0.808598
vt 0.529020 0.799676
vt 0.207856 0.802661
vt 0.192627 0.789442
vt 0.206387 0.790098
vt 0.536854 0.778334
vt 0.530079 0.790754
vt 0.524350 0.781569
vt 0.200868 0.775098
vt 0.220358 0.766569
vt 0.213372 0.778334
vt 0.529868 0.766569
vt 0.508644 0.763709
vt 0.517955 0.756287
vt 0.222960 0.748865
vt 0.244184 0.746005
vt 0.232271 0.756287
vt 0.506041 0.746005
vt 0.487069 0.747952
vt 0.491609 0.738118
vt 0.254079 0.728285
vt 0.273050 0.730232
vt 0.258617 0.738119
vt 0.455681 0.756610
vt 0.468029 0.756171
vt 0.463844 0.763315
vt 0.302709 0.749905
vt 0.297788 0.763405
vt 0.294545 0.756610
vt 0.473053 0.770481
vt 0.487167 0.769899
vt 0.482260 0.777646
vt 0.286381 0.763315
vt 0.281719 0.777926
vt 0.277174 0.770481
vt 0.495892 0.776449
vt 0.500581 0.790061
vt 0.491421 0.783853
vt 0.258805 0.783853
vt 0.272872 0.785393
vt 0.263277 0.791258
vt 0.510377 0.787795
vt 0.514925 0.798305
vt 0.507753 0.794183
vt 0.249645 0.790061
vt 0.245097 0.800570
vt 0.242473 0.794183
vt 0.503742 0.808746
vt 0.496545 0.797122
vt 0.505129 0.800570
vt 0.246484 0.808746
vt 0.236015 0.817769
vt 0.236264 0.810894
vt 0.486950 0.791258
vt 0.493522 0.806599
vt 0.482610 0.800670
vt 0.278528 0.794742
vt 0.271956 0.810083
vt 0.267616 0.800670
vt 0.462775 0.785966
vt 0.459660 0.770459
vt 0.468507 0.777926
vt 0.293184 0.794006
vt 0.287452 0.785966
vt 0.447916 0.768923
vt 0.448042 0.783921
vt 0.302310 0.768923
vt 0.305010 0.756351
vt 0.308245 0.760656
vt 0.471750 0.748521
vt 0.458924 0.749815
vt 0.462406 0.743297
vt 0.284337 0.736779
vt 0.297163 0.738073
vt 0.287820 0.743297
vt 0.482334 0.755494
vt 0.267892 0.755494
vt 0.251558 0.755033
vt 0.263157 0.747952
vt 0.492917 0.762466
vt 0.502268 0.770079
vt 0.238607 0.777692
vt 0.241582 0.763709
vt 0.247958 0.770079
vt 0.511618 0.777692
vt 0.517363 0.784682
vt 0.227118 0.791672
vt 0.225877 0.781569
vt 0.232863 0.784682
vt 0.521973 0.798990
vt 0.516137 0.792591
vt 0.523108 0.791672
vt 0.228254 0.798990
vt 0.222265 0.808598
vt 0.221206 0.799676
vt 0.513962 0.810894
vt 0.229389 0.806309
vt 0.229140 0.813183
vt 0.566262 0.646660
vt 0.574269 0.607668
vt 0.593889 0.631742
vt 0.183964 0.646660
vt 0.181498 0.682132
vt 0.159107 0.668974
vt 0.611034 0.687594
vt 0.613510 0.655816
vt 0.628770 0.674543
vt 0.139192 0.687594
vt 0.132359 0.719156
vt 0.119277 0.706213
vt 0.653484 0.720384
vt 0.644031 0.693270
vt 0.656097 0.702684
vt 0.074207 0.734554
vt 0.096742 0.720384
vt 0.676018 0.734554
vt 0.672374 0.699054
vt 0.688938 0.713398
vt 0.044724 0.727743
vt 0.048368 0.692243
vt 0.061288 0.713398
vt 0.701858 0.692243
vt 0.671798 0.663104
vt 0.700133 0.662263
vt 0.021759 0.661422
vt 0.051817 0.632284
vt 0.050093 0.662263
vt 0.698408 0.632284
vt 0.657583 0.617397
vt 0.691565 0.608024
vt 0.024678 0.598652
vt 0.065504 0.583765
vt 0.058661 0.608024
vt 0.611210 0.601132
vt 0.625736 0.624570
vt 0.109964 0.648007
vt 0.092643 0.617397
vt 0.124490 0.624570
vt 0.650284 0.668823
vt 0.099941 0.668824
vt 0.083213 0.640198
vt 0.676584 0.686010
vt 0.660308 0.689640
vt 0.106195 0.693270
vt 0.094129 0.702684
vt 0.089919 0.689640
vt 0.719501 0.555538
vt 0.684722 0.583765
vt 0.679297 0.565814
vt 0.076355 0.547863
vt 0.111133 0.576090
vt 0.070929 0.565814
vt 0.550573 0.573452
vt 0.594833 0.574771
vt 0.155393 0.574771
vt 0.120192 0.557583
vt 0.171770 0.548409
vt 0.504460 0.593858
vt 0.541404 0.624346
vt 0.245767 0.593858
vt 0.342073 0.587507
vt 0.208822 0.624346
vt 0.241687 0.641024
vt 0.175957 0.607668
vt 0.199653 0.573452
vt 0.282711 0.563371
vt 0.458346 0.614266
vt 0.508539 0.641024
vt 0.408153 0.587507
vt 0.467515 0.563371
vt 0.223349 0.539235
vt 0.139015 0.601132
vt 0.526877 0.539235
vt 0.578456 0.548409
vt 0.630034 0.557583
vt 0.639093 0.576090
vt 0.102074 0.594596
vt 0.030726 0.555538
vt 0.028934 0.572934
vt 0.648152 0.594596
vt 0.673872 0.547863
vt 0.077853 0.699054
vt 0.073642 0.686010
vt 0.082063 0.712097
vt 0.668163 0.712097
vt 0.121455 0.674543
vt 0.136716 0.655816
vt 0.078428 0.663104
vt 0.640262 0.648007
vt 0.667013 0.640198
vt 0.156336 0.631742
vt 0.020422 0.624370
vt 0.725548 0.598652
vt 0.721292 0.572934
vt 0.729804 0.624370
vt 0.023095 0.698475
vt 0.728467 0.661422
vt 0.727131 0.698475
vt 0.066352 0.757011
vt 0.705503 0.727743
vt 0.683874 0.757011
vt 0.650871 0.738083
vt 0.630949 0.706213
vt 0.617867 0.719156
vt 0.593297 0.700644
vt 0.591119 0.668974
vt 0.568728 0.682132
vt 0.538634 0.661578
vt 0.236513 0.804019
vt 0.520837 0.806309
vt 0.513713 0.804019
vt 0.220147 0.790754
vt 0.234089 0.792591
vt 0.235301 0.798305
vt 0.231606 0.772385
vt 0.239849 0.787795
vt 0.245609 0.782999
vt 0.518620 0.772385
vt 0.257308 0.762466
vt 0.254334 0.776449
vt 0.263059 0.769899
vt 0.498668 0.755033
vt 0.504617 0.782999
vt 0.278476 0.748521
vt 0.274755 0.740871
vt 0.282197 0.756171
vt 0.272628 0.763035
vt 0.477598 0.763035
vt 0.300407 0.743458
vt 0.291302 0.749815
vt 0.449819 0.743458
vt 0.306832 0.774441
vt 0.311481 0.764960
vt 0.302184 0.783921
vt 0.296375 0.777190
vt 0.445216 0.756351
vt 0.452438 0.763405
vt 0.453851 0.777190
vt 0.290566 0.770459
vt 0.471698 0.794742
vt 0.477354 0.785393
vt 0.259728 0.816075
vt 0.256705 0.806599
vt 0.253681 0.797122
vt 0.247872 0.816922
vt 0.267965 0.777646
vt 0.236811 0.736977
vt 0.477175 0.730232
vt 0.496147 0.728285
vt 0.209109 0.760754
vt 0.527266 0.748865
vt 0.541117 0.760754
vt 0.543839 0.790098
vt 0.194506 0.805645
vt 0.557599 0.789442
vt 0.540901 0.815223
vt 0.210970 0.832114
vt 0.553841 0.821849
vt 0.519441 0.830074
vt 0.245294 0.843850
vt 0.524671 0.842380
vt 0.487846 0.830698
vt 0.293919 0.732687
vt 0.288971 0.716662
vt 0.449969 0.723209
vt 0.461255 0.716662
vt 0.436678 0.721177
vt 0.432640 0.746527
vt 0.317586 0.746527
vt 0.430862 0.759784
vt 0.427809 0.750568
vt 0.422979 0.754609
vt 0.427719 0.796173
vt 0.425349 0.775391
vt 0.284184 0.804091
vt 0.457160 0.817533
vt 0.283491 0.838148
vt 0.221821 0.186176
vt 0.229792 0.191225
vt 0.213850 0.181127
vt 0.787879 0.182899
vt 0.786150 0.181127
vt 0.202290 0.195652
vt 0.206340 0.190161
vt 0.797710 0.195652
vt 0.791924 0.211720
vt 0.786137 0.227788
vt 0.197050 0.203415
vt 0.197235 0.201586
vt 0.197420 0.199758
vt 0.199855 0.197705
vt 0.802950 0.203415
vt 0.794544 0.215602
vt 0.800145 0.197705
vt 0.301949 0.830976
vt 0.336071 0.878318
vt 0.481260 0.868587
vt 0.445741 0.885085
vt 0.414155 0.878318
vt 0.358648 0.815187
vt 0.431216 0.854647
vt 0.402866 0.846753
vt 0.391578 0.815187
vt 0.342331 0.732692
vt 0.358031 0.762980
vt 0.357414 0.710774
vt 0.411269 0.719698
vt 0.323606 0.693877
vt 0.349015 0.692398
vt 0.340616 0.674022
vt 0.392812 0.710774
vt 0.269283 0.703192
vt 0.409610 0.674022
vt 0.279305 0.925520
vt 0.285710 0.959188
vt 0.272900 0.891852
vt 0.342998 0.894437
vt 0.432409 0.934872
vt 0.464516 0.959188
vt 0.400301 0.910556
vt 0.407228 0.894437
vt 0.244999 0.215818
vt 0.776273 0.230426
vt 0.766410 0.233065
vt 0.756900 0.194899
vt 0.254453 0.663908
vt 0.408881 0.630764
vt 0.216869 0.175256
vt 0.761853 0.183979
vt 0.238844 0.888217
vt 0.535055 0.863481
vt 0.545439 0.884582
vt 0.145092 0.846978
vt 0.575287 0.865780
vt 0.144866 0.784410
vt 0.605360 0.784410
vt 0.192250 0.752483
vt 0.574835 0.744212
vt 0.226021 0.724752
vt 0.554915 0.728370
vt 0.271346 0.719593
vt 0.509001 0.699659
vt 0.699884 0.827040
vt 0.715894 0.897069
vt 0.034332 0.897069
vt 0.645261 0.928128
vt 0.574628 0.959188
vt 0.560034 0.921885
vt 0.519572 0.959188
vt 0.154718 0.128756
vt 0.140353 0.117994
vt 0.169083 0.139518
vt 0.823287 0.101559
vt 0.830917 0.139518
vt 0.230666 0.128771
vt 0.199874 0.134144
vt 0.767599 0.107886
vt 0.765863 0.087001
vt 0.196211 0.171181
vt 0.182647 0.155349
vt 0.803789 0.171181
vt 0.791951 0.170283
vt 0.780113 0.169386
vt 0.158897 0.160331
vt 0.148712 0.181145
vt 0.874563 0.147798
vt 0.870383 0.179374
vt 0.851288 0.181145
vt 0.832394 0.185925
vt 0.808644 0.180943
vt 0.813499 0.190705
vt 0.379398 0.180913
vt 0.399292 0.162985
vt 0.600708 0.162985
vt 0.362693 0.110618
vt 0.387337 0.133675
vt 0.338048 0.087561
vt 0.676718 0.117123
vt 0.390935 0.142589
vt 0.665990 0.172763
vt 0.609065 0.142589
vt 0.256408 0.198572
vt 0.343278 0.211861
vt 0.708269 0.211726
vt 0.219887 0.169386
vt 0.269591 0.137729
vt 0.234137 0.087001
vt 0.713907 0.087281
vt 0.186715 0.229014
vt 0.170260 0.239919
vt 0.176380 0.254612
vt 0.164140 0.225225
vt 0.808224 0.197060
vt 0.824679 0.207965
vt 0.191476 0.267554
vt 0.206573 0.280495
vt 0.789782 0.254142
vt 0.230924 0.292562
vt 0.255275 0.304629
vt 0.728444 0.310078
vt 0.712163 0.315527
vt 0.704305 0.260225
vt 0.206111 0.477352
vt 0.204362 0.489991
vt 0.808453 0.467851
vt 0.824765 0.470987
vt 0.792141 0.464714
vt 0.227737 0.374010
vt 0.768330 0.427386
vt 0.758391 0.382033
vt 0.264313 0.411316
vt 0.255481 0.390057
vt 0.273145 0.432574
vt 0.257819 0.461543
vt 0.265482 0.447058
vt 0.744519 0.390057
vt 0.767161 0.463129
vt 0.742181 0.461543
vt 0.100193 0.420886
vt 0.191710 0.360690
vt 0.899807 0.420886
vt 0.862286 0.445937
vt 0.230812 0.346752
vt 0.734641 0.365134
vt 0.724763 0.340212
vt 0.835490 0.322590
vt 0.844317 0.347370
vt 0.137257 0.328261
vt 0.868250 0.288554
vt 0.881169 0.309153
vt 0.131691 0.233525
vt 0.107764 0.285260
vt 0.885805 0.247446
vt 0.892236 0.285260
vt 0.140201 0.207335
vt 0.103610 0.219484
vt 0.896390 0.219484
vt 0.147915 0.229375
vt 0.160524 0.261284
vt 0.189955 0.289153
vt 0.244581 0.312061
vt 0.281537 0.327869
vt 0.718463 0.327869
vt 0.012367 0.154243
vt 0.048419 0.257449
vt 0.993747 0.203887
vt 0.987633 0.154243
vt 0.999860 0.253531
vt 0.079934 0.333269
vt 0.979411 0.305458
vt 0.958963 0.357385
vt 0.929385 0.389136
vt 0.077626 0.064228
vt 0.922374 0.064228
vt 0.955003 0.109236
vt 0.311374 0.242552
vt 0.351148 0.084880
vt 0.364247 0.082198
vt 0.607239 0.113940
vt 0.621496 0.098069
vt 0.369559 0.055830
vt 0.374872 0.029461
vt 0.345519 0.058138
vt 0.636069 0.029089
vt 0.625128 0.029461
vt 0.647010 0.028716
vt 0.710807 0.019777
vt 0.774604 0.010837
vt 0.225396 0.010837
vt 0.817973 0.019033
vt 0.861342 0.027230
vt 0.138658 0.027230
vt 0.891858 0.045729
vt 0.366449 0.203500
vt 0.626605 0.208159
vt 0.606761 0.190100
vt 0.593812 0.167513
vt 0.586916 0.172042
vt 0.416755 0.154155
vt 0.405644 0.152829
vt 0.585081 0.163098
vt 0.583245 0.154155
vt 0.421339 0.139176
vt 0.578661 0.139176
vt 0.572154 0.127335
vt 0.586443 0.114717
vt 0.565647 0.115495
vt 0.580953 0.146665
vt 0.411873 0.085177
vt 0.555171 0.099259
vt 0.566411 0.084100
vt 0.382815 0.069520
vt 0.406628 0.071009
vt 0.401383 0.056841
vt 0.443646 0.040906
vt 0.458243 0.045210
vt 0.467809 0.055154
vt 0.472841 0.049514
vt 0.462778 0.060794
vt 0.556354 0.040906
vt 0.557426 0.053021
vt 0.422514 0.048873
vt 0.544695 0.083023
vt 0.538787 0.075422
vt 0.545689 0.066480
vt 0.452139 0.062965
vt 0.532878 0.067822
vt 0.531667 0.066442
vt 0.533840 0.062928
vt 0.530457 0.065062
vt 0.525584 0.062782
vt 0.523935 0.055009
vt 0.500000 0.043817
vt 0.520711 0.060503
vt 0.510355 0.057457
vt 0.453219 0.009442
vt 0.523391 0.021332
vt 0.546781 0.009442
vt 0.396447 0.023452
vt 0.575167 0.016447
vt 0.603553 0.023452
vt 0.614340 0.026457
vt 0.361243 0.224227
vt 0.661927 0.232587
vt 0.650908 0.240294
vt 0.638757 0.224227
vt 0.329796 0.254550
vt 0.689501 0.268805
vt 0.670205 0.254550
vt 0.287837 0.315527
vt 0.687009 0.293300
vt 0.684517 0.317795
vt 0.298519 0.344467
vt 0.293178 0.329997
vt 0.315483 0.317795
vt 0.701481 0.344467
vt 0.677937 0.326245
vt 0.671357 0.334694
vt 0.333786 0.388954
vt 0.316153 0.366711
vt 0.328643 0.334694
vt 0.666214 0.388954
vt 0.654066 0.352713
vt 0.636775 0.370732
vt 0.377699 0.417889
vt 0.355743 0.403422
vt 0.363225 0.370732
vt 0.622301 0.417889
vt 0.619518 0.383160
vt 0.602261 0.395588
vt 0.415384 0.428636
vt 0.396541 0.423263
vt 0.397739 0.395588
vt 0.582830 0.413552
vt 0.591653 0.397028
vt 0.581044 0.398468
vt 0.470353 0.428636
vt 0.442869 0.428636
vt 0.529647 0.428636
vt 0.532016 0.387365
vt 0.556530 0.392917
vt 0.500000 0.428636
vt 0.485177 0.428636
vt 0.516008 0.385113
vt 0.427361 0.292816
vt 0.427553 0.295716
vt 0.427169 0.289915
vt 0.439224 0.289610
vt 0.565818 0.295299
vt 0.567596 0.287126
vt 0.427123 0.299529
vt 0.426693 0.303342
vt 0.438815 0.301017
vt 0.568244 0.305247
vt 0.424039 0.306368
vt 0.421385 0.309394
vt 0.574537 0.314045
vt 0.425408 0.287270
vt 0.423648 0.284624
vt 0.430757 0.278245
vt 0.569243 0.278245
vt 0.416891 0.282396
vt 0.410134 0.280167
vt 0.410086 0.271772
vt 0.576352 0.284624
vt 0.405930 0.281625
vt 0.401725 0.283083
vt 0.589866 0.280167
vt 0.397370 0.287149
vt 0.393015 0.291216
vt 0.390350 0.282178
vt 0.598275 0.283083
vt 0.612047 0.289195
vt 0.392640 0.294368
vt 0.392265 0.297520
vt 0.612904 0.298359
vt 0.393125 0.300018
vt 0.393986 0.302517
vt 0.384129 0.307438
vt 0.615871 0.307438
vt 0.398820 0.305883
vt 0.403653 0.309249
vt 0.401576 0.313725
vt 0.606014 0.302517
vt 0.598424 0.313725
vt 0.406999 0.310793
vt 0.410344 0.312336
vt 0.597386 0.311487
vt 0.590242 0.316067
vt 0.413173 0.312614
vt 0.416002 0.312892
vt 0.413521 0.320394
vt 0.583064 0.316941
vt 0.418693 0.311143
vt 0.417870 0.320991
vt 0.429542 0.318697
vt 0.580593 0.328319
vt 0.569096 0.334986
vt 0.579057 0.335646
vt 0.564797 0.326512
vt 0.414427 0.334266
vt 0.591459 0.326341
vt 0.592090 0.332885
vt 0.585573 0.334266
vt 0.606163 0.325516
vt 0.599127 0.329201
vt 0.617207 0.318576
vt 0.628251 0.311636
vt 0.383027 0.303317
vt 0.626812 0.299852
vt 0.631901 0.306072
vt 0.635551 0.300507
vt 0.382890 0.287175
vt 0.624297 0.285532
vt 0.631484 0.283889
vt 0.633518 0.292198
vt 0.606761 0.270795
vt 0.611331 0.264411
vt 0.621408 0.274150
vt 0.591143 0.263335
vt 0.592372 0.254897
vt 0.601851 0.259654
vt 0.559669 0.267717
vt 0.576020 0.261307
vt 0.434198 0.281291
vt 0.556620 0.281085
vt 0.555274 0.272775
vt 0.550878 0.277832
vt 0.551568 0.324425
vt 0.559135 0.334326
vt 0.553591 0.310837
vt 0.456363 0.293371
vt 0.543819 0.303947
vt 0.544001 0.314523
vt 0.551413 0.294127
vt 0.547257 0.285601
vt 0.494866 0.083816
vt 0.493178 0.086791
vt 0.496555 0.080840
vt 0.498277 0.080580
vt 0.500000 0.082979
vt 0.500000 0.089977
vt 0.508366 0.088758
vt 0.490188 0.086480
vt 0.508186 0.082762
vt 0.492545 0.079659
vt 0.500000 0.080320
vt 0.500000 0.075473
vt 0.496590 0.074439
vt 0.503410 0.074439
vt 0.506007 0.076233
vt 0.490699 0.078008
vt 0.506819 0.075382
vt 0.509300 0.078008
vt 0.510747 0.081435
vt 0.490089 0.090724
vt 0.511977 0.087045
vt 0.511782 0.080633
vt 0.512172 0.093457
vt 0.500000 0.091346
vt 0.511042 0.092091
vt 0.506086 0.092402
vt 0.436273 0.163484
vt 0.455791 0.172814
vt 0.459953 0.194191
vt 0.561401 0.193805
vt 0.458673 0.154899
vt 0.457232 0.163857
vt 0.541327 0.154899
vt 0.460568 0.141339
vt 0.537536 0.127779
vt 0.551592 0.121637
vt 0.474104 0.130601
vt 0.485743 0.133422
vt 0.517241 0.149018
vt 0.520226 0.164615
vt 0.514257 0.133422
vt 0.525242 0.172427
vt 0.530258 0.180239
vt 0.464115 0.215568
vt 0.529779 0.207193
vt 0.523673 0.198817
vt 0.526965 0.189528
vt 0.482058 0.234007
vt 0.511837 0.201342
vt 0.484777 0.179411
vt 0.483092 0.181873
vt 0.486462 0.176949
vt 0.493231 0.174333
vt 0.500000 0.178950
vt 0.508454 0.184027
vt 0.516908 0.181873
vt 0.491182 0.192407
vt 0.487975 0.191558
vt 0.484768 0.190709
vt 0.483930 0.186291
vt 0.504409 0.189295
vt 0.484398 0.174651
vt 0.482334 0.172353
vt 0.519783 0.176957
vt 0.521901 0.181560
vt 0.480595 0.181717
vt 0.518957 0.194728
vt 0.481043 0.194728
vt 0.508211 0.197295
vt 0.491789 0.197295
vt 0.500000 0.189175
vt 0.500000 0.171718
vt 0.500000 0.165170
vt 0.481054 0.168484
vt 0.479774 0.164615
vt 0.510113 0.161240
vt 0.500000 0.157864
vt 0.478685 0.196773
vt 0.473920 0.180900
vt 0.500000 0.100063
vt 0.486126 0.097191
vt 0.492871 0.133887
vt 0.500000 0.134352
vt 0.514066 0.115306
vt 0.478449 0.094145
vt 0.470772 0.091098
vt 0.472236 0.085260
vt 0.519237 0.086439
vt 0.527764 0.085260
vt 0.533382 0.109439
vt 0.473699 0.079422
vt 0.475543 0.075050
vt 0.477388 0.070678
vt 0.480180 0.069584
vt 0.482972 0.068490
vt 0.511923 0.071936
vt 0.491486 0.066509
vt 0.500000 0.069012
vt 0.478181 0.294531
vt 0.449122 0.277832
vt 0.525439 0.265139
vt 0.500000 0.318054
vt 0.478000 0.327470
vt 0.480092 0.347378
vt 0.500000 0.340417
vt 0.460183 0.354339
vt 0.549476 0.344333
vt 0.539817 0.354339
vt 0.547777 0.241643
vt 0.431822 0.226928
vt 0.399530 0.238288
vt 0.381284 0.249754
vt 0.363038 0.261221
vt 0.353571 0.272817
vt 0.344104 0.284413
vt 0.364449 0.300507
vt 0.342299 0.298782
vt 0.340493 0.313152
vt 0.361321 0.317037
vt 0.350893 0.322437
vt 0.345693 0.317795
vt 0.368629 0.337772
vt 0.386364 0.353108
vt 0.406866 0.352081
vt 0.396093 0.362193
vt 0.405822 0.371277
vt 0.613636 0.353108
vt 0.422649 0.373341
vt 0.414236 0.372309
vt 0.577351 0.373341
vt 0.441416 0.363840
vt 0.418956 0.398468
vt 0.598220 0.383433
vt 0.672012 0.315473
vt 0.672698 0.276609
vt 0.643935 0.250757
vt 0.613537 0.223224
vt 0.463039 0.087060
vt 0.470410 0.073622
vt 0.500000 0.054411
vt 0.866314 0.585461
vt 0.885028 0.593213
vt 0.892780 0.611927
vt 0.885028 0.630641
vt 0.856957 0.887935
vt 0.866314 0.891811
vt 0.877846 0.893185
vt 0.836773 0.611927
vt 0.833697 0.611927
vt 0.838473 0.600395
vt 0.845425 0.591038
vt 0.854782 0.893185
vt 0.845425 0.632816
vt 0.843250 0.634991
vt 0.838473 0.623459
vt 0.838473 0.876877
vt 0.866314 0.641469
vt 0.866314 0.644544
vt 0.854782 0.639768
vt 0.838473 0.853813
vt 0.889378 0.634991
vt 0.877846 0.639768
vt 0.894155 0.623459
vt 0.898931 0.611927
vt 0.894155 0.600395
vt 0.889378 0.588863
vt 0.889378 0.842281
vt 0.877846 0.584087
vt 0.866314 0.579310
vt 0.854782 0.584087
vt 0.843250 0.588863
vt 0.938410 0.865345
vt 0.866314 0.539831
vt 0.986087 0.865345
vt 0.968547 0.907691
vt 0.951006 0.950037
vt 0.866314 0.492154
vt 0.815334 0.560948
vt 0.951006 0.780653
vt 0.968547 0.822999
vt 0.951006 0.527235
vt 0.917294 0.560947
vt 0.917294 0.814365
vt 0.866314 0.793249
vt 0.938410 0.611927
vt 0.866314 0.745572
vt 0.908660 0.763112
vt 0.986087 0.611927
vt 0.823968 0.763112
vt 0.781622 0.780653
vt 0.951006 0.696619
vt 0.917293 0.662907
vt 0.840824 0.803807
vt 0.804776 0.839855
vt 0.866314 0.684023
vt 0.764081 0.822999
vt 0.746541 0.865345
vt 0.866314 0.707862
vt 0.764081 0.907691
vt 0.781622 0.950037
vt 0.804776 0.890835
vt 0.798478 0.679763
vt 0.829292 0.648949
vt 0.840824 0.926883
vt 0.794218 0.611927
vt 0.823968 0.967577
vt 0.866314 0.985118
vt 0.770380 0.611927
vt 0.908660 0.967577
vt 0.891804 0.926883
vt 0.781622 0.527235
vt 0.500000 0.197278
vt 0.186501 0.190705
vt 0.734518 0.447058
vt 0.032517 0.538143
vt 0.717709 0.538143
s 1
f 510/1/1 511/2/2 1980/3/3
f 1979/4/4 48/5/5 515/6/6
f 1978/7/7 5/8/8 518/9/9
f 1977/10/10 46/11/11 521/12/12
f 1976/13/13 7/14/14 524/15/15
f 1975/16/16 4/17/17 520/18/18
f 1974/19/19 9/20/20 522/21/21
f 1973/22/22 2/23/23 513/24/24
f 533/25/25 534/26/26 1972/27/27
f 1971/28/28 12/29/29 530/30/30
f 1970/31/31 17/32/32 539/33/33
f 1969/34/34 10/35/35 526/36/36
f 543/37/37 544/38/38 1968/39/39
f 1967/40/40 16/41/41 541/42/42
f 549/43/43 542/44/44 1966/45/45
f 1965/46/46 14/47/47 536/48/48
f 553/49/49 554/50/50 1964/51/51
f 1963/52/52 24/53/53 550/54/54
f 558/55/55 559/56/56 1962/57/57
f 1961/58/58 22/59/59 546/60/60
f 563/61/61 564/62/62 1960/63/63
f 567/64/64 561/65/65 1959/66/66
f 569/67/67 562/68/68 1958/69/69
f 1957/70/70 26/71/71 556/72/72
f 573/73/73 574/74/74 1956/75/75
f 577/76/76 570/77/77 1955/78/78
f 578/79/79 579/80/80 1954/81/81
f 575/82/82 566/83/83 1953/84/84
f 516/85/85 583/86/86 1952/87/87
f 585/88/88 581/89/89 1951/90/90
f 508/91/91 582/92/92 1950/93/93
f 1949/94/94 38/95/95 576/96/96
f 589/97/97 590/98/98 1948/99/99
f 587/100/100 593/101/101 1947/102/102
f 594/103/103 595/104/104 1946/105/105
f 577/76/106 592/106/107 1945/107/108
f 598/108/109 599/109/110 1944/110/111
f 571/111/112 597/112/113 1943/113/114
f 602/114/115 603/115/116 1942/116/117
f 557/117/118 601/118/119 1941/119/120
f 1940/120/121 59/121/122 607/122/123
f 1939/123/124 24/53/125 605/124/126
f 1938/125/127 63/126/128 611/127/129
f 1937/128/130 14/47/131 609/129/132
f 1936/130/133 65/131/134 615/132/135
f 1935/133/136 12/29/137 613/134/138
f 1934/135/139 49/136/140 618/137/141
f 1933/138/142 2/23/143 617/139/144
f 61/140/145 621/141/146 620/142/147
f 50/143/148 619/144/149 622/145/150
f 63/126/151 615/132/152 624/146/153
f 62/147/154 623/148/155 625/149/156
f 61/140/145 626/150/157 624/146/153
f 64/151/158 612/152/159 625/149/156
f 61/140/145 628/153/160 626/150/157
f 60/154/161 608/155/162 627/156/163
f 61/140/145 630/157/164 628/153/160
f 58/158/165 604/159/166 629/160/167
f 61/140/145 632/161/168 630/157/164
f 56/162/169 600/163/170 631/164/171
f 61/140/145 634/165/172 632/161/168
f 54/166/173 596/167/174 633/168/175
f 61/140/145 620/142/147 634/165/172
f 52/169/176 591/170/177 635/171/178
f 638/172/179 639/173/180 1932/174/181
f 641/175/182 642/176/183 1931/177/184
f 645/178/185 637/179/186 1930/180/187
f 647/181/188 648/182/189 1929/183/190
f 1928/184/191 172/185/192 644/186/193
f 1927/187/194 86/188/195 654/189/196
f 1926/190/197 170/191/198 650/192/199
f 1925/193/200 84/194/201 660/195/202
f 1924/196/203 168/197/204 656/198/205
f 665/199/206 666/200/207 1923/201/208
f 1922/202/209 146/203/210 670/204/211
f 1921/205/212 80/206/213 674/207/214
f 1920/208/215 148/209/216 677/210/217
f 1919/211/218 93/212/219 672/213/220
f 1918/214/221 150/215/222 683/216/223
f 1917/217/224 95/218/225 679/219/226
f 1916/220/227 152/221/228 689/222/229
f 692/223/230 685/224/231 1915/225/232
f 694/226/233 695/227/234 1914/228/235
f 698/229/236 691/230/237 1913/231/238
f 700/232/239 701/233/240 1912/234/241
f 704/235/242 697/236/243 1911/237/244
f 1910/238/245 158/239/246 707/240/247
f 710/241/248 703/242/249 1909/243/250
f 712/244/251 713/245/252 1908/246/253
f 716/247/254 709/248/255 1907/249/256
f 718/250/257 719/251/258 1906/252/259
f 722/253/260 715/254/261 1905/255/262
f 724/256/263 725/257/264 1904/258/265
f 727/259/266 721/260/267 1903/261/268
f 730/262/269 719/251/270 1902/263/271
f 1901/264/272 111/265/273 733/266/274
f 1900/267/275 158/239/276 713/245/277
f 1899/268/278 129/269/279 731/270/280
f 707/240/281 735/271/282 1898/272/283
f 740/273/284 741/274/285 1897/275/286
f 701/233/287 739/276/288 1896/277/289
f 1895/278/290 125/279/291 745/280/292
f 1894/281/293 154/282/294 743/283/295
f 748/284/296 749/285/297 1893/286/298
f 689/222/229 747/287/299 1892/288/300
f 752/289/301 753/290/302 1891/291/303
f 683/216/223 751/292/304 1890/293/305
f 756/294/306 757/295/307 1889/296/308
f 677/210/217 755/297/309 1888/298/310
f 760/299/311 761/300/312 1887/301/313
f 670/204/314 759/302/315 1886/303/316
f 1885/304/317 115/305/318 765/306/319
f 1884/307/320 177/308/321 768/309/322
f 1883/310/323 115/305/318 764/311/324
f 725/257/325 773/312/326 1882/313/327
f 733/266/274 775/314/328 1881/315/329
f 1880/316/330 178/317/331 778/318/332
f 1879/319/333 113/320/334 780/321/335
f 1878/322/336 183/323/337 778/318/332
f 770/324/338 781/325/339 1877/326/340
f 1876/327/341 176/328/342 638/172/179
f 1875/329/343 136/330/344 788/331/345
f 1874/332/346 174/333/347 645/178/185
f 1873/334/348 134/335/349 792/336/350
f 789/337/351 651/338/352 1872/339/353
f 795/340/354 796/341/355 1871/342/356
f 1870/343/357 185/344/358 799/345/359
f 1869/346/360 167/347/361 664/348/362
f 1868/349/363 168/197/204 799/345/359
f 1867/350/364 132/351/365 804/352/366
f 807/353/367 808/354/368 1866/355/369
f 810/356/370 811/357/371 1865/358/372
f 808/354/368 813/359/373 1864/360/374
f 801/361/375 814/362/376 1863/363/377
f 803/364/378 812/365/379 1862/366/380
f 817/367/381 815/368/382 1861/369/383
f 1860/370/384 191/371/385 821/372/386
f 1859/373/387 143/374/388 825/375/389
f 828/376/390 819/377/391 1858/378/392
f 1857/379/393 141/380/394 831/381/395
f 834/382/396 827/383/397 1856/384/398
f 836/385/399 837/386/400 1855/387/401
f 840/388/402 833/389/403 1854/390/404
f 839/391/405 838/392/406 1853/393/407
f 821/372/386 843/394/408 1852/395/409
f 810/356/410 842/396/411 1851/397/412
f 846/398/413 847/399/414 1850/400/415
f 844/401/416 845/402/417 1849/403/418
f 1848/404/419 200/405/420 852/406/421
f 1847/407/422 71/408/423 841/409/424
f 1846/410/425 202/411/426 856/412/427
f 853/413/428 835/414/429 1845/415/430
f 859/416/431 860/417/432 1844/418/433
f 857/419/434 829/420/435 1843/421/436
f 1842/422/437 206/423/438 846/398/413
f 1841/424/439 194/425/440 823/426/441
f 1840/427/442 202/411/443 855/428/444
f 866/429/445 854/430/446 1839/431/447
f 1838/432/448 206/423/438 863/433/449
f 1837/434/450 199/435/451 866/429/445
f 1836/436/452 164/437/453 768/309/322
f 1835/438/454 139/439/455 868/440/456
f 871/441/457 872/442/458 1834/443/459
f 1833/444/460 141/380/461 870/445/462
f 875/446/463 876/447/464 1832/448/465
f 825/375/466 874/449/467 1831/450/468
f 797/451/469 879/452/470 1830/453/471
f 811/357/371 878/454/472 1829/455/473
f 882/456/474 879/452/475 1828/457/476
f 884/458/477 665/199/206 1827/459/478
f 886/460/479 876/447/464 1826/461/480
f 888/462/481 883/463/482 1825/464/483
f 1824/465/484 211/466/485 886/460/479
f 1823/467/486 80/206/487 890/468/488
f 892/469/489 893/470/490 1822/471/491
f 817/367/381 895/472/492 1821/473/493
f 1820/474/494 222/475/495 897/476/496
f 795/340/354 899/477/497 1819/478/498
f 1818/479/499 220/480/500 901/481/501
f 1817/482/502 136/330/344 903/483/503
f 1816/484/504 218/485/505 905/486/506
f 1815/487/507 137/488/508 904/489/509
f 908/490/510 909/491/511 1814/492/512
f 906/493/513 907/494/514 1813/495/515
f 1812/496/516 227/497/517 913/498/518
f 1811/499/519 219/500/520 911/501/521
f 1810/502/522 225/503/523 917/504/524
f 1809/505/525 221/506/526 915/507/527
f 920/508/528 921/509/529 1808/510/530
f 894/511/531 919/512/532 1807/513/533
f 1806/514/534 229/515/535 924/516/536
f 1805/517/537 224/518/538 922/519/539
f 225/503/540 924/516/536 917/504/541
f 228/520/542 914/521/543 918/522/544
f 1804/523/545 234/524/546 928/525/547
f 783/526/548 931/527/549 1803/528/550
f 1802/529/551 232/530/552 933/531/553
f 780/321/335 935/532/554 1801/533/555
f 1800/534/556 254/535/557 937/536/558
f 775/314/328 939/537/559 1799/538/560
f 940/539/561 941/540/562 1798/541/563
f 771/542/564 930/543/565 1797/544/566
f 1796/545/567 250/546/568 945/547/569
f 1795/548/570 115/305/571 943/549/572
f 1794/550/573 248/551/574 949/552/575
f 1793/553/576 117/554/577 947/555/578
f 1792/556/579 246/557/580 953/558/581
f 1791/559/582 119/560/583 951/561/584
f 1790/562/585 244/563/586 957/564/587
f 1789/565/588 121/566/589 955/567/590
f 960/568/591 961/569/592 1788/570/593
f 749/285/594 959/571/595 1787/572/596
f 964/573/597 965/574/598 1786/575/599
f 745/280/600 963/576/601 1785/577/602
f 1784/578/603 236/579/604 969/580/605
f 1783/581/606 127/582/607 967/583/608
f 1782/584/609 238/585/610 973/586/611
f 1781/587/612 180/588/613 971/589/614
f 1780/590/615 256/591/616 976/592/617
f 732/593/618 975/594/619 1779/595/620
f 1778/596/621 258/597/622 980/598/623
f 977/599/624 983/600/625 1777/601/626
f 1776/602/627 276/603/628 985/604/629
f 1775/605/630 237/606/631 987/607/632
f 1774/608/633 278/609/634 989/610/635
f 970/611/636 991/612/637 1773/613/638
f 1772/614/639 274/615/640 993/616/641
f 966/617/642 995/618/643 1771/619/644
f 992/620/645 997/621/646 1770/622/647
f 1769/623/648 245/624/649 999/625/650
f 1768/626/651 270/627/652 1001/628/653
f 958/629/654 1003/630/655 1767/631/656
f 1766/632/657 268/633/658 1005/634/659
f 1765/635/660 249/636/661 1007/637/662
f 1004/638/663 1009/639/664 1764/640/665
f 950/641/666 1011/642/667 1763/643/668
f 1008/644/669 1013/645/670 1762/646/671
f 946/647/672 1015/648/673 1761/649/674
f 1012/650/675 1017/651/676 1760/652/677
f 1759/653/678 235/654/679 1019/655/680
f 1758/656/681 260/657/682 1021/658/683
f 938/659/684 982/660/685 1757/661/686
f 1756/662/687 282/663/688 1025/664/689
f 1755/665/690 255/666/691 1023/667/692
f 1754/668/693 280/669/694 1028/670/695
f 1753/671/696 233/672/697 1027/673/698
f 1031/674/699 1032/675/700 1752/676/701
f 1751/677/702 67/678/703 1030/679/704
f 1750/680/705 286/681/706 1036/682/707
f 1749/683/708 109/684/709 1034/685/710
f 1039/686/711 1040/687/712 1748/688/713
f 716/247/714 1038/689/715 1747/690/716
f 1043/691/717 1044/692/718 1746/693/719
f 710/241/720 1042/694/721 1745/695/722
f 1047/696/723 1048/697/724 1744/698/725
f 704/235/726 1046/699/727 1743/700/728
f 1051/701/729 1052/702/730 1742/703/731
f 698/229/732 1050/704/733 1741/705/734
f 1055/706/735 1056/707/736 1740/708/737
f 692/223/738 1054/709/739 1739/710/740
f 1738/711/741 298/712/742 1060/713/743
f 1737/714/744 97/715/745 1058/716/746
f 1736/717/747 300/718/748 1064/719/749
f 1735/720/750 95/218/751 1062/721/752
f 1069/722/753 1070/723/754 1734/724/755
f 1068/725/756 1073/726/757 1733/727/758
f 1067/728/759 1076/729/760 1732/730/761
f 1075/731/762 1078/732/763 1731/733/764
f 1074/734/765 1081/735/766 1730/736/767
f 1080/737/768 1083/738/769 1729/739/770
f 1728/740/771 306/741/772 1079/742/773
f 1727/743/774 90/744/775 1086/745/776
f 1726/746/777 340/747/778 1088/748/779
f 1725/749/780 88/750/781 1090/751/782
f 1724/752/783 334/753/784 1092/754/785
f 1723/755/786 86/188/787 1094/756/788
f 1722/757/789 330/758/790 1096/759/791
f 1721/760/792 84/194/793 1098/761/794
f 1720/762/795 338/763/796 1100/764/797
f 1102/765/798 1097/766/799 1719/767/800
f 1088/748/801 1081/735/766 1718/768/802
f 1717/769/803 331/770/804 1102/765/798
f 1100/764/797 1070/723/754 1716/771/805
f 1105/772/806 1106/773/807 1715/774/808
f 1714/775/809 332/776/810 1104/777/811
f 1713/778/812 82/779/813 1108/780/814
f 1712/781/815 344/782/816 1111/783/817
f 1114/784/818 888/462/481 1711/785/819
f 1115/786/820 1109/787/821 1710/788/822
f 1108/780/814 884/458/823 1709/789/824
f 1708/790/825 344/782/816 1118/791/826
f 890/468/488 1120/792/827 1707/793/828
f 1706/794/829 300/718/748 1063/795/830
f 1120/792/831 673/796/832 1705/797/833
f 1125/798/834 1126/799/835 1704/800/836
f 1129/801/837 1123/802/838 1703/803/839
f 1131/804/840 1132/805/841 1702/806/842
f 1127/807/843 1130/808/844 1701/809/845
f 1700/810/846 348/811/847 1137/812/848
f 1133/813/849 1135/814/850 1699/815/851
f 1698/816/852 328/817/853 1069/722/753
f 1697/818/854 305/819/855 1140/820/856
f 1141/821/857 1143/822/858 1696/823/859
f 1695/824/860 327/825/861 1116/826/862
f 1694/827/863 318/828/864 1147/829/865
f 1693/830/866 297/831/867 1150/832/868
f 1692/833/869 324/834/870 1124/835/871
f 1155/836/872 1151/837/873 1691/838/874
f 1158/839/875 1159/840/876 1690/841/877
f 1162/842/878 1156/843/879 1689/844/880
f 1688/845/881 354/846/882 1165/847/883
f 1687/848/884 303/849/885 1163/850/886
f 1686/851/887 316/852/888 1152/853/889
f 1685/854/890 75/855/891 1168/856/892
f 1684/857/893 362/858/894 1173/859/895
f 1683/860/896 293/861/897 1176/862/898
f 1682/863/899 368/864/900 1179/865/901
f 1681/866/902 365/867/903 1182/868/904
f 1680/869/905 370/870/906 1185/871/907
f 1679/872/908 367/873/909 1188/874/910
f 1678/875/911 376/876/912 1191/877/913
f 1677/878/914 373/879/915 1194/880/916
f 1197/881/917 1191/877/918 1676/882/919
f 1199/883/920 1200/884/921 1675/885/922
f 1674/886/923 374/887/924 1197/881/917
f 1673/888/925 317/889/926 1204/890/927
f 1672/891/928 372/892/929 1189/893/930
f 1671/894/931 355/895/932 1203/896/933
f 1670/897/934 366/898/935 1183/899/936
f 1669/900/937 357/901/938 1206/902/939
f 1668/903/940 364/904/941 1177/905/942
f 1667/906/943 359/907/944 1208/908/945
f 1171/909/946 1210/910/947 1666/911/948
f 1049/912/949 1214/913/950 1665/914/951
f 1209/915/952 1157/916/953 1664/917/954
f 1217/918/955 1215/919/956 1663/920/957
f 1662/921/958 288/922/959 1044/923/960
f 1037/924/961 1219/925/962 1661/926/963
f 1660/927/964 360/928/965 1216/929/966
f 1659/930/967 285/931/968 1221/932/969
f 73/933/970 1032/934/971 1222/935/972
f 74/936/973 1221/932/969 1222/937/972
f 1145/938/974 1223/939/975 1658/940/976
f 1057/941/977 1175/942/978 1657/943/979
f 1656/944/980 368/864/981 1178/945/982
f 1655/946/983 311/947/984 1224/948/985
f 1654/949/986 370/870/987 1184/950/988
f 1653/951/989 313/952/990 1227/953/991
f 1190/954/992 1230/955/993 1652/956/994
f 1200/884/921 1234/957/995 1651/958/996
f 1650/959/997 386/960/998 1237/961/999
f 1139/962/1000 1240/963/1001 1649/964/1002
f 1237/961/999 1243/965/1003 1648/966/1004
f 1245/967/1005 1246/968/1006 1647/969/1007
f 1646/970/1008 384/971/1009 1242/972/1010
f 1645/973/1011 299/974/1012 1149/975/1013
f 1644/976/1014 342/977/1015 1250/978/1016
f 1643/979/1017 301/980/1018 1248/981/1019
f 342/977/1015 1143/822/858 1250/978/1016
f 385/982/1020 1240/963/1001 1251/983/1021
f 300/718/748 1121/984/1022 1249/985/1023
f 345/986/1024 1119/987/1025 1252/988/1026
f 1254/989/1027 1255/990/1028 1642/991/1029
f 1258/992/1030 1199/883/920 1641/993/1031
f 1255/990/1028 1259/994/1032 1640/995/1033
f 1204/890/927 1154/996/1034 1639/997/1035
f 1262/998/1036 1254/989/1027 1638/999/1037
f 1244/1000/1038 1264/1001/1039 1637/1002/1040
f 1265/1003/1041 1262/998/1036 1636/1004/1042
f 1134/1005/1043 1239/1006/1044 1635/1007/1045
f 324/834/870 1259/994/1032 1125/798/834
f 353/1008/1046 1266/1009/1047 1128/1010/1048
f 1269/1011/1049 1270/1012/1050 1634/1013/1051
f 1273/1014/1052 1274/1015/1053 1633/1016/1054
f 1632/1017/1055 404/1018/1056 1277/1019/1057
f 1631/1020/1058 401/1021/1059 1280/1022/1060
f 1282/1023/1061 1283/1024/1062 1630/1025/1063
f 1278/1026/1064 1286/1027/1065 1629/1028/1066
f 1288/1029/1067 1289/1030/1068 1628/1031/1069
f 1284/1032/1070 1292/1033/1071 1627/1034/1072
f 1626/1035/1073 410/1036/1074 1295/1037/1075
f 1290/1038/1076 1298/1039/1077 1625/1040/1078
f 1624/1041/1079 412/1042/1080 1301/1043/1081
f 1296/1044/1082 1304/1045/1083 1623/1046/1084
f 1622/1047/1085 418/1048/1086 1307/1049/1087
f 1621/1050/1088 411/1051/1089 1303/1052/1090
f 1620/1053/1091 420/1054/1092 1305/1055/1093
f 1619/1056/1094 409/1057/1095 1297/1058/1096
f 1316/1059/1097 1311/1060/1098 1618/1061/1099
f 1318/1062/1100 1291/1063/1101 1617/1064/1102
f 1320/1065/1103 1315/1066/1104 1616/1067/1105
f 1322/1068/1106 1285/1069/1107 1615/1070/1108
f 1324/1071/1109 1319/1072/1110 1614/1073/1111
f 1326/1074/1112 1279/1075/1113 1613/1076/1114
f 1612/1077/1115 416/1078/1116 1328/1079/1117
f 1611/1080/1118 403/1081/1119 1326/1074/1112
f 1332/1082/1120 1333/1083/1121 1610/1084/1122
f 1246/968/1006 1336/1085/1123 1609/1086/1124
f 1301/1043/1125 1338/1087/1126 1608/1088/1127
f 1340/1089/1128 1335/1090/1129 1607/1091/1130
f 1606/1092/1131 442/1093/1132 1341/1094/1133
f 1605/1095/1134 311/947/984 1228/1096/1135
f 1604/1097/1136 414/1098/1137 1269/1011/1049
f 1603/1099/1138 383/1100/1139 1348/1101/1140
f 1602/1102/1141 440/1103/1142 1350/1104/1143
f 1601/1105/1144 413/1106/1145 1339/1107/1146
f 1355/1108/1147 1350/1104/1148 1600/1109/1149
f 1357/1110/1150 1358/1111/1151 1599/1112/1152
f 1598/1113/1153 438/1114/1154 1361/1115/1155
f 1597/1116/1156 435/1117/1157 1364/1118/1158
f 1367/1119/1159 1360/1120/1160 1596/1121/1161
f 1369/1122/1162 1370/1123/1163 1595/1124/1164
f 1366/1125/1165 1373/1126/1166 1594/1127/1167
f 1375/1128/1168 1376/1129/1169 1593/1130/1170
f 1592/1131/1171 450/1132/1172 1377/1133/1173
f 1346/1134/1174 1330/1135/1175 1591/1136/1176
f 1590/1137/1177 430/1138/1178 1344/1139/1179
f 1380/1140/1180 1232/1141/1181 1589/1142/1182
f 1588/1143/1183 446/1144/1184 1367/1145/1159
f 1342/1146/1185 1380/1140/1180 1587/1147/1186
f 442/1093/1132 1333/1083/1121 1381/1148/1187
f 447/1149/1188 1356/1150/1189 1382/1151/1190
f 1586/1152/1191 452/1153/1192 1385/1154/1193
f 1585/1155/1194 417/1156/1195 1388/1157/1196
f 1389/1158/1197 1390/1159/1198 1584/1160/1199
f 1374/1161/1200 1387/1162/1201 1583/1163/1202
f 1582/1164/1203 460/1165/1204 1394/1166/1205
f 1581/1167/1206 433/1168/1207 1392/1169/1208
f 1397/1170/1209 1398/1171/1210 1580/1172/1211
f 1364/1118/1212 1396/1173/1213 1579/1174/1214
f 1401/1175/1215 1402/1176/1216 1578/1177/1217
f 1362/1178/1218 1400/1179/1219 1577/1180/1220
f 1576/1181/1221 454/1182/1222 1406/1183/1223
f 1575/1184/1224 439/1185/1225 1404/1186/1226
f 1574/1187/1227 474/1188/1228 1410/1189/1229
f 1573/1190/1230 441/1191/1231 1408/1192/1232
f 1572/1193/1233 476/1194/1234 1414/1195/1235
f 1571/1196/1236 429/1197/1237 1416/1198/1238
f 1570/1199/1239 464/1200/1240 1418/1201/1241
f 1569/1202/1242 427/1203/1243 1420/1204/1244
f 1568/1205/1245 466/1206/1246 1422/1207/1247
f 1567/1208/1248 425/1209/1249 1424/1210/1250
f 1566/1211/1251 468/1212/1252 1426/1213/1253
f 1317/1214/1254 1428/1215/1255 1565/1216/1256
f 1425/1217/1257 1430/1218/1258 1564/1219/1259
f 1313/1220/1260 1432/1221/1261 1563/1222/1262
f 1429/1223/1263 1433/1224/1264 1562/1225/1265
f 1309/1226/1266 1412/1227/1267 1561/1228/1268
f 1560/1229/1269 480/1230/1270 1437/1231/1271
f 1403/1232/1272 1440/1233/1273 1559/1234/1274
f 1558/1235/1275 482/1236/1276 1443/1237/1277
f 1438/1238/1278 1446/1239/1279 1557/1240/1280
f 1448/1241/1281 1449/1242/1282 1556/1243/1283
f 1555/1244/1284 485/1245/1285 1452/1246/1286
f 1454/1247/1287 1455/1248/1288 1554/1249/1289
f 1450/1250/1290 1458/1251/1291 1553/1252/1292
f 1552/1253/1293 486/1254/1294 1453/1255/1295
f 1551/1256/1296 465/1257/1297 1462/1258/1298
f 1447/1259/1299 1460/1260/1300 1550/1261/1301
f 1464/1262/1302 1386/1263/1303 1549/1264/1304
f 1548/1265/1305 478/1266/1306 1441/1267/1307
f 1391/1268/1308 1464/1262/1302 1547/1269/1309
f 1546/1270/1310 462/1271/1311 1394/1166/1312
f 1545/1272/1313 459/1273/1314 1399/1274/1315
f 1467/1275/1316 1436/1276/1317 1544/1277/1318
f 1411/1278/1319 1407/1279/1320 1543/1280/1321
f 1542/1281/1322 480/1230/1270 1467/1275/1323
f 1541/1282/1324 473/1283/1325 1434/1284/1326
f 1448/1241/1281 1469/1285/1327 1540/1286/1328
f 1472/1287/1329 1431/1288/1330 1539/1289/1331
f 1454/1247/1287 1471/1290/1332 1538/1291/1333
f 1474/1292/1334 1427/1293/1335 1537/1294/1336
f 1536/1295/1337 490/1296/1338 1473/1297/1339
f 1535/1298/1340 467/1299/1341 1423/1300/1342
f 464/1200/1343 1459/1301/1344 1418/1201/1345
f 467/1299/1341 1476/1302/1346 1419/1303/1347
f 1534/1304/1348 504/1305/1349 1479/1306/1350
f 1533/1307/1351 393/1308/1352 1482/1309/1353
f 1532/1310/1354 502/1311/1355 1484/1312/1356
f 1531/1313/1357 395/1314/1358 1486/1315/1359
f 1530/1316/1360 500/1317/1361 1488/1318/1362
f 1292/1033/1363 1490/1319/1364 1529/1320/1365
f 1487/1321/1366 1492/1322/1367 1528/1323/1368
f 1286/1324/1369 1494/1325/1370 1527/1326/1371
f 1491/1327/1372 1496/1328/1373 1526/1329/1374
f 1280/1330/1375 1498/1331/1376 1525/1332/1377
f 1495/1333/1378 1500/1334/1379 1524/1335/1380
f 1273/1336/1381 1502/1337/1382 1523/1338/1383
f 1479/1306/1384 1504/1339/1385 1522/1340/1386
f 1506/1341/1387 1501/1342/1388 1521/1343/1389
f 1520/1344/1390 500/1317/1391 1484/1312/1392
f 1519/1345/1393 495/1346/1394 1506/1341/1387
f 496/1347/1395 1492/1322/1396 1507/1348/1397
f 501/1349/1398 1489/1350/1399 1508/1351/1400
f 1343/1352/1401 1499/1353/1402 1518/1354/1403
f 1234/1355/1404 1510/1356/1405 1517/1357/1406
f 1504/1339/1407 1511/1358/1408 1516/1359/1409
f 1515/1360/1410 315/1361/1411 1258/1362/1030
f 1514/1363/1412 504/1305/1349 1478/1364/1413
f 1513/1365/1414 321/1366/1415 1340/1089/1416
f 1481/1367/1417 1340/1089/1416 391/1368/1418
f 505/1369/1419 1513/1365/1414 1481/1367/1417
f 1512/1370/1420 1264/1371/1039 1513/1365/1414
f 1337/1372/1421 1478/1364/1413 390/1373/1422
f 320/1374/1423 1514/1363/1412 1337/1372/1421
f 1261/1375/1424 1511/1358/1425 1514/1363/1412
f 1515/1360/1410 323/1376/1426 1512/1370/1427
f 1505/1377/1428 1512/1370/1427 505/1369/1429
f 1505/1377/1428 1510/1356/1430 1515/1360/1410
f 1516/1359/1409 322/1378/1431 1253/1379/1432
f 314/1380/1433 1516/1359/1409 1253/1379/1432
f 1509/1381/1434 1504/1339/1407 1516/1359/1409
f 1517/1357/1406 507/1382/1435 1502/1337/1382
f 1348/1383/1436 1502/1337/1382 389/1384/1437
f 1348/1383/1436 1234/1355/1404 1517/1357/1406
f 1518/1354/1403 506/1385/1438 1509/1381/1439
f 1233/1386/1440 1509/1381/1439 314/1380/1441
f 1233/1386/1440 1343/1352/1401 1518/1354/1403
f 1508/1351/1400 1493/1387/1442 497/1388/1443
f 1508/1351/1400 1489/1350/1399 1493/1387/1442
f 1489/1350/1399 499/1389/1444 1493/1387/1442
f 1507/1348/1397 1488/1318/1445 500/1317/1391
f 1507/1348/1397 1492/1322/1396 1488/1318/1445
f 1492/1322/1396 498/1390/1446 1488/1318/1445
f 1485/1391/1447 1506/1341/1387 503/1392/1448
f 501/1349/1398 1519/1345/1393 1485/1391/1447
f 1508/1351/1400 1497/1393/1449 1519/1345/1393
f 1503/1394/1450 1484/1312/1392 502/1311/1451
f 494/1395/1452 1520/1344/1390 1503/1394/1450
f 1496/1328/1453 1507/1348/1397 1520/1344/1390
f 1521/1343/1389 507/1382/1454 1505/1377/1455
f 1480/1396/1456 1505/1377/1455 505/1369/1457
f 503/1392/1448 1521/1343/1389 1480/1396/1456
f 1522/1340/1386 506/1385/1458 1500/1334/1459
f 1503/1394/1450 1500/1334/1459 494/1395/1452
f 502/1311/1451 1522/1340/1386 1503/1394/1450
f 1523/1338/1383 507/1382/1435 1501/1342/1460
f 1498/1331/1376 1501/1342/1460 495/1346/1461
f 401/1397/1462 1523/1338/1383 1498/1331/1376
f 1524/1335/1380 506/1385/1438 1499/1353/1402
f 1268/1398/1463 1499/1353/1402 388/1399/1464
f 400/1400/1465 1524/1335/1380 1268/1398/1463
f 1525/1332/1377 495/1346/1461 1497/1393/1466
f 1494/1325/1467 1497/1393/1466 497/1388/1468
f 399/1401/1469 1525/1332/1377 1494/1325/1467
f 1526/1329/1374 494/1395/1470 1495/1333/1378
f 1275/1402/1471 1495/1333/1378 400/1400/1465
f 398/1403/1472 1526/1329/1374 1275/1402/1471
f 1527/1326/1371 497/1388/1473 1493/1387/1474
f 1490/1319/1475 1493/1387/1474 499/1389/1476
f 397/1404/1477 1527/1326/1371 1490/1319/1475
f 1528/1323/1368 496/1347/1478 1491/1327/1479
f 1281/1405/1480 1491/1327/1479 398/1403/1481
f 396/1406/1482 1528/1323/1368 1281/1405/1480
f 1489/1350/1483 1490/1319/1364 499/1389/1484
f 501/1349/1485 1529/1320/1365 1489/1350/1483
f 1486/1315/1486 1292/1033/1363 1529/1320/1365
f 1487/1321/1487 1488/1318/1362 498/1390/1488
f 1287/1407/1489 1487/1321/1487 396/1406/1490
f 1287/1407/1489 1483/1408/1491 1530/1316/1360
f 1485/1391/1492 1486/1315/1493 501/1349/1494
f 503/1392/1495 1531/1313/1496 1485/1391/1492
f 1482/1309/1353 1298/1039/1497 1531/1313/1357
f 1483/1408/1498 1484/1312/1356 500/1317/1499
f 394/1409/1500 1532/1310/1501 1483/1408/1502
f 1293/1410/1503 1477/1411/1504 1532/1310/1501
f 1480/1396/1505 1482/1309/1506 503/1392/1495
f 505/1369/1419 1533/1307/1351 1480/1396/1505
f 1481/1367/1417 1304/1045/1507 1533/1307/1351
f 1477/1411/1508 1479/1306/1350 502/1311/1355
f 392/1412/1509 1534/1304/1348 1477/1411/1504
f 1299/1413/1510 1478/1364/1413 1534/1304/1348
f 1419/1303/1347 1462/1258/1298 465/1257/1297
f 1419/1303/1347 1476/1302/1346 1462/1258/1298
f 1476/1302/1346 493/1414/1511 1462/1258/1298
f 1418/1201/1345 1475/1415/1512 466/1206/1513
f 1418/1201/1345 1459/1301/1344 1475/1415/1512
f 1459/1301/1344 492/1416/1514 1475/1415/1512
f 1474/1292/1334 1423/1300/1342 469/1417/1515
f 491/1418/1516 1535/1298/1340 1474/1292/1334
f 1456/1419/1517 1476/1302/1346 1535/1298/1340
f 1422/1207/1518 1473/1297/1339 468/1212/1519
f 466/1206/1513 1536/1295/1337 1422/1207/1518
f 1475/1415/1512 1455/1248/1288 1536/1295/1337
f 1537/1294/1336 471/1420/1520 1472/1287/1329
f 1457/1421/1521 1472/1287/1329 489/1422/1522
f 491/1418/1516 1537/1294/1336 1457/1421/1521
f 1538/1291/1333 470/1423/1523 1426/1213/1524
f 1473/1297/1339 1426/1213/1524 468/1212/1519
f 490/1296/1338 1538/1291/1333 1473/1297/1339
f 1539/1289/1331 473/1283/1325 1470/1424/1525
f 1451/1425/1526 1470/1424/1525 483/1426/1527
f 489/1422/1522 1539/1289/1331 1451/1425/1526
f 1540/1286/1328 472/1427/1528 1430/1218/1529
f 1471/1290/1332 1430/1218/1529 470/1423/1523
f 488/1428/1530 1540/1286/1328 1471/1290/1332
f 1468/1429/1531 1434/1284/1326 475/1430/1532
f 481/1431/1533 1541/1282/1324 1468/1429/1531
f 1445/1432/1534 1470/1424/1525 1541/1282/1324
f 1433/1224/1535 1467/1275/1323 474/1188/1536
f 472/1427/1528 1542/1281/1322 1433/1224/1535
f 1469/1285/1327 1442/1433/1537 1542/1281/1322
f 1543/1280/1321 457/1434/1538 1439/1435/1539
f 1468/1429/1540 1439/1435/1539 481/1431/1541
f 475/1430/1542 1543/1280/1321 1468/1429/1540
f 1544/1277/1318 456/1436/1543 1406/1183/1544
f 1410/1189/1545 1406/1183/1544 454/1182/1546
f 474/1188/1547 1544/1277/1318 1410/1189/1545
f 1395/1437/1548 1399/1274/1315 461/1438/1549
f 463/1439/1550 1545/1272/1313 1395/1437/1548
f 1466/1440/1551 1440/1233/1273 1545/1272/1313
f 1398/1171/1552 1394/1166/1312 460/1165/1553
f 458/1441/1554 1546/1270/1310 1398/1171/1552
f 1435/1442/1555 1465/1443/1556 1546/1270/1310
f 1446/1239/1279 1464/1262/1302 485/1245/1285
f 479/1444/1557 1547/1269/1309 1446/1239/1279
f 463/1439/1550 1547/1269/1309 1466/1440/1551
f 1463/1445/1558 1441/1267/1307 484/1446/1559
f 1390/1159/1560 1463/1445/1558 452/1153/1561
f 462/1271/1311 1548/1265/1305 1390/1159/1560
f 1549/1264/1304 477/1447/1562 1461/1448/1563
f 1452/1246/1286 1461/1448/1563 487/1449/1564
f 485/1245/1285 1549/1264/1304 1452/1246/1286
f 1550/1261/1301 476/1194/1565 1385/1154/1566
f 1463/1445/1558 1385/1154/1566 452/1153/1561
f 484/1446/1559 1550/1261/1301 1463/1445/1558
f 1458/1251/1291 1462/1258/1298 493/1414/1511
f 487/1449/1564 1551/1256/1296 1458/1251/1291
f 1461/1448/1563 1415/1450/1567 1551/1256/1296
f 1459/1301/1344 1453/1255/1295 492/1416/1514
f 464/1200/1343 1552/1253/1293 1459/1301/1344
f 1414/1195/1568 1460/1260/1300 1552/1253/1293
f 1553/1252/1292 493/1414/1511 1456/1419/1517
f 1457/1421/1521 1456/1419/1517 491/1418/1516
f 489/1422/1522 1553/1252/1292 1457/1421/1521
f 1554/1249/1289 492/1416/1514 1453/1255/1295
f 1449/1242/1282 1453/1255/1295 486/1254/1294
f 488/1428/1530 1554/1249/1289 1449/1242/1282
f 1450/1250/1290 1452/1246/1286 487/1449/1564
f 1451/1425/1526 1450/1250/1290 489/1422/1522
f 1451/1425/1526 1444/1451/1569 1555/1244/1284
f 1447/1259/1299 1449/1242/1282 486/1254/1294
f 484/1446/1559 1556/1243/1283 1447/1259/1299
f 1443/1237/1277 1448/1241/1281 1556/1243/1283
f 1557/1240/1280 485/1245/1285 1444/1451/1569
f 483/1426/1527 1557/1240/1280 1444/1451/1569
f 1445/1432/1534 1438/1238/1278 1557/1240/1280
f 1558/1235/1275 484/1446/1559 1441/1267/1307
f 1437/1231/1271 1441/1267/1307 478/1266/1306
f 1437/1231/1271 1442/1433/1537 1558/1235/1275
f 1559/1234/1274 479/1444/1557 1438/1238/1278
f 481/1431/1533 1559/1234/1274 1438/1238/1278
f 1439/1435/1539 1403/1232/1272 1559/1234/1274
f 1560/1229/1269 478/1266/1306 1435/1442/1555
f 1402/1176/1570 1435/1442/1555 458/1441/1554
f 1402/1176/1570 1436/1276/1317 1560/1229/1269
f 1561/1228/1268 475/1430/1571 1434/1284/1572
f 1432/1221/1261 1434/1284/1572 473/1283/1573
f 421/1452/1574 1561/1228/1268 1432/1221/1261
f 1562/1225/1265 474/1188/1228 1409/1453/1575
f 1306/1454/1576 1409/1453/1575 418/1048/1086
f 420/1054/1577 1562/1225/1265 1306/1454/1576
f 1563/1222/1262 473/1283/1573 1431/1288/1578
f 1428/1215/1579 1431/1288/1578 471/1420/1580
f 423/1455/1581 1563/1222/1262 1428/1215/1255
f 1564/1219/1259 472/1427/1582 1429/1223/1263
f 1312/1456/1583 1429/1223/1263 420/1054/1577
f 422/1457/1584 1564/1219/1259 1312/1456/1583
f 1565/1216/1256 471/1420/1585 1427/1293/1586
f 469/1417/1587 1565/1216/1256 1427/1293/1586
f 1424/1210/1588 1317/1214/1254 1565/1216/1256
f 1566/1211/1251 470/1423/1589 1425/1217/1590
f 1316/1059/1591 1425/1217/1590 422/1457/1584
f 1316/1059/1591 1421/1458/1592 1566/1211/1251
f 1423/1300/1593 1424/1210/1250 469/1417/1594
f 467/1299/1595 1567/1208/1248 1423/1300/1593
f 1420/1204/1596 1321/1459/1597 1567/1208/1248
f 1421/1458/1598 1422/1207/1247 468/1212/1599
f 424/1460/1600 1568/1205/1245 1421/1458/1598
f 1320/1065/1601 1417/1461/1602 1568/1205/1245
f 1419/1303/1603 1420/1204/1244 467/1299/1604
f 465/1257/1605 1569/1202/1242 1419/1303/1603
f 1416/1198/1238 1325/1462/1606 1569/1202/1242
f 1417/1461/1607 1418/1201/1241 466/1206/1608
f 426/1463/1609 1570/1199/1239 1417/1461/1607
f 1324/1071/1109 1413/1464/1610 1570/1199/1239
f 1415/1450/1611 1416/1198/1238 465/1257/1605
f 477/1447/1612 1571/1196/1236 1415/1450/1611
f 1388/1157/1196 1329/1465/1613 1571/1196/1236
f 1413/1464/1610 1414/1195/1235 464/1200/1240
f 428/1466/1614 1572/1193/1233 1413/1464/1610
f 1328/1079/1117 1383/1467/1615 1572/1193/1233
f 1411/1278/1616 1408/1192/1232 455/1468/1617
f 475/1430/1571 1573/1190/1230 1411/1278/1616
f 1412/1227/1267 1352/1469/1618 1573/1190/1230
f 1405/1470/1619 1410/1189/1229 454/1182/1620
f 440/1103/1142 1574/1187/1227 1405/1470/1619
f 1349/1471/1621 1409/1453/1575 1574/1187/1227
f 1407/1279/1622 1404/1186/1226 457/1434/1623
f 455/1468/1624 1575/1184/1224 1407/1279/1622
f 1408/1192/1625 1358/1111/1626 1575/1184/1224
f 1401/1175/1627 1406/1183/1223 456/1436/1628
f 438/1114/1629 1576/1181/1221 1401/1175/1627
f 1353/1472/1630 1405/1470/1631 1576/1181/1221
f 1577/1180/1220 459/1273/1632 1403/1232/1633
f 1404/1186/1634 1403/1232/1633 457/1434/1635
f 439/1185/1636 1577/1180/1220 1404/1186/1634
f 1578/1177/1217 458/1441/1637 1397/1170/1638
f 1361/1115/1639 1397/1170/1638 436/1473/1640
f 438/1114/1641 1578/1177/1217 1361/1115/1639
f 1579/1174/1214 461/1438/1642 1399/1274/1643
f 1400/1179/1644 1399/1274/1643 459/1273/1645
f 437/1474/1646 1579/1174/1214 1400/1179/1644
f 1580/1172/1211 460/1165/1647 1393/1475/1648
f 1359/1476/1649 1393/1475/1648 434/1477/1650
f 436/1473/1651 1580/1172/1211 1359/1476/1649
f 1395/1437/1652 1392/1169/1208 463/1439/1653
f 461/1438/1654 1581/1167/1206 1395/1437/1652
f 1396/1173/1655 1370/1123/1163 1581/1167/1206
f 1389/1158/1197 1394/1166/1205 462/1271/1656
f 432/1478/1657 1582/1164/1203 1389/1158/1197
f 1365/1479/1658 1393/1475/1659 1582/1164/1203
f 1583/1163/1202 453/1480/1660 1391/1268/1661
f 1392/1169/1208 1391/1268/1661 463/1439/1653
f 433/1168/1207 1583/1163/1202 1392/1169/1208
f 1584/1160/1199 452/1153/1192 1384/1481/1662
f 1373/1126/1166 1384/1481/1662 450/1132/1172
f 432/1478/1657 1584/1160/1199 1373/1126/1166
f 1386/1263/1663 1388/1157/1196 477/1447/1612
f 453/1480/1660 1585/1155/1194 1386/1263/1663
f 1387/1162/1201 1378/1482/1664 1585/1155/1194
f 1383/1467/1615 1385/1154/1193 476/1194/1234
f 416/1078/1116 1586/1152/1191 1383/1467/1615
f 1377/1133/1173 1384/1481/1662 1586/1152/1191
f 1382/1151/1190 1334/1483/1665 443/1484/1666
f 1382/1151/1190 1356/1150/1189 1334/1483/1665
f 1356/1150/1189 445/1485/1667 1334/1483/1665
f 1381/1148/1187 1355/1486/1668 446/1144/1184
f 1381/1148/1187 1333/1083/1121 1355/1486/1668
f 1333/1083/1121 444/1487/1669 1355/1486/1668
f 1587/1147/1186 449/1488/1670 1368/1489/1671
f 447/1149/1188 1587/1147/1186 1368/1489/1671
f 443/1484/1666 1587/1147/1186 1382/1151/1190
f 1588/1143/1183 448/1490/1672 1379/1491/1673
f 1341/1094/1133 1379/1491/1673 312/1492/1674
f 442/1093/1132 1588/1143/1183 1341/1094/1133
f 1589/1142/1182 383/1493/1675 1347/1494/1676
f 431/1495/1677 1589/1142/1182 1347/1494/1676
f 1375/1496/1168 1380/1140/1180 1589/1142/1182
f 1590/1137/1177 382/1497/1678 1229/1498/1679
f 1379/1491/1673 1229/1498/1679 312/1492/1674
f 1379/1491/1673 1372/1499/1680 1590/1137/1177
f 1378/1482/1664 1330/1135/1175 417/1156/1195
f 451/1500/1681 1591/1136/1176 1378/1482/1664
f 431/1501/1677 1591/1136/1176 1376/1129/1169
f 1327/1502/1682 1377/1133/1173 416/1078/1116
f 1345/1503/1683 1327/1502/1682 414/1098/1684
f 430/1504/1178 1592/1131/1171 1345/1503/1683
f 1593/1130/1170 451/1500/1681 1374/1161/1200
f 1369/1122/1162 1374/1161/1200 433/1168/1207
f 449/1505/1670 1593/1130/1170 1369/1122/1162
f 1594/1127/1167 450/1132/1172 1371/1506/1685
f 1372/1507/1680 1371/1506/1685 430/1504/1178
f 448/1508/1672 1594/1127/1167 1372/1507/1680
f 1595/1124/1164 435/1117/1686 1363/1509/1687
f 1368/1510/1671 1363/1509/1687 447/1511/1188
f 449/1505/1670 1595/1124/1164 1368/1510/1671
f 1596/1121/1161 434/1477/1688 1365/1479/1658
f 1366/1125/1165 1365/1479/1658 432/1478/1657
f 448/1508/1672 1596/1121/1161 1366/1125/1165
f 1597/1116/1156 437/1474/1689 1362/1178/1690
f 439/1185/1691 1597/1116/1156 1362/1178/1690
f 1357/1110/1150 1363/1509/1692 1597/1116/1156
f 1598/1113/1153 436/1473/1693 1359/1476/1694
f 434/1477/1695 1598/1113/1153 1359/1476/1694
f 1360/1120/1696 1354/1512/1697 1598/1113/1153
f 1599/1112/1152 441/1191/1698 1351/1513/1699
f 1356/1514/1700 1351/1513/1699 445/1515/1701
f 447/1511/1702 1599/1112/1152 1356/1514/1700
f 1600/1109/1149 440/1103/1703 1353/1472/1704
f 1354/1512/1697 1353/1472/1704 438/1114/1154
f 446/1516/1705 1600/1109/1149 1354/1512/1697
f 1351/1513/1706 1339/1107/1146 445/1515/1707
f 441/1191/1231 1601/1105/1144 1351/1513/1706
f 1352/1469/1618 1308/1517/1708 1601/1105/1144
f 1338/1087/1709 1350/1104/1143 444/1518/1710
f 412/1042/1711 1602/1102/1141 1338/1087/1709
f 1307/1049/1087 1349/1471/1621 1602/1102/1141
f 1272/1519/1712 1348/1101/1140 389/1520/1713
f 415/1521/1714 1603/1099/1138 1272/1519/1715
f 1346/1134/1174 1347/1522/1716 1603/1099/1138
f 1343/1523/1717 1269/1011/1718 388/1524/1719
f 382/1525/1720 1604/1097/1136 1343/1523/1717
f 1344/1526/1721 1345/1503/1683 1604/1097/1136
f 1342/1146/1185 1228/1096/1135 313/952/990
f 443/1484/1666 1605/1095/1134 1342/1146/1185
f 1336/1085/1123 1148/1527/1722 1605/1095/1134
f 1225/1528/1723 1341/1094/1133 312/1492/1674
f 310/1529/1724 1606/1092/1131 1225/1528/1723
f 1147/829/865 1331/1530/1725 1606/1092/1131
f 1607/1091/1130 445/1515/1726 1339/1107/1727
f 1302/1531/1728 1339/1107/1727 413/1106/1729
f 391/1368/1730 1607/1091/1130 1302/1531/1728
f 1608/1088/1127 444/1518/1731 1332/1532/1732
f 1337/1372/1733 1332/1532/1732 320/1374/1734
f 390/1373/1735 1608/1088/1127 1337/1372/1733
f 1609/1086/1124 443/1484/1666 1334/1483/1665
f 1335/1533/1736 1334/1483/1665 445/1485/1737
f 1335/1533/1736 1246/968/1006 1609/1086/1124
f 1610/1084/1122 442/1093/1132 1331/1530/1725
f 1241/1534/1738 1331/1530/1725 318/828/864
f 1241/1534/1738 1332/1082/1120 1610/1084/1122
f 1329/1465/1613 1326/1074/1112 429/1197/1237
f 417/1156/1195 1611/1080/1118 1329/1465/1613
f 1330/1135/1175 1271/1535/1739 1611/1080/1118
f 1323/1536/1740 1328/1079/1117 428/1466/1614
f 402/1537/1741 1612/1077/1115 1323/1536/1740
f 1270/1012/1742 1327/1502/1682 1612/1077/1115
f 1613/1076/1114 405/1538/1743 1322/1068/1744
f 1325/1462/1606 1322/1068/1744 427/1203/1243
f 429/1197/1237 1613/1076/1114 1325/1462/1606
f 1614/1073/1111 404/1018/1745 1276/1539/1746
f 1323/1536/1740 1276/1539/1746 402/1537/1741
f 428/1466/1614 1614/1073/1111 1323/1536/1740
f 1615/1070/1108 407/1540/1747 1318/1062/1100
f 1321/1459/1748 1318/1062/1100 425/1209/1749
f 427/1203/1750 1615/1070/1108 1321/1459/1748
f 1616/1067/1105 406/1541/1751 1282/1023/1752
f 1319/1072/1753 1282/1023/1752 404/1018/1754
f 426/1463/1755 1616/1067/1105 1319/1072/1753
f 1617/1064/1102 409/1057/1756 1314/1542/1757
f 1317/1214/1758 1314/1542/1757 423/1455/1759
f 425/1209/1760 1617/1064/1102 1317/1214/1758
f 1618/1061/1099 408/1543/1761 1288/1029/1762
f 1315/1066/1104 1288/1029/1762 406/1541/1751
f 424/1460/1763 1618/1061/1099 1315/1066/1104
f 1310/1544/1764 1297/1058/1096 411/1051/1765
f 421/1452/1766 1619/1056/1094 1310/1544/1764
f 1313/1220/1767 1314/1542/1768 1619/1056/1094
f 1294/1545/1769 1305/1055/1093 410/1036/1770
f 408/1543/1771 1620/1053/1091 1294/1545/1769
f 1311/1060/1772 1312/1456/1773 1620/1053/1091
f 1308/1517/1708 1303/1052/1090 413/1106/1145
f 419/1546/1774 1621/1050/1088 1308/1517/1708
f 1309/1226/1775 1310/1544/1776 1621/1050/1088
f 1300/1547/1777 1307/1049/1087 412/1042/1711
f 410/1036/1778 1622/1047/1085 1300/1547/1777
f 1305/1055/1779 1306/1454/1780 1622/1047/1085
f 1302/1531/1781 1304/1045/1083 391/1368/1782
f 413/1106/1783 1623/1046/1084 1302/1531/1781
f 1303/1052/1784 1296/1044/1082 1623/1046/1084
f 1299/1413/1785 1301/1043/1081 390/1373/1786
f 1295/1037/1075 1299/1413/1785 392/1412/1787
f 1295/1037/1075 1300/1547/1788 1624/1041/1079
f 1625/1040/1078 393/1308/1789 1296/1044/1082
f 411/1051/1790 1625/1040/1078 1296/1044/1082
f 409/1057/1791 1625/1040/1078 1297/1058/1792
f 1626/1035/1073 392/1412/1787 1293/1410/1793
f 1289/1030/1068 1293/1410/1793 394/1409/1794
f 408/1543/1795 1626/1035/1073 1289/1030/1068
f 1627/1034/1072 395/1314/1796 1290/1038/1076
f 1291/1063/1797 1290/1038/1076 409/1057/1791
f 407/1540/1798 1627/1034/1072 1291/1063/1797
f 1628/1031/1069 394/1409/1794 1287/1407/1799
f 1283/1024/1062 1287/1407/1799 396/1406/1800
f 406/1541/1801 1628/1031/1069 1283/1024/1062
f 1629/1028/1066 397/1404/1802 1284/1032/1070
f 1285/1069/1803 1284/1032/1070 407/1540/1798
f 405/1538/1804 1629/1028/1066 1285/1069/1803
f 1630/1025/1063 396/1406/1800 1281/1548/1805
f 1277/1019/1057 1281/1548/1805 398/1549/1806
f 404/1018/1056 1630/1025/1063 1277/1019/1057
f 1278/1026/1064 1280/1022/1060 399/1550/1807
f 405/1538/1804 1631/1020/1058 1278/1026/1064
f 1279/1075/1808 1274/1015/1053 1631/1020/1058
f 1275/1551/1809 1277/1019/1057 398/1549/1806
f 400/1552/1810 1632/1017/1055 1275/1551/1809
f 1267/1553/1811 1276/1539/1812 1632/1017/1055
f 1633/1016/1813 403/1081/1814 1271/1535/1815
f 1272/1519/1715 1271/1535/1815 415/1521/1714
f 389/1520/1713 1633/1016/1054 1272/1519/1712
f 1634/1013/1051 402/1537/1816 1267/1553/1811
f 1268/1554/1817 1267/1553/1811 400/1552/1810
f 388/1524/1719 1634/1013/1818 1268/1554/1817
f 1128/1010/1048 1260/1555/1819 325/1556/1820
f 1128/1010/1048 1266/1009/1047 1260/1555/1819
f 1266/1009/1047 381/1557/1821 1260/1555/1819
f 1125/798/834 1265/1003/1041 352/1558/1822
f 1125/798/834 1259/994/1032 1265/1003/1041
f 1259/994/1032 380/1559/1823 1265/1003/1041
f 1635/1007/1045 387/1560/1824 1263/1561/1825
f 1266/1009/1047 1263/1561/1825 381/1557/1821
f 353/1008/1046 1635/1007/1045 1266/1009/1047
f 1636/1004/1042 386/960/998 1236/1562/1826
f 1131/804/840 1236/1562/1826 350/1563/1827
f 352/1558/1822 1636/1004/1042 1131/804/840
f 1637/1002/1040 323/1564/1828 1257/1565/1829
f 1263/1561/1825 1257/1565/1829 381/1557/1821
f 387/1560/1824 1637/1002/1040 1263/1561/1825
f 1638/999/1037 322/1566/1830 1261/1567/1424
f 1243/965/1003 1261/1567/1424 320/1568/1423
f 386/960/998 1638/999/1037 1243/965/1003
f 1639/997/1035 325/1556/1820 1260/1555/1819
f 1256/1569/1831 1260/1555/1819 381/1557/1821
f 379/1570/1832 1639/997/1035 1256/1569/1831
f 1640/995/1033 324/834/870 1153/1571/1833
f 1201/1572/1834 1153/1571/1833 316/852/1835
f 378/1573/1836 1640/995/1033 1201/1572/1834
f 1256/1569/1831 1199/883/920 379/1570/1832
f 1257/1565/1829 1256/1569/1831 381/1557/1821
f 323/1564/1426 1641/993/1031 1257/1565/1829
f 1196/1574/1837 1255/990/1028 378/1573/1836
f 1253/1575/1432 1196/1574/1837 314/1576/1433
f 322/1566/1431 1642/991/1029 1253/1575/1432
f 1252/988/1026 1122/1577/1838 301/980/1018
f 1252/988/1026 1119/987/1025 1122/1577/1838
f 1119/987/1025 347/1578/1839 1122/1577/1838
f 1249/985/1023 1118/791/1840 344/782/1841
f 1249/985/1023 1121/984/1022 1118/791/1840
f 1121/984/1022 346/1579/1842 1118/791/1840
f 1251/983/1021 1144/1580/1843 343/1581/1844
f 1251/983/1021 1240/963/1001 1144/1580/1843
f 1240/963/1001 349/1582/1845 1144/1580/1843
f 1250/978/1016 1235/1583/1846 384/971/1009
f 1250/978/1016 1143/822/858 1235/1583/1846
f 1143/822/858 348/811/847 1235/1583/1846
f 1251/983/1021 1248/981/1019 385/982/1020
f 343/1581/1844 1643/979/1017 1251/983/1021
f 1113/1584/1847 1252/988/1026 1643/979/1017
f 1247/1585/1848 1250/978/1016 384/971/1009
f 300/718/748 1644/976/1014 1247/1585/1848
f 1249/985/1023 1110/1586/1849 1644/976/1014
f 1245/967/1005 1149/975/1013 319/1587/1850
f 385/982/1020 1645/973/1011 1245/967/1005
f 1248/981/1019 1065/1588/1851 1645/973/1011
f 1146/1589/1852 1242/972/1010 318/828/864
f 298/712/742 1646/970/1008 1146/1589/1852
f 1064/719/749 1247/1585/1848 1646/970/1008
f 1647/969/1007 321/1590/1415 1244/1000/1038
f 1238/1591/1853 1244/1000/1038 387/1560/1824
f 1238/1591/1853 1245/967/1005 1647/969/1007
f 1648/966/1004 320/1568/1423 1241/1534/1738
f 1242/972/1010 1241/1534/1738 318/828/864
f 1242/972/1010 1237/961/999 1648/966/1004
f 1649/964/1002 385/982/1020 1238/1591/1853
f 387/1560/1824 1649/964/1002 1238/1591/1853
f 351/1592/1854 1649/964/1002 1239/1006/1044
f 1650/959/997 384/971/1009 1235/1583/1846
f 1136/1593/1855 1235/1583/1846 348/811/847
f 350/1563/1827 1650/959/997 1136/1593/1855
f 1651/958/996 383/1493/1675 1231/1594/1856
f 1193/1595/1857 1231/1594/1856 371/1596/1858
f 377/1597/1859 1651/958/996 1193/1595/1857
f 1652/956/994 382/1497/1678 1233/1598/1860
f 1195/1599/1861 1233/1598/1860 314/1576/1433
f 376/876/1862 1652/956/994 1195/1599/1861
f 1187/1600/1863 1227/953/991 369/1601/1864
f 371/1596/1858 1653/951/989 1187/1600/1863
f 1231/1594/1856 1232/1141/1181 1653/951/989
f 1226/1602/1865 1184/950/988 368/864/981
f 312/1492/1674 1654/949/986 1226/1602/1865
f 1229/1498/1679 1230/955/993 1654/949/986
f 1181/1603/1866 1224/948/985 363/1604/1867
f 369/1601/1864 1655/946/983 1181/1603/1866
f 1227/953/991 1228/1096/1135 1655/946/983
f 1223/939/975 1178/945/982 362/858/1868
f 310/1529/1724 1656/944/980 1223/939/975
f 1225/1528/1723 1226/1602/1865 1656/944/980
f 1657/943/979 363/1604/1867 1224/948/985
f 1150/832/868 1224/948/985 311/947/984
f 297/831/867 1657/943/979 1150/832/868
f 1658/940/976 362/858/1868 1172/1605/1869
f 1056/707/736 1172/1605/1869 294/1606/1870
f 296/1607/1871 1658/940/976 1056/707/736
f 1222/937/972 1033/1608/1872 73/1609/970
f 1222/937/972 1221/932/969 1033/1608/1872
f 1221/932/969 285/931/1873 1033/1608/1872
f 1222/935/972 1220/1610/1874 74/1611/973
f 1222/935/972 1032/934/971 1220/1610/1874
f 1032/934/971 284/1612/1875 1220/1610/1874
f 1217/918/955 1221/932/969 74/936/973
f 361/1613/1876 1659/930/967 1217/918/955
f 1214/913/950 1219/925/1877 1659/930/967
f 1220/1610/1874 1216/929/966 74/1611/973
f 284/1612/1878 1660/927/964 1220/1610/1874
f 1218/1614/1879 1213/1615/1880 1660/927/964
f 1045/1616/1881 1219/925/962 291/1617/1882
f 289/1618/1883 1661/926/963 1045/1616/1881
f 287/1619/1884 1661/926/963 1041/1620/1885
f 1218/1614/1886 1044/923/960 290/1621/1887
f 1036/1622/1888 1218/1614/1886 284/1612/1889
f 286/1623/1890 1662/921/958 1036/1622/1888
f 1663/920/957 302/1624/1891 1162/842/878
f 1212/1625/1892 1162/842/878 359/907/944
f 361/1613/1893 1663/920/957 1212/1625/1892
f 1664/917/954 302/1626/1891 1215/1627/956
f 1216/929/966 1215/1627/956 74/1611/973
f 360/928/1894 1664/917/954 1216/929/966
f 1665/914/951 361/1613/1876 1211/1628/1895
f 1176/862/898 1211/1628/1895 365/867/1896
f 293/861/897 1665/914/951 1176/862/898
f 1666/911/948 360/928/965 1213/1615/1880
f 1048/1629/724 1213/1615/1880 290/1621/1897
f 292/1630/1898 1666/911/948 1048/1629/724
f 1182/868/904 1208/908/945 367/873/909
f 365/867/903 1667/906/943 1182/868/904
f 1211/1628/1899 1212/1625/1892 1667/906/943
f 1207/1631/1900 1177/905/942 366/898/935
f 358/1632/1901 1668/903/940 1207/1631/1900
f 1209/915/952 1210/910/1902 1668/903/940
f 1188/874/910 1206/902/939 373/879/915
f 367/873/909 1669/900/937 1188/874/910
f 1208/908/945 1161/1633/1903 1669/900/937
f 1205/1634/1904 1183/899/936 372/892/929
f 356/1635/1905 1670/897/934 1205/1634/1904
f 1158/839/875 1207/1631/1900 1670/897/934
f 1194/880/916 1203/896/933 375/1636/1906
f 373/879/915 1671/894/931 1194/880/916
f 1206/902/939 1167/1637/1907 1671/894/931
f 1202/1638/1908 1189/893/930 374/887/1909
f 354/846/882 1672/891/928 1202/1638/1908
f 1164/1639/1910 1205/1634/1904 1672/891/928
f 1198/1640/1911 1204/890/927 379/1570/1832
f 375/1636/1912 1673/888/925 1198/1640/1911
f 1203/896/933 1170/1641/1913 1673/888/925
f 1201/1572/1834 1197/881/917 378/1573/1836
f 316/852/888 1674/886/923 1201/1572/1834
f 1169/1642/1914 1202/1638/1908 1674/886/923
f 1675/885/922 377/1597/1915 1192/1643/1916
f 1198/1640/1911 1192/1643/1916 375/1636/1912
f 379/1570/1832 1675/885/922 1198/1640/1911
f 1676/882/919 376/876/1917 1195/1599/1861
f 1196/1574/1837 1195/1599/1861 314/1576/1433
f 378/1573/1836 1676/882/919 1196/1574/1837
f 1192/1643/1918 1194/880/916 375/1636/1906
f 377/1597/1919 1677/878/914 1192/1643/1918
f 1193/1595/1920 1186/1644/1921 1677/878/914
f 1189/893/930 1191/877/913 374/887/1909
f 372/892/929 1678/875/911 1189/893/930
f 1185/871/907 1190/954/1922 1678/875/911
f 1186/1644/1921 1188/874/910 373/879/915
f 371/1596/1923 1679/872/908 1186/1644/1921
f 1187/1600/1924 1180/1645/1925 1679/872/908
f 1183/899/936 1185/871/907 372/892/929
f 366/898/935 1680/869/905 1183/899/936
f 1179/865/901 1184/950/1926 1680/869/905
f 1180/1645/1925 1182/868/904 367/873/909
f 369/1601/1927 1681/866/902 1180/1645/1925
f 1181/1603/1928 1174/1646/1929 1681/866/902
f 1177/905/942 1179/865/901 366/898/935
f 364/904/941 1682/863/899 1177/905/942
f 1173/859/1930 1178/945/1931 1682/863/899
f 1174/1646/1932 1176/862/898 365/867/1896
f 363/1604/1933 1683/860/896 1174/1646/1932
f 1175/942/1934 1053/1647/1935 1683/860/896
f 1171/909/946 1173/859/895 364/904/1936
f 292/1630/1898 1684/857/893 1171/909/946
f 1052/1648/730 1172/1605/1937 1684/857/893
f 1155/836/1938 1168/856/892 76/1649/1939
f 317/889/926 1685/854/890 1155/836/1938
f 1170/1641/1913 1166/1650/1940 1685/854/890
f 1168/1651/892 1152/853/889 76/1652/1941
f 75/1653/891 1686/851/887 1168/1651/892
f 1165/847/1942 1169/1642/1914 1686/851/887
f 1166/1650/1943 1163/850/886 75/855/1944
f 355/895/932 1687/848/884 1166/1650/1943
f 1167/1637/1907 1160/1654/1945 1687/848/884
f 1163/1655/886 1165/847/883 75/1653/1944
f 303/1656/885 1688/845/881 1163/1655/886
f 1159/840/876 1164/1639/1910 1688/845/881
f 1160/1654/1945 1156/843/879 303/849/885
f 1161/1633/1903 1160/1654/1945 357/901/938
f 359/907/944 1689/844/880 1161/1633/1903
f 1156/1657/879 1159/840/876 303/1656/885
f 1157/916/953 1156/1657/879 302/1626/1891
f 358/1632/1901 1690/841/877 1157/916/953
f 1691/838/874 77/1658/1946 1129/801/837
f 325/1556/1820 1691/838/874 1129/801/837
f 317/889/1947 1691/838/874 1154/996/1034
f 1692/833/869 77/1659/1948 1151/1660/1949
f 1152/853/1950 1151/1660/1949 76/1652/1951
f 316/852/1835 1692/833/869 1152/853/1950
f 1148/1527/1722 1150/832/868 311/947/984
f 319/1587/1850 1693/830/866 1148/1527/1722
f 1149/975/1013 1061/1661/1952 1693/830/866
f 1145/938/974 1147/829/865 310/1529/1724
f 296/1607/1871 1694/827/863 1145/938/974
f 1060/713/743 1146/1589/1852 1694/827/863
f 1695/824/860 343/1581/1844 1144/1580/1843
f 1142/1662/1953 1144/1580/1843 349/1582/1845
f 329/1663/1954 1695/824/860 1142/1662/1953
f 1696/823/859 342/977/1015 1115/786/820
f 326/1664/1955 1696/823/859 1115/786/820
f 328/817/1956 1696/823/859 1103/1665/1957
f 1072/1666/1958 1140/820/856 309/1667/1959
f 329/1663/1960 1697/818/854 1072/1666/1958
f 1142/1662/1961 1138/1668/1962 1697/818/854
f 1140/1669/856 1069/722/753 309/1670/1959
f 305/1671/855 1698/816/852 1140/1669/856
f 1137/812/848 1141/821/1963 1698/816/852
f 1138/1668/1962 1135/814/850 305/819/855
f 349/1582/1845 1699/815/851 1138/1668/1962
f 351/1592/1854 1699/815/851 1139/962/1000
f 1135/1672/850 1137/812/848 305/1671/855
f 1132/805/841 1135/1672/850 78/1673/1964
f 350/1563/1827 1700/810/846 1132/805/841
f 1701/809/845 78/1674/1964 1133/813/849
f 1134/1005/1043 1133/813/849 351/1592/1854
f 353/1008/1046 1701/809/845 1134/1005/1043
f 1702/806/842 78/1673/1964 1130/1675/844
f 1126/799/835 1130/1675/844 304/1676/1965
f 352/1558/1822 1702/806/842 1126/799/835
f 1703/803/839 304/1677/1965 1127/807/843
f 1128/1010/1048 1127/807/843 353/1008/1046
f 325/1556/1820 1703/803/839 1128/1010/1048
f 1704/800/836 304/1676/1965 1123/1678/1966
f 1124/835/871 1123/1678/1966 77/1659/1948
f 324/834/870 1704/800/836 1124/835/871
f 1705/797/833 93/212/1967 1066/1679/1968
f 301/980/1018 1705/797/833 1066/1679/1968
f 347/1578/1969 1705/797/833 1122/1577/1970
f 1706/794/829 92/1680/1971 668/1681/1972
f 1117/1682/1973 668/1681/1972 79/1683/1974
f 346/1579/1975 1706/794/829 1117/1682/1973
f 1707/793/828 347/1578/1976 1119/987/1977
f 345/986/1978 1707/793/828 1119/987/1977
f 216/1684/1979 1707/793/828 1112/1685/1980
f 1708/790/825 346/1579/1981 1117/1682/1982
f 889/1686/1983 1117/1682/1982 79/1683/1984
f 215/1687/1985 1708/790/825 889/1686/1983
f 1709/789/824 210/1688/1986 1114/784/818
f 1116/826/862 1114/784/818 343/1581/1844
f 327/825/861 1709/789/824 1116/826/862
f 1710/788/822 209/1689/1987 881/1690/1988
f 1107/1691/1989 881/1690/1988 81/1692/1990
f 326/1664/1955 1710/788/822 1107/1691/1989
f 1711/785/819 216/1684/1979 1112/1685/1980
f 345/986/1978 1711/785/819 1112/1685/1980
f 1113/1584/1991 1114/784/818 1711/785/819
f 1712/781/815 215/1687/1985 885/1693/1992
f 1109/787/821 885/1693/1992 209/1689/1987
f 1109/787/821 1110/1586/1993 1712/781/815
f 1105/772/806 1108/780/814 327/825/861
f 333/1694/1994 1713/778/812 1105/772/806
f 1098/761/794 666/200/1995 1713/778/812
f 1107/1691/1989 1104/777/811 326/1664/1955
f 81/1692/1990 1714/775/809 1107/1691/1989
f 661/1695/1996 1095/1696/1997 1714/775/809
f 1715/774/808 329/1663/1954 1071/1697/1998
f 1101/1698/1999 1071/1697/1998 339/1699/2000
f 333/1694/1994 1715/774/808 1101/1698/1999
f 1716/771/805 328/817/1956 1103/1665/1957
f 1104/777/811 1103/1665/1957 326/1664/1955
f 332/776/810 1716/771/805 1104/777/811
f 1717/769/803 337/1700/2001 1082/1701/2002
f 1089/1702/2003 1082/1701/2002 341/1703/2004
f 335/1704/2005 1717/769/803 1089/1702/2003
f 1718/768/802 336/1705/2006 1099/1706/2007
f 330/758/2008 1718/768/802 1099/1706/2007
f 334/753/2009 1718/768/802 1092/754/2010
f 1719/767/800 333/1694/1994 1101/1698/1999
f 339/1699/2000 1719/767/800 1101/1698/1999
f 1077/1707/2011 1102/765/798 1719/767/800
f 1720/762/795 332/776/810 1096/759/2012
f 1099/1706/2007 1096/759/2012 330/758/2008
f 1099/1706/2007 1076/729/760 1720/762/795
f 1097/766/2013 1098/761/794 333/1694/1994
f 331/770/2014 1721/760/792 1097/766/2013
f 1094/756/788 660/195/2015 1721/760/792
f 1095/1696/1997 1096/759/791 332/776/810
f 83/1708/2016 1722/757/789 1095/1696/1997
f 655/1709/2017 1091/1710/2018 1722/757/789
f 1093/1711/2019 1094/756/788 331/770/2014
f 335/1704/2020 1723/755/786 1093/1711/2019
f 1090/751/2021 654/189/2022 1723/755/786
f 1091/1710/2018 1092/754/785 330/758/790
f 85/1712/2023 1724/752/783 1091/1710/2018
f 649/1713/2024 1087/1714/2025 1724/752/783
f 1089/1702/2026 1090/751/782 335/1704/2027
f 341/1703/2028 1725/749/780 1089/1702/2026
f 1086/745/776 648/182/2029 1725/749/780
f 1087/1714/2030 1088/748/779 334/753/2031
f 87/1715/2032 1726/746/777 1087/1714/2030
f 643/1716/2033 1084/1717/2034 1726/746/777
f 1083/738/2035 1086/745/776 341/1703/2028
f 306/741/772 1727/743/774 1083/738/2035
f 1085/1718/2036 642/176/183 1727/743/774
f 1084/1717/2034 1079/742/773 340/747/778
f 89/1719/2037 1728/740/771 1084/1717/2034
f 636/1720/2038 1085/1718/2036 1728/740/771
f 1729/739/770 341/1703/2004 1082/1701/2002
f 1078/732/763 1082/1701/2002 337/1700/2001
f 307/1721/2039 1729/739/770 1078/732/763
f 1730/736/767 340/747/2040 1079/742/2041
f 1080/1722/768 1079/742/2041 306/741/2042
f 307/1723/2039 1730/736/767 1080/1722/768
f 1731/733/764 337/1700/2001 1077/1707/2011
f 1073/726/757 1077/1707/2011 339/1699/2000
f 308/1724/2043 1731/733/764 1073/726/757
f 1732/730/761 336/1705/2006 1074/734/765
f 1075/1725/762 1074/734/765 307/1723/2039
f 308/1726/2043 1732/730/761 1075/1725/762
f 1733/727/758 339/1699/2000 1071/1697/1998
f 1072/1666/1958 1071/1697/1998 329/1663/1960
f 309/1667/2044 1733/727/758 1072/1666/1958
f 1734/724/755 338/763/796 1067/728/759
f 1068/1727/756 1067/728/759 308/1726/2043
f 309/1670/2044 1734/724/755 1068/1727/756
f 1065/1588/1851 1062/721/752 299/974/1012
f 301/980/1018 1735/720/750 1065/1588/1851
f 1066/1679/1968 680/1728/2045 1735/720/750
f 1059/1729/2046 1064/719/749 298/712/742
f 94/1730/2047 1736/717/747 1059/1729/2046
f 675/1731/2048 1063/795/830 1736/717/747
f 1061/1661/1952 1058/716/746 297/831/867
f 299/974/1012 1737/714/744 1061/1661/1952
f 1062/721/752 686/1732/2049 1737/714/744
f 1055/706/2050 1060/713/743 296/1607/1871
f 96/1733/2051 1738/711/741 1055/706/2050
f 681/1734/2052 1059/1729/2046 1738/711/741
f 1739/710/740 295/1735/2053 1057/941/977
f 1058/716/2054 1057/941/977 297/831/867
f 97/715/2055 1739/710/740 1058/716/2054
f 1740/708/737 294/1606/1870 1051/701/2056
f 687/1736/2057 1051/701/2056 98/1737/2058
f 96/1733/2059 1740/708/737 687/1736/2057
f 1741/705/734 293/1738/897 1053/1739/1935
f 1054/709/2060 1053/1739/1935 295/1735/2061
f 99/1740/2062 1741/705/734 1054/709/2060
f 1742/703/731 292/1741/1898 1047/696/723
f 693/1742/2063 1047/696/723 100/1743/2064
f 98/1737/2065 1742/703/731 693/1742/2063
f 1743/700/728 291/1744/2066 1049/1745/949
f 1050/704/733 1049/1745/949 293/1738/897
f 101/1746/2067 1743/700/728 1050/704/733
f 1744/698/725 290/1747/1897 1043/691/717
f 699/1748/2068 1043/691/717 102/1749/2069
f 100/1743/2064 1744/698/725 699/1748/2068
f 1745/695/722 289/1750/2070 1045/1751/2071
f 1046/699/727 1045/1751/2071 291/1744/2066
f 103/1752/2072 1745/695/722 1046/699/727
f 1746/693/719 288/1753/2073 1039/686/2074
f 705/1754/2075 1039/686/2074 104/1755/2076
f 102/1749/2069 1746/693/719 705/1754/2075
f 1747/690/716 287/1756/2077 1041/1757/2078
f 1042/694/2079 1041/1757/2078 289/1750/2080
f 105/1758/2081 1747/690/716 1042/694/2079
f 1748/688/713 286/681/2082 1035/1759/2083
f 711/1760/2084 1035/1759/2083 106/1761/2085
f 104/1755/2086 1748/688/713 711/1760/2084
f 1749/683/708 285/1762/2087 1037/1763/2088
f 287/1756/2089 1749/683/708 1037/1763/2088
f 1038/689/2090 722/253/2091 1749/683/708
f 1750/680/705 284/1764/2092 1031/674/699
f 108/1765/2093 1750/680/705 1031/674/699
f 717/1766/2094 1035/1759/2095 1750/680/705
f 1751/677/702 73/1767/2096 1033/1768/2097
f 1034/685/710 1033/1768/2097 285/1762/2098
f 1034/685/710 727/259/2099 1751/677/702
f 1752/676/701 73/1767/2100 1030/679/2101
f 67/678/2102 1752/676/701 1030/679/2101
f 723/1769/2103 1031/674/699 1752/676/701
f 1029/1770/2104 1027/673/698 283/1771/2105
f 281/1772/2106 1753/671/696 1029/1770/2104
f 1019/655/680 929/1773/2107 1753/671/696
f 1024/1774/2108 1028/670/695 282/663/688
f 232/530/2109 1754/668/693 1024/1774/2108
f 928/525/2110 1016/1775/2111 1754/668/693
f 1026/1776/2112 1023/667/692 261/1777/2113
f 283/1771/2105 1755/665/690 1026/1776/2112
f 1027/673/698 934/1778/2114 1755/665/690
f 1020/1779/2115 1025/664/689 260/657/682
f 254/535/2116 1756/662/687 1020/1779/2115
f 933/531/2117 1024/1774/2108 1756/662/687
f 1022/1780/2118 982/660/685 259/1781/2119
f 261/1777/2113 1757/661/686 1022/1780/2118
f 1023/667/692 938/659/684 1757/661/686
f 979/1782/2120 1021/658/683 258/597/622
f 937/536/2121 979/1782/2120 256/591/2122
f 937/536/2121 1020/1779/2115 1758/656/681
f 1018/1783/2123 1019/655/680 281/1772/2106
f 1015/648/673 1018/1783/2123 263/1784/2124
f 253/1785/2125 1759/653/678 1015/648/673
f 1016/1775/2111 1017/651/676 280/669/694
f 234/524/2126 1760/652/677 1016/1775/2111
f 252/1786/2127 1760/652/677 941/540/2128
f 1761/649/674 263/1784/2124 1014/1787/2129
f 1011/642/667 1014/1787/2129 265/1788/2130
f 251/1789/2131 1761/649/674 1011/642/667
f 1762/646/671 262/1790/2132 1012/650/675
f 945/547/2133 1012/650/675 252/1786/2127
f 250/546/2134 1762/646/671 945/547/2133
f 1763/643/668 265/1788/2130 1010/1791/2135
f 1007/637/662 1010/1791/2135 267/1792/2136
f 1007/637/662 950/641/666 1763/643/668
f 1764/640/665 264/1793/2137 1008/644/669
f 949/552/2138 1008/644/669 250/546/2134
f 949/552/2138 1004/638/663 1764/640/665
f 1765/635/660 267/1792/2136 1006/1794/2139
f 269/1795/2140 1765/635/660 1006/1794/2139
f 1003/630/655 954/1796/2141 1765/635/660
f 1766/632/657 266/1797/2142 1004/638/663
f 248/551/2143 1766/632/657 1004/638/663
f 953/558/2144 1000/1798/2145 1766/632/657
f 1767/631/656 269/1795/2140 1002/1799/2146
f 271/1800/2147 1767/631/656 1002/1799/2146
f 999/625/650 958/629/654 1767/631/656
f 1768/626/651 268/633/658 1000/1798/2145
f 957/564/2148 1000/1798/2145 246/557/2149
f 957/564/2148 996/1801/2150 1768/626/651
f 998/1802/2151 999/625/650 271/1800/2147
f 995/618/643 998/1802/2151 273/1803/2152
f 243/1804/2153 1769/623/648 995/618/643
f 996/1801/2150 997/621/646 270/627/652
f 244/563/2154 1770/622/647 996/1801/2150
f 242/1805/2155 1770/622/647 961/569/2156
f 1771/619/644 273/1803/2152 994/1806/2157
f 275/1807/2158 1771/619/644 994/1806/2157
f 241/1808/2159 1771/619/644 991/612/637
f 1772/614/639 272/1809/2160 992/620/645
f 965/574/2161 992/620/645 242/1805/2155
f 240/1810/2162 1772/614/639 965/574/2161
f 990/1811/2163 991/612/637 275/1807/2158
f 279/1812/2164 1773/613/638 990/1811/2163
f 987/607/632 970/611/636 1773/613/638
f 988/1813/2165 989/610/635 274/615/640
f 969/580/2166 988/1813/2165 240/1810/2162
f 969/580/2166 984/1814/2167 1774/608/633
f 986/1815/2168 987/607/632 279/1812/2164
f 277/1816/2169 1775/605/630 986/1815/2168
f 983/600/625 974/1817/2170 1775/605/630
f 984/1814/2167 985/604/629 278/609/634
f 236/579/604 1776/602/627 984/1814/2167
f 973/586/611 978/1818/2171 1776/602/627
f 1777/601/626 277/1816/2169 981/1819/2172
f 259/1781/2119 1777/601/626 981/1819/2172
f 982/660/685 977/599/624 1777/601/626
f 1778/596/621 276/603/628 978/1818/2171
f 976/592/617 978/1818/2171 238/585/610
f 976/592/617 979/1782/2120 1778/596/621
f 1779/595/620 239/1820/2173 977/599/624
f 257/1821/2174 1779/595/620 977/599/624
f 939/537/559 732/593/618 1779/595/620
f 1780/590/615 238/585/610 972/1822/2175
f 729/1823/2176 972/1822/2175 128/1824/2177
f 729/1823/2176 936/1825/2178 1780/590/615
f 974/1817/2170 971/589/614 237/606/631
f 239/1820/2173 1781/587/612 974/1817/2170
f 975/594/619 737/1826/2179 1781/587/612
f 968/1827/2180 973/586/611 236/579/604
f 179/1828/2181 1782/584/609 968/1827/2180
f 734/1829/2182 972/1822/2175 1782/584/609
f 970/611/2183 967/583/608 241/1808/2184
f 237/606/631 1783/581/606 970/611/2183
f 971/589/614 741/274/2185 1783/581/606
f 964/573/597 969/580/605 240/1810/2186
f 126/1830/2187 1784/578/603 964/573/597
f 738/1831/2188 968/1827/2180 1784/578/603
f 1785/577/602 243/1804/2189 966/617/2190
f 967/583/608 966/617/2190 241/1808/2184
f 127/582/607 1785/577/602 967/583/608
f 1786/575/599 242/1805/2191 960/568/591
f 742/1832/2192 960/568/591 124/1833/2193
f 126/1830/2187 1786/575/599 742/1832/2192
f 1787/572/596 245/624/2194 962/1834/2195
f 963/576/601 962/1834/2195 243/1804/2189
f 125/279/2196 1787/572/596 963/576/601
f 1788/570/593 244/563/586 956/1835/2197
f 746/1836/2198 956/1835/2197 122/1837/2199
f 124/1833/2193 1788/570/593 746/1836/2198
f 958/629/2200 955/567/590 247/1838/2201
f 245/624/2194 1789/565/588 958/629/2200
f 959/571/595 753/290/302 1789/565/588
f 952/1839/2202 957/564/587 246/557/580
f 120/1840/2203 1790/562/585 952/1839/2202
f 750/1841/2204 956/1835/2197 1790/562/585
f 954/1796/2205 951/561/584 249/636/2206
f 247/1838/2201 1791/559/582 954/1796/2205
f 955/567/590 757/295/307 1791/559/582
f 948/1842/2207 953/558/581 248/551/574
f 118/1843/2208 1792/556/579 948/1842/2207
f 754/1844/2209 952/1839/2202 1792/556/579
f 950/641/2210 947/555/578 251/1789/2211
f 249/636/2206 1793/553/576 950/641/2210
f 951/561/584 761/300/312 1793/553/576
f 944/1845/2212 949/552/575 250/546/568
f 116/1846/2213 1794/550/573 944/1845/2212
f 758/1847/2214 948/1842/2207 1794/550/573
f 946/647/2215 943/549/572 253/1785/2216
f 251/1789/2211 1795/548/570 946/647/2215
f 947/555/578 765/306/2217 1795/548/570
f 940/539/561 945/547/569 252/1786/2218
f 114/1848/2219 1796/545/567 940/539/561
f 762/1849/2220 944/1845/2212 1796/545/567
f 1797/544/566 235/654/2221 942/1850/2222
f 943/549/572 942/1850/2222 253/1785/2216
f 943/549/572 771/542/564 1797/544/566
f 1798/541/563 234/524/546 927/1851/2223
f 766/1852/2224 927/1851/2223 181/1853/2225
f 766/1852/2224 940/539/561 1798/541/563
f 1799/538/560 257/1821/2174 938/659/2226
f 255/666/2227 1799/538/560 938/659/2226
f 935/532/554 775/314/328 1799/538/560
f 1800/534/556 256/591/616 936/1825/2178
f 772/1854/2228 936/1825/2178 110/1855/2229
f 772/1854/2228 932/1856/2230 1800/534/556
f 934/1778/2231 935/532/554 255/666/2227
f 233/672/2232 1801/533/555 934/1778/2231
f 184/1857/2233 1801/533/555 931/527/549
f 932/1856/2230 933/531/553 254/535/557
f 776/1858/2234 932/1856/2230 112/1859/2235
f 183/323/337 1802/529/551 776/1858/2234
f 929/1773/2236 931/527/549 233/672/2232
f 235/654/2221 1803/528/550 929/1773/2236
f 930/543/565 783/526/548 1803/528/550
f 926/1860/2237 928/525/547 232/530/552
f 782/1861/2238 926/1860/2237 183/323/337
f 782/1861/2238 927/1851/2223 1804/523/545
f 918/522/544 925/1862/2239 226/1863/2240
f 918/522/544 914/521/543 925/1862/2239
f 914/521/543 230/1864/2241 925/1862/2239
f 917/504/541 913/498/2242 227/497/2243
f 917/504/541 924/516/536 913/498/2242
f 924/516/536 229/515/535 913/498/2242
f 925/1862/2239 922/519/539 226/1863/2240
f 230/1864/2241 1805/517/537 925/1862/2239
f 910/1865/2244 923/1866/2245 1805/517/537
f 921/509/2246 924/516/536 225/503/540
f 224/518/538 1806/514/534 921/509/2246
f 923/1866/2245 909/491/2247 1806/514/534
f 1807/513/533 226/1863/2248 922/519/2249
f 920/508/528 922/519/2249 224/518/2250
f 72/1867/2251 1807/513/533 920/508/528
f 1808/510/530 225/503/2252 916/1868/2253
f 893/470/490 916/1868/2253 222/475/2254
f 72/1867/2251 1808/510/530 893/470/490
f 918/522/2255 915/507/527 228/520/2256
f 226/1863/2257 1809/505/525 918/522/2255
f 919/512/2258 898/1869/2259 1809/505/525
f 912/1870/2260 917/504/524 227/497/2261
f 220/480/2262 1810/502/522 912/1870/2260
f 897/476/2263 916/1868/2264 1810/502/522
f 1811/499/519 230/1864/2265 914/521/2266
f 228/520/2267 1811/499/519 914/521/2266
f 915/507/2268 902/1871/2269 1811/499/519
f 1812/496/516 229/515/2270 908/490/510
f 218/485/2271 1812/496/516 908/490/510
f 901/481/2272 912/1870/2273 1812/496/516
f 1813/495/515 231/1872/2274 910/1865/2275
f 911/501/521 910/1865/2275 230/1864/2265
f 911/501/521 906/493/513 1813/495/515
f 1814/492/512 231/1872/2274 907/494/514
f 905/486/2276 907/494/514 217/1873/2277
f 905/486/2276 908/490/510 1814/492/512
f 906/493/2278 904/489/2279 217/1873/2280
f 219/500/2281 1815/487/2282 906/493/2278
f 903/483/503 787/1874/2283 1815/487/507
f 904/489/2279 905/486/506 217/1873/2280
f 137/488/508 1816/484/2284 904/489/509
f 785/1875/2285 900/1876/2286 1816/484/2284
f 902/1871/2287 903/483/2288 219/500/2281
f 221/506/2289 1817/482/2290 902/1871/2287
f 899/477/497 791/1877/2291 1817/482/502
f 900/1876/2292 901/481/501 218/485/505
f 135/1878/2293 1818/479/2294 900/1876/2286
f 790/1879/2295 896/1880/2296 1818/479/2294
f 1819/478/2297 221/506/2289 898/1869/2298
f 223/1881/2299 1819/478/2297 898/1869/2298
f 132/351/365 1819/478/498 895/472/492
f 1820/474/494 220/480/500 896/1880/2300
f 794/1882/2301 896/1880/2296 133/1883/2302
f 131/1884/2303 1820/474/2304 794/1882/2301
f 1821/473/493 223/1881/2305 894/511/531
f 892/469/489 894/511/531 72/1867/2251
f 130/1885/2306 1821/473/493 892/469/489
f 1822/471/491 222/475/2307 891/1886/2308
f 816/1887/2309 891/1886/2308 131/1884/2303
f 130/1885/2306 1822/471/491 816/1887/2309
f 887/1888/2310 890/468/488 216/1684/1979
f 212/1889/2311 1823/467/486 887/1888/2310
f 873/1890/2312 674/207/2313 1823/467/486
f 889/1686/1983 886/460/479 215/1687/1985
f 79/1683/1984 1824/465/484 889/1686/1983
f 667/1891/2314 872/442/2315 1824/465/484
f 1825/464/483 214/1892/2316 877/1893/2317
f 887/1888/2310 877/1893/2317 212/1889/2311
f 216/1684/1979 1825/464/483 887/1888/2310
f 1826/461/480 213/1894/2318 882/456/474
f 885/1693/1992 882/456/474 209/1689/1987
f 215/1687/1985 1826/461/480 885/1693/1992
f 1827/459/478 167/347/361 880/1895/2319
f 883/463/482 880/1895/2319 214/1892/2316
f 210/1688/1986 1827/459/478 883/463/482
f 1828/457/476 166/1896/2320 662/1897/2321
f 881/1690/2322 662/1897/2321 81/1692/2323
f 209/1689/1987 1828/457/476 881/1690/2322
f 1829/455/473 214/1892/2324 880/1895/2325
f 802/1898/2326 880/1895/2325 167/347/361
f 188/1899/2327 1829/455/473 802/1898/2326
f 1830/453/471 213/1894/2328 875/446/463
f 805/1900/2329 875/446/463 144/1901/2330
f 187/1902/2331 1830/453/471 805/1900/2329
f 1831/450/468 212/1889/2311 877/1893/2317
f 878/454/472 877/1893/2317 214/1892/2324
f 878/454/472 825/375/466 1831/450/468
f 1832/448/465 211/466/485 871/441/457
f 818/1903/2332 871/441/457 142/1904/2333
f 818/1903/2332 875/446/463 1832/448/465
f 873/1890/2334 870/445/2335 165/1905/2336
f 874/449/467 873/1890/2334 212/1889/2311
f 143/374/2337 1833/444/2338 874/449/467
f 869/1906/2339 872/442/458 164/437/2340
f 140/1907/2341 1834/443/2342 869/1906/2343
f 142/1904/2333 1834/443/459 826/1908/2344
f 769/1909/2345 868/440/456 177/308/321
f 165/1905/2346 1835/438/454 769/1909/2345
f 870/445/462 837/386/2347 1835/438/454
f 868/440/456 768/309/322 177/308/321
f 139/439/455 1836/436/452 868/440/456
f 832/1910/2348 869/1906/2343 1836/436/452
f 864/1911/2349 866/429/445 205/1912/2350
f 207/1913/2351 1837/434/450 864/1911/2349
f 848/1914/2352 867/1915/2353 1837/434/450
f 865/1916/2354 863/433/449 204/1917/2355
f 199/435/451 1838/432/448 865/1916/2354
f 867/1915/2353 847/399/414 1838/432/448
f 1839/431/447 201/1918/2356 858/1919/2357
f 203/1920/2358 1839/431/447 858/1919/2357
f 862/1921/2359 866/429/445 1839/431/447
f 1840/427/442 200/405/2360 851/1922/2361
f 865/1916/2354 851/1922/2361 199/435/451
f 865/1916/2354 859/416/2362 1840/427/442
f 849/1923/2363 823/426/441 192/1924/2364
f 207/1913/2351 1841/424/439 849/1923/2363
f 205/1912/2365 1841/424/439 864/1911/2349
f 820/1925/2366 846/398/413 191/371/385
f 193/1926/2367 1842/422/437 820/1925/2366
f 204/1917/2368 1842/422/437 860/417/2369
f 1843/421/436 194/425/2370 861/1927/2371
f 862/1921/2372 861/1927/2371 205/1912/2373
f 203/1920/2374 1843/421/436 862/1921/2372
f 1844/418/433 193/1926/2375 828/376/2376
f 856/412/2377 828/376/2376 195/1928/2378
f 202/411/2379 1844/418/433 856/412/2377
f 1845/415/430 196/1929/2380 857/419/2381
f 203/1920/2382 1845/415/430 857/419/2381
f 201/1918/2383 1845/415/430 858/1919/2384
f 1846/410/425 195/1928/2385 834/382/2386
f 852/406/2387 834/382/2386 197/1930/2388
f 200/405/2389 1846/410/425 852/406/2387
f 853/413/2390 841/409/424 198/1931/2391
f 201/1918/2392 1847/407/422 853/413/2390
f 854/430/2393 850/1932/2394 1847/407/422
f 840/388/402 852/406/421 197/1930/2395
f 71/408/2396 1848/404/419 840/388/402
f 850/1932/2397 851/1922/2398 1848/404/419
f 1849/403/418 208/1933/2399 848/1914/2352
f 849/1923/2363 848/1914/2352 207/1913/2351
f 192/1924/2364 1849/403/418 849/1923/2363
f 1850/400/415 208/1933/2399 845/402/417
f 843/394/408 845/402/417 70/1934/2400
f 191/371/385 1850/400/415 843/394/408
f 1851/397/412 70/1934/2400 844/401/416
f 822/1935/2401 844/401/416 192/1924/2364
f 145/1936/2402 1851/397/412 822/1935/2401
f 1852/395/409 70/1934/2400 842/396/2403
f 806/1937/2404 842/396/2403 190/1938/2405
f 144/1901/2406 1852/395/409 806/1937/2404
f 1853/393/407 139/439/2407 836/385/2408
f 841/409/424 836/385/2408 198/1931/2391
f 71/408/423 1853/393/407 841/409/424
f 1854/390/404 139/439/2409 838/392/2410
f 71/408/2396 1854/390/404 839/391/2411
f 1855/387/401 141/380/2412 830/1939/2413
f 835/414/2414 830/1939/2413 196/1929/2415
f 198/1931/2416 1855/387/401 835/414/2414
f 1856/384/398 140/1907/2417 832/1910/2418
f 833/389/2419 832/1910/2418 139/439/2420
f 197/1930/2421 1856/384/398 833/389/2419
f 824/1940/2422 831/381/395 143/374/2423
f 829/420/2424 824/1940/2422 194/425/2425
f 196/1929/2426 1857/379/393 829/420/2424
f 826/1908/2427 819/377/391 142/1904/2428
f 140/1907/2429 1858/378/392 826/1908/2427
f 195/1928/2430 1858/378/392 827/383/2431
f 822/1935/2401 825/375/389 145/1936/2402
f 192/1924/2364 1859/373/387 822/1935/2401
f 823/426/2432 824/1940/2433 1859/373/387
f 818/1903/2434 821/372/386 144/1901/2406
f 142/1904/2435 1860/370/384 818/1903/2434
f 819/377/2436 820/1925/2437 1860/370/384
f 1861/369/383 69/1941/2438 814/362/376
f 804/352/366 814/362/376 186/1942/2439
f 132/351/365 1861/369/383 804/352/366
f 1862/366/380 69/1941/2438 815/368/382
f 816/1887/2309 815/368/382 130/1885/2306
f 131/1884/2303 1862/366/380 816/1887/2309
f 1863/363/377 69/1941/2438 813/359/373
f 809/1943/2440 813/359/373 189/1944/2441
f 188/1899/2327 1863/363/377 809/1943/2440
f 1864/360/374 69/1941/2438 812/365/379
f 798/1945/2442 812/365/379 185/344/358
f 187/1902/2331 1864/360/374 798/1945/2442
f 1865/358/372 188/1899/2327 809/1943/2440
f 807/353/367 809/1943/2440 189/1944/2441
f 190/1938/2443 1865/358/372 807/353/367
f 1866/355/369 187/1902/2331 805/1900/2329
f 806/1937/2444 805/1900/2329 144/1901/2330
f 190/1938/2443 1866/355/369 806/1937/2444
f 800/1946/2445 804/352/366 186/1942/2439
f 169/1947/2446 1867/350/364 800/1946/2445
f 658/1948/2447 796/341/355 1867/350/364
f 803/364/378 799/345/359 185/344/358
f 131/1884/2303 1868/349/363 803/364/378
f 793/1949/2448 657/1950/2449 1868/349/363
f 800/1946/2445 664/348/362 169/1947/2446
f 186/1942/2439 1869/346/360 800/1946/2445
f 801/361/375 802/1898/2326 1869/346/360
f 663/1951/2450 799/345/359 168/197/204
f 166/1896/2320 1870/343/357 663/1951/2450
f 797/451/469 798/1945/2442 1870/343/357
f 1871/342/356 171/1952/2451 652/1953/2452
f 792/336/350 652/1953/2452 173/1954/2453
f 134/335/349 1871/342/356 792/336/350
f 1872/339/353 170/191/198 793/1949/2448
f 794/1882/2301 793/1949/2448 131/1884/2303
f 133/1883/2302 1872/339/353 794/1882/2301
f 646/1955/2454 792/336/350 173/1954/2453
f 175/1956/2455 1873/334/348 646/1955/2454
f 788/331/345 791/1877/2291 1873/334/348
f 789/337/351 645/178/185 172/185/192
f 133/1883/2302 1874/332/346 789/337/351
f 790/1879/2295 784/1957/2456 1874/332/346
f 640/1958/2457 788/331/345 175/1956/2455
f 176/328/342 1875/329/343 640/1958/2457
f 786/1959/2458 787/1874/2459 1875/329/343
f 784/1957/2456 638/172/179 174/333/347
f 135/1878/2293 1876/327/341 784/1957/2456
f 785/1875/2460 786/1959/2458 1876/327/341
f 1877/326/340 178/317/331 779/1960/2461
f 184/1857/2233 1877/326/340 779/1960/2461
f 182/1961/2462 1877/326/340 783/526/548
f 1878/322/336 178/317/331 781/325/339
f 767/1962/2463 781/325/339 177/308/321
f 181/1853/2225 1878/322/336 767/1962/2463
f 779/1960/2461 780/321/335 184/1857/2233
f 178/317/331 1879/319/333 779/1960/2461
f 777/1963/2464 774/1964/2465 1879/319/333
f 776/1858/2234 778/318/332 183/323/337
f 112/1859/2235 1880/316/330 776/1858/2234
f 773/312/326 777/1963/2464 1880/316/330
f 1881/315/329 113/320/334 774/1964/2465
f 726/1965/2466 774/1964/2465 68/1966/2467
f 163/1967/2468 1881/315/329 726/1965/2466
f 1882/313/327 112/1859/2235 772/1854/2228
f 728/1968/2469 772/1854/2228 110/1855/2470
f 162/1969/2471 1882/313/327 728/1968/2469
f 769/1909/2345 764/311/324 165/1905/2346
f 177/308/321 1883/310/323 769/1909/2345
f 770/324/338 771/542/564 1883/310/323
f 763/1970/2472 768/309/322 164/437/453
f 114/1848/2473 1884/307/320 763/1970/2472
f 766/1852/2224 767/1962/2463 1884/307/320
f 1885/304/317 117/554/577 760/299/311
f 671/1971/2474 760/299/311 147/1972/2475
f 671/1971/2474 764/311/324 1885/304/317
f 1886/303/316 116/1846/2213 762/1849/2476
f 114/1848/2473 1886/303/316 762/1849/2476
f 763/1970/2472 670/204/314 1886/303/316
f 1887/301/313 119/560/583 756/294/306
f 678/1973/2477 756/294/306 149/1974/2478
f 147/1972/2475 1887/301/313 678/1973/2477
f 1888/298/310 118/1843/2208 758/1847/2214
f 759/302/315 758/1847/2214 116/1846/2213
f 146/203/210 1888/298/310 759/302/315
f 1889/296/308 121/566/589 752/289/301
f 684/1975/2479 752/289/301 151/1976/2480
f 149/1974/2478 1889/296/308 684/1975/2479
f 1890/293/305 120/1840/2203 754/1844/2209
f 755/297/309 754/1844/2209 118/1843/2208
f 148/209/216 1890/293/305 755/297/309
f 1891/291/303 123/1977/2481 748/284/296
f 690/1978/2482 748/284/296 153/1979/2483
f 151/1976/2480 1891/291/303 690/1978/2482
f 1892/288/300 122/1837/2199 750/1841/2204
f 751/292/304 750/1841/2204 120/1840/2203
f 150/215/222 1892/288/300 751/292/304
f 744/1980/2484 749/285/297 125/279/291
f 155/1981/2485 1893/286/298 744/1980/2484
f 153/1979/2483 1893/286/298 696/1982/2486
f 746/1836/2487 743/283/295 124/1833/2488
f 747/287/299 746/1836/2487 122/1837/2199
f 152/221/228 1894/281/293 747/287/299
f 1895/278/290 127/582/2489 740/273/284
f 702/1983/2490 740/273/284 157/1984/2491
f 702/1983/2490 744/1980/2484 1895/278/290
f 1896/277/289 126/1830/2492 742/1832/2493
f 124/1833/2488 1896/277/289 742/1832/2493
f 743/283/295 701/233/287 1896/277/289
f 1897/275/286 180/588/2494 736/1985/2495
f 708/1986/2496 736/1985/2495 159/1987/2497
f 157/1984/2491 1897/275/286 708/1986/2496
f 1898/272/283 179/1828/2498 738/1831/2499
f 739/276/288 738/1831/2499 126/1830/2492
f 156/1988/2500 1898/272/283 739/276/288
f 1899/268/278 161/1989/2501 714/1990/2502
f 159/1987/2497 1899/268/278 714/1990/2502
f 736/1985/2495 737/1826/2503 1899/268/278
f 1900/267/275 160/1991/2504 730/262/269
f 128/1824/2505 1900/267/275 730/262/269
f 734/1829/2506 735/271/282 1900/267/275
f 1901/264/272 163/1967/2468 720/1992/2507
f 731/270/280 720/1992/2507 161/1989/2501
f 129/269/279 1901/264/272 731/270/280
f 1902/263/271 162/1969/2471 728/1968/2469
f 110/1855/2470 1902/263/271 728/1968/2469
f 128/1824/2505 1902/263/271 729/1823/2508
f 1903/261/268 163/1967/2509 726/1965/2510
f 724/256/2511 726/1965/2510 68/1966/2512
f 67/678/2513 1903/261/268 724/256/2511
f 1904/258/265 162/1969/2514 718/250/257
f 723/1769/2515 718/250/257 108/1765/2516
f 67/678/2517 1904/258/265 723/1769/2515
f 1905/255/262 161/1989/2518 720/1992/2519
f 721/260/267 720/1992/2519 163/1967/2509
f 109/684/2520 1905/255/262 721/260/267
f 1906/252/259 160/1991/2521 712/244/251
f 717/1766/2522 712/244/251 106/1761/2523
f 108/1765/2516 1906/252/259 717/1766/2522
f 1907/249/256 159/1987/2524 714/1990/2525
f 715/254/261 714/1990/2525 161/1989/2518
f 107/1993/2526 1907/249/256 715/254/261
f 1908/246/253 158/239/246 706/1994/2527
f 711/1760/2528 706/1994/2527 104/1755/2529
f 106/1761/2530 1908/246/253 711/1760/2528
f 1909/243/250 157/1984/2531 708/1986/2532
f 159/1987/2524 1909/243/250 708/1986/2532
f 709/248/255 710/241/248 1909/243/250
f 1910/238/245 156/1988/2533 700/232/239
f 705/1754/2534 700/232/239 102/1749/2535
f 705/1754/2534 706/1994/2527 1910/238/245
f 1911/237/244 155/1981/2536 702/1983/2537
f 703/242/249 702/1983/2537 157/1984/2531
f 103/1752/2538 1911/237/244 703/242/249
f 1912/234/241 154/282/2539 694/226/233
f 699/1748/2540 694/226/233 100/1743/2541
f 102/1749/2535 1912/234/241 699/1748/2540
f 1913/231/238 153/1979/2483 696/1982/2542
f 697/236/243 696/1982/2542 155/1981/2536
f 101/1746/2543 1913/231/238 697/236/243
f 1914/228/235 152/221/228 688/1995/2544
f 693/1742/2545 688/1995/2544 98/1737/2546
f 100/1743/2541 1914/228/235 693/1742/2545
f 1915/225/232 151/1976/2480 690/1978/2482
f 153/1979/2483 1915/225/232 690/1978/2482
f 99/1740/2547 1915/225/232 691/230/237
f 1916/220/227 150/215/222 682/1996/2548
f 687/1736/2549 682/1996/2548 96/1733/2550
f 98/1737/2551 1916/220/227 687/1736/2549
f 684/1975/2479 679/219/226 149/1974/2478
f 151/1976/2480 1917/217/224 684/1975/2479
f 685/224/231 686/1732/2552 1917/217/224
f 676/1997/2553 683/216/223 148/209/216
f 94/1730/2554 1918/214/221 676/1997/2553
f 681/1734/2555 682/1996/2548 1918/214/221
f 678/1973/2477 672/213/220 147/1972/2475
f 149/1974/2478 1919/211/218 678/1973/2477
f 95/218/225 1919/211/218 679/219/226
f 669/1998/2556 677/210/217 146/203/210
f 92/1680/2557 1920/208/215 669/1998/2556
f 94/1730/2554 1920/208/215 675/1731/2558
f 671/1971/2559 674/207/214 165/1905/2560
f 147/1972/2475 1921/205/212 671/1971/2559
f 672/213/220 673/796/2561 1921/205/212
f 667/1891/2562 670/204/211 164/437/2563
f 79/1683/2564 1922/202/209 667/1891/2562
f 668/1681/2565 669/1998/2556 1922/202/209
f 1923/201/208 84/194/201 659/1999/2566
f 169/1947/2446 1923/201/208 659/1999/2566
f 664/348/362 665/199/206 1923/201/208
f 1924/196/203 83/1708/2567 661/1695/2568
f 662/1897/2321 661/1695/2568 81/1692/2323
f 662/1897/2321 663/1951/2450 1924/196/203
f 653/2000/2569 660/195/202 86/188/195
f 171/1952/2451 1925/193/200 653/2000/2569
f 658/1948/2447 659/1999/2566 1925/193/200
f 655/1709/2570 650/192/199 85/1712/2571
f 83/1708/2567 1926/190/197 655/1709/2570
f 656/198/205 657/1950/2449 1926/190/197
f 1927/187/194 88/750/2572 647/181/188
f 173/1954/2453 1927/187/194 647/181/188
f 652/1953/2452 653/2000/2569 1927/187/194
f 1928/184/191 87/1715/2573 649/1713/2574
f 85/1712/2571 1928/184/191 649/1713/2574
f 650/192/199 651/338/352 1928/184/191
f 1929/183/190 90/744/775 641/175/182
f 646/1955/2454 641/175/182 175/1956/2455
f 173/1954/2453 1929/183/190 646/1955/2454
f 1930/180/187 89/1719/2037 643/1716/2575
f 644/186/193 643/1716/2575 87/1715/2576
f 172/185/192 1930/180/187 644/186/193
f 1931/177/184 91/2001/2577 639/173/180
f 640/1958/2457 639/173/180 176/328/342
f 175/1956/2455 1931/177/184 640/1958/2457
f 1932/174/181 91/2001/2577 636/1720/2038
f 637/179/186 636/1720/2038 89/1719/2037
f 174/333/347 1932/174/181 637/179/186
f 635/171/178 622/145/150 62/147/154
f 635/171/178 591/170/177 622/145/150
f 591/170/177 50/143/148 622/145/150
f 634/165/172 590/98/2578 51/2002/2579
f 634/165/172 620/142/147 590/98/2578
f 620/142/147 49/136/2580 590/98/2578
f 633/168/175 635/171/178 62/147/154
f 633/168/175 596/167/174 635/171/178
f 596/167/174 52/169/176 635/171/178
f 632/161/168 595/104/2581 53/2003/2582
f 632/161/168 634/165/172 595/104/2581
f 634/165/172 51/2002/2579 595/104/2581
f 631/164/171 633/168/175 62/147/154
f 631/164/171 600/163/170 633/168/175
f 600/163/170 54/166/173 633/168/175
f 630/157/164 599/109/2583 55/2004/2584
f 630/157/164 632/161/168 599/109/2583
f 632/161/168 53/2003/2582 599/109/2583
f 629/160/167 631/164/171 62/147/154
f 629/160/167 604/159/166 631/164/171
f 604/159/166 56/162/169 631/164/171
f 628/153/160 603/115/2585 57/2005/2586
f 628/153/160 630/157/164 603/115/2585
f 630/157/164 55/2004/2584 603/115/2585
f 627/156/163 629/160/167 62/147/154
f 627/156/163 608/155/162 629/160/167
f 608/155/162 58/158/165 629/160/167
f 626/150/157 607/122/2587 59/121/2588
f 626/150/157 628/153/160 607/122/2587
f 628/153/160 57/2005/2586 607/122/2587
f 625/149/156 627/156/163 62/147/154
f 625/149/156 612/152/159 627/156/163
f 612/152/159 60/154/161 627/156/163
f 624/146/153 611/127/2589 63/126/151
f 624/146/153 626/150/157 611/127/2589
f 626/150/157 59/121/2588 611/127/2589
f 625/149/156 616/2006/2590 64/151/158
f 625/149/156 623/148/155 616/2006/2590
f 623/148/155 66/2007/2591 616/2006/2590
f 624/146/153 621/141/146 61/140/145
f 624/146/153 615/132/152 621/141/146
f 615/132/152 65/131/2592 621/141/146
f 622/145/150 623/148/155 62/147/154
f 622/145/150 619/144/149 623/148/155
f 619/144/149 66/2007/2591 623/148/155
f 620/142/147 618/137/2593 49/136/2580
f 620/142/147 621/141/146 618/137/2593
f 621/141/146 65/131/2592 618/137/2593
f 619/144/2594 617/139/144 66/2007/2595
f 50/143/2596 1933/138/142 619/144/2594
f 593/101/101 514/2008/2597 1933/138/142
f 614/2009/2598 618/137/141 65/131/2599
f 1/2010/2600 1934/135/139 614/2009/2598
f 509/2011/2601 588/2012/2602 1934/135/139
f 616/2006/2603 613/134/138 64/151/2604
f 66/2007/2605 1935/133/136 616/2006/2603
f 617/139/2606 531/2013/2607 1935/133/136
f 610/2014/2608 615/132/135 63/126/2609
f 11/2015/2610 1936/130/133 610/2014/2608
f 528/2016/2611 614/2009/2612 1936/130/133
f 612/152/2613 609/129/132 60/154/2614
f 64/151/2615 1937/128/130 612/152/2613
f 613/134/2616 537/2017/2617 1937/128/130
f 606/2018/2618 611/127/129 59/121/2619
f 13/2019/2620 1938/125/127 606/2018/2618
f 532/2020/2621 610/2014/2622 1938/125/127
f 1939/123/124 58/158/2623 608/155/2624
f 60/154/2625 1939/123/124 608/155/2624
f 609/129/2626 551/2021/2627 1939/123/124
f 1940/120/121 57/2005/2628 602/114/2629
f 23/2022/2630 1940/120/121 602/114/2629
f 548/2023/2631 606/2018/2632 1940/120/121
f 1941/119/120 56/162/2633 604/159/2634
f 605/124/2635 604/159/2634 58/158/2636
f 24/53/2637 1941/119/120 605/124/2635
f 1942/116/117 55/2004/2638 598/108/2639
f 552/2024/2640 598/108/2639 25/2025/2641
f 23/2022/2642 1942/116/117 552/2024/2640
f 1943/113/114 54/166/2643 600/163/2644
f 601/118/2645 600/163/2644 56/162/2646
f 26/71/2647 1943/113/114 601/118/2645
f 1944/110/111 53/2003/2648 594/103/2649
f 568/2026/2650 594/103/2649 35/2027/2651
f 25/2025/2652 1944/110/111 568/2026/2650
f 1945/107/108 52/169/2653 596/167/2654
f 597/112/2655 596/167/2654 54/166/2656
f 36/2028/2657 1945/107/108 597/112/2655
f 1946/105/105 51/2002/2658 589/97/2659
f 572/2029/2660 589/97/2659 37/2030/2661
f 35/2027/2662 1946/105/105 572/2029/2660
f 1947/102/102 50/143/2596 591/170/2663
f 592/106/2664 591/170/2663 52/169/2665
f 38/95/2666 1947/102/102 592/106/2664
f 1948/99/99 49/136/140 588/2012/2602
f 586/2031/2667 588/2012/2602 47/2032/2668
f 37/2030/2669 1948/99/99 586/2031/2667
f 1949/94/94 40/2033/2670 585/88/88
f 515/6/6 585/88/88 46/11/11
f 48/5/5 1949/94/94 515/6/6
f 1950/93/93 39/2034/2671 573/73/73
f 37/2030/2672 1950/93/93 573/73/73
f 47/2032/2673 1950/93/93 586/2031/2674
f 1951/90/90 42/2035/2675 584/2036/2676
f 521/12/12 584/2036/2676 44/2037/2677
f 46/11/11 1951/90/90 521/12/12
f 1952/87/87 41/2038/2678 578/79/79
f 582/92/92 578/79/79 39/2034/2671
f 45/2039/2679 1952/87/87 582/92/92
f 1953/84/84 32/2040/2680 580/2041/2681
f 581/89/89 580/2041/2681 42/2035/2675
f 40/2033/2670 1953/84/84 581/89/89
f 1954/81/81 31/2042/2682 563/61/61
f 574/74/74 563/61/61 33/2043/2683
f 39/2034/2671 1954/81/81 574/74/74
f 1955/78/78 34/2044/2684 575/82/82
f 576/96/96 575/82/82 40/2033/2670
f 38/95/95 1955/78/78 576/96/96
f 1956/75/75 33/2043/2683 569/67/67
f 572/2029/2685 569/67/67 35/2027/2686
f 37/2030/2672 1956/75/75 572/2029/2685
f 567/64/64 556/72/72 28/2045/2687
f 570/77/77 567/64/64 34/2044/2684
f 36/2028/2688 1957/70/70 570/77/77
f 553/49/49 562/68/68 27/2046/2689
f 25/2025/2690 1958/69/69 553/49/49
f 35/2027/2686 1958/69/69 568/2026/2691
f 1959/66/66 30/2047/2692 565/2048/2693
f 566/83/83 565/2048/2693 32/2040/2680
f 34/2044/2684 1959/66/66 566/83/83
f 1960/63/63 29/2049/2694 558/55/2695
f 562/68/68 558/55/2695 27/2046/2689
f 33/2043/2683 1960/63/63 562/68/68
f 560/2050/2696 546/60/60 20/2051/2697
f 561/65/2698 560/2050/2696 30/2047/2699
f 28/2045/2687 1961/58/58 561/65/2698
f 543/37/37 559/56/56 19/2052/2700
f 21/2053/2701 1962/57/57 543/37/37
f 27/2046/2689 1962/57/57 554/50/50
f 555/2054/2702 550/54/54 22/59/59
f 556/72/72 555/2054/2702 28/2045/2687
f 26/71/71 1963/52/52 556/72/72
f 549/43/43 554/50/50 21/2053/2701
f 23/2022/2703 1964/51/51 549/43/43
f 25/2025/2690 1964/51/51 552/2024/2704
f 547/2055/2705 536/48/48 16/41/41
f 550/54/54 547/2055/2705 22/59/59
f 24/53/53 1965/46/46 550/54/54
f 533/25/25 542/44/44 15/2056/2706
f 13/2019/2707 1966/45/45 533/25/25
f 23/2022/2703 1966/45/45 548/2023/2708
f 545/2057/2709 541/42/42 18/2058/2710
f 546/60/60 545/2057/2709 20/2051/2697
f 22/59/59 1967/40/40 546/60/60
f 538/2059/2711 544/38/38 17/32/2712
f 15/2056/2706 1968/39/39 538/2059/2711
f 21/2053/2701 1968/39/39 542/44/44
f 540/2060/2713 526/36/36 8/2061/2714
f 18/2058/2715 1969/34/34 540/2060/2713
f 541/42/2716 535/2062/2717 1969/34/34
f 523/2063/2718 539/33/33 7/14/14
f 9/20/20 1970/31/31 523/2063/2718
f 534/26/26 538/2059/2719 1970/31/31
f 535/2062/2717 530/30/30 10/35/35
f 536/48/48 535/2062/2717 16/41/41
f 14/47/47 1971/28/28 536/48/48
f 529/2064/2720 534/26/26 9/20/20
f 11/2015/2721 1972/27/27 529/2064/2720
f 13/2019/2707 1972/27/27 532/2020/2722
f 527/2065/2723 513/24/24 4/17/17
f 10/35/35 1973/22/22 527/2065/2723
f 530/30/30 531/2013/2724 1973/22/22
f 510/1/1 522/21/21 3/2066/2725
f 1/2010/2726 1974/19/19 510/1/1
f 528/2016/2727 529/2064/2720 1974/19/19
f 525/2067/2728 520/18/18 6/2068/2729
f 8/2061/2714 1975/16/16 525/2067/2728
f 526/36/36 527/2065/2723 1975/16/16
f 517/2069/2730 524/15/15 5/8/8
f 3/2066/2725 1976/13/13 517/2069/2730
f 522/21/21 523/2063/2718 1976/13/13
f 519/2070/2731 521/12/12 44/2037/2677
f 6/2068/2729 1977/10/10 519/2070/2731
f 520/18/18 512/2071/2732 1977/10/10
f 516/85/85 518/9/9 43/2072/2733
f 45/2039/2679 1978/7/7 516/85/85
f 511/2/2 517/2069/2730 1978/7/7
f 512/2071/2732 515/6/6 46/11/11
f 513/24/24 512/2071/2732 4/17/17
f 2/23/23 1979/4/4 513/24/24
f 508/91/91 511/2/2 45/2039/2679
f 47/2032/2673 1980/3/3 508/91/91
f 1/2010/2726 1980/3/3 509/2011/2734
f 510/1/1 3/2066/2725 511/2/2
f 1979/4/4 514/2008/2735 48/5/5
f 1978/7/7 517/2069/2730 5/8/8
f 1977/10/10 512/2071/2732 46/11/11
f 1976/13/13 523/2063/2718 7/14/14
f 1975/16/16 527/2065/2723 4/17/17
f 1974/19/19 529/2064/2720 9/20/20
f 1973/22/22 531/2013/2724 2/23/23
f 533/25/25 15/2056/2706 534/26/26
f 1971/28/28 537/2017/2736 12/29/29
f 1970/31/31 538/2059/2719 17/32/32
f 1969/34/34 535/2062/2717 10/35/35
f 543/37/37 19/2052/2700 544/38/38
f 1967/40/40 547/2055/2705 16/41/41
f 549/43/43 21/2053/2701 542/44/44
f 1965/46/46 551/2021/2737 14/47/47
f 553/49/49 27/2046/2689 554/50/50
f 1963/52/52 557/117/2738 24/53/53
f 558/55/55 29/2049/2739 559/56/56
f 1961/58/58 555/2054/2702 22/59/59
f 563/61/61 31/2042/2682 564/62/62
f 567/64/64 28/2045/2687 561/65/65
f 569/67/67 33/2043/2683 562/68/68
f 1957/70/70 571/111/2740 26/71/71
f 573/73/73 39/2034/2671 574/74/74
f 577/76/76 36/2028/2688 570/77/77
f 578/79/79 41/2038/2678 579/80/80
f 575/82/82 34/2044/2684 566/83/83
f 516/85/85 43/2072/2733 583/86/86
f 585/88/88 40/2033/2670 581/89/89
f 508/91/91 45/2039/2679 582/92/92
f 1949/94/94 587/100/2741 38/95/95
f 589/97/97 51/2002/2742 590/98/98
f 587/100/100 48/5/2743 593/101/101
f 594/103/103 53/2003/2744 595/104/104
f 577/76/106 38/95/2745 592/106/107
f 598/108/109 55/2004/2746 599/109/110
f 571/111/112 36/2028/2747 597/112/113
f 602/114/115 57/2005/2748 603/115/116
f 557/117/118 26/71/2749 601/118/119
f 1940/120/121 606/2018/2632 59/121/122
f 1939/123/124 551/2021/2627 24/53/125
f 1938/125/127 610/2014/2622 63/126/128
f 1937/128/130 537/2017/2617 14/47/131
f 1936/130/133 614/2009/2612 65/131/134
f 1935/133/136 531/2013/2607 12/29/137
f 1934/135/139 588/2012/2602 49/136/140
f 1933/138/142 514/2008/2597 2/23/143
f 638/172/179 176/328/342 639/173/180
f 641/175/182 90/744/775 642/176/183
f 645/178/185 174/333/347 637/179/186
f 647/181/188 88/750/2750 648/182/189
f 1928/184/191 651/338/352 172/185/192
f 1927/187/194 653/2000/2569 86/188/195
f 1926/190/197 657/1950/2449 170/191/198
f 1925/193/200 659/1999/2566 84/194/201
f 1924/196/203 663/1951/2450 168/197/204
f 665/199/206 82/779/2751 666/200/207
f 1922/202/209 669/1998/2556 146/203/210
f 1921/205/212 673/796/2561 80/206/213
f 1920/208/215 676/1997/2553 148/209/216
f 1919/211/218 680/1728/2752 93/212/219
f 1918/214/221 682/1996/2548 150/215/222
f 1917/217/224 686/1732/2552 95/218/225
f 1916/220/227 688/1995/2544 152/221/228
f 692/223/230 97/715/2753 685/224/231
f 694/226/233 154/282/2539 695/227/234
f 698/229/236 99/1740/2754 691/230/237
f 700/232/239 156/1988/2533 701/233/240
f 704/235/242 101/1746/2543 697/236/243
f 1910/238/245 706/1994/2527 158/239/246
f 710/241/248 103/1752/2538 703/242/249
f 712/244/251 160/1991/2521 713/245/252
f 716/247/254 105/1758/2755 709/248/255
f 718/250/257 162/1969/2514 719/251/258
f 722/253/260 107/1993/2756 715/254/261
f 724/256/263 68/1966/2757 725/257/264
f 727/259/266 109/684/2520 721/260/267
f 730/262/269 160/1991/2504 719/251/270
f 1901/264/272 732/593/2758 111/265/273
f 1900/267/275 735/271/282 158/239/276
f 1899/268/278 737/1826/2503 129/269/279
f 707/240/281 158/239/276 735/271/282
f 740/273/284 127/582/2489 741/274/285
f 701/233/287 156/1988/2500 739/276/288
f 1895/278/290 744/1980/2484 125/279/291
f 1894/281/293 695/227/2759 154/282/294
f 748/284/296 123/1977/2481 749/285/297
f 689/222/229 152/221/228 747/287/299
f 752/289/301 121/566/589 753/290/302
f 683/216/223 150/215/222 751/292/304
f 756/294/306 119/560/583 757/295/307
f 677/210/217 148/209/216 755/297/309
f 760/299/311 117/554/577 761/300/312
f 670/204/314 146/203/210 759/302/315
f 1885/304/317 764/311/324 115/305/318
f 1884/307/320 767/1962/2463 177/308/321
f 1883/310/323 771/542/564 115/305/318
f 725/257/325 68/1966/2467 773/312/326
f 733/266/274 111/265/273 775/314/328
f 1880/316/330 777/1963/2464 178/317/331
f 1879/319/333 774/1964/2465 113/320/334
f 1878/322/336 782/1861/2238 183/323/337
f 770/324/338 177/308/321 781/325/339
f 1876/327/341 786/1959/2458 176/328/342
f 1875/329/343 787/1874/2459 136/330/344
f 1874/332/346 784/1957/2456 174/333/347
f 1873/334/348 791/1877/2291 134/335/349
f 789/337/351 172/185/192 651/338/352
f 795/340/354 132/351/365 796/341/355
f 1870/343/357 798/1945/2442 185/344/358
f 1869/346/360 802/1898/2326 167/347/361
f 1868/349/363 657/1950/2449 168/197/204
f 1867/350/364 796/341/355 132/351/365
f 807/353/367 189/1944/2441 808/354/368
f 810/356/370 145/1936/2760 811/357/371
f 808/354/368 189/1944/2441 813/359/373
f 801/361/375 186/1942/2439 814/362/376
f 803/364/378 185/344/358 812/365/379
f 817/367/381 130/1885/2306 815/368/382
f 1860/370/384 820/1925/2437 191/371/385
f 1859/373/387 824/1940/2433 143/374/388
f 828/376/390 193/1926/2761 819/377/391
f 1857/379/393 830/1939/2762 141/380/394
f 834/382/396 195/1928/2763 827/383/397
f 836/385/399 139/439/2764 837/386/400
f 840/388/402 197/1930/2395 833/389/403
f 839/391/2765 138/2073/2765 838/392/2765
f 821/372/386 191/371/385 843/394/408
f 810/356/410 190/1938/2766 842/396/411
f 846/398/413 206/423/438 847/399/414
f 844/401/416 70/1934/2400 845/402/417
f 1848/404/419 851/1922/2398 200/405/420
f 1847/407/422 850/1932/2394 71/408/423
f 1846/410/425 855/428/2767 202/411/426
f 853/413/428 198/1931/2768 835/414/429
f 859/416/431 204/1917/2769 860/417/432
f 857/419/434 196/1929/2770 829/420/435
f 1842/422/437 863/433/449 206/423/438
f 1841/424/439 861/1927/2771 194/425/440
f 1840/427/442 859/416/2362 202/411/443
f 866/429/445 199/435/451 854/430/446
f 1838/432/448 847/399/414 206/423/438
f 1837/434/450 867/1915/2353 199/435/451
f 1836/436/452 869/1906/2343 164/437/453
f 1835/438/454 837/386/2347 139/439/455
f 871/441/457 211/466/485 872/442/458
f 1833/444/460 831/381/2772 141/380/461
f 875/446/463 213/1894/2328 876/447/464
f 825/375/466 143/374/2337 874/449/467
f 797/451/469 166/1896/2320 879/452/470
f 811/357/371 145/1936/2760 878/454/472
f 882/456/474 213/1894/2318 879/452/475
f 884/458/477 82/779/2751 665/199/206
f 886/460/479 211/466/485 876/447/464
f 888/462/481 210/1688/1986 883/463/482
f 1824/465/484 872/442/2315 211/466/485
f 1823/467/486 674/207/2313 80/206/487
f 892/469/489 72/1867/2251 893/470/490
f 817/367/381 132/351/365 895/472/492
f 1820/474/494 891/1886/2773 222/475/495
f 795/340/354 134/335/349 899/477/497
f 1818/479/499 896/1880/2300 220/480/500
f 1817/482/502 791/1877/2291 136/330/344
f 1816/484/504 900/1876/2292 218/485/505
f 1815/487/507 787/1874/2283 137/488/508
f 908/490/510 229/515/2270 909/491/511
f 906/493/513 217/1873/2277 907/494/514
f 1812/496/516 912/1870/2273 227/497/517
f 1811/499/519 902/1871/2269 219/500/520
f 1810/502/522 916/1868/2264 225/503/523
f 1809/505/525 898/1869/2259 221/506/526
f 920/508/528 224/518/2250 921/509/529
f 894/511/531 223/1881/2774 919/512/532
f 1806/514/534 909/491/2247 229/515/535
f 1805/517/537 923/1866/2245 224/518/538
f 1804/523/545 927/1851/2223 234/524/546
f 783/526/548 184/1857/2233 931/527/549
f 1802/529/551 926/1860/2237 232/530/552
f 780/321/335 113/320/334 935/532/554
f 1800/534/556 932/1856/2230 254/535/557
f 775/314/328 111/265/2775 939/537/559
f 940/539/561 252/1786/2218 941/540/562
f 771/542/564 182/1961/2462 930/543/565
f 1796/545/567 944/1845/2212 250/546/568
f 1795/548/570 765/306/2217 115/305/571
f 1794/550/573 948/1842/2207 248/551/574
f 1793/553/576 761/300/312 117/554/577
f 1792/556/579 952/1839/2202 246/557/580
f 1791/559/582 757/295/307 119/560/583
f 1790/562/585 956/1835/2197 244/563/586
f 1789/565/588 753/290/302 121/566/589
f 960/568/591 242/1805/2191 961/569/592
f 749/285/594 123/1977/2481 959/571/595
f 964/573/597 240/1810/2186 965/574/598
f 745/280/600 125/279/2196 963/576/601
f 1784/578/603 968/1827/2180 236/579/604
f 1783/581/606 741/274/2185 127/582/607
f 1782/584/609 972/1822/2175 238/585/610
f 1781/587/612 737/1826/2179 180/588/613
f 1780/590/615 936/1825/2178 256/591/616
f 732/593/618 129/269/2776 975/594/619
f 1778/596/621 979/1782/2120 258/597/622
f 977/599/624 239/1820/2173 983/600/625
f 1776/602/627 978/1818/2171 276/603/628
f 1775/605/630 974/1817/2170 237/606/631
f 1774/608/633 984/1814/2167 278/609/634
f 970/611/636 241/1808/2159 991/612/637
f 1772/614/639 988/1813/2165 274/615/640
f 966/617/642 243/1804/2153 995/618/643
f 992/620/645 272/1809/2160 997/621/646
f 1769/623/648 962/1834/2777 245/624/649
f 1768/626/651 996/1801/2150 270/627/652
f 958/629/654 247/1838/2778 1003/630/655
f 1766/632/657 1000/1798/2145 268/633/658
f 1765/635/660 954/1796/2141 249/636/661
f 1004/638/663 266/1797/2142 1009/639/664
f 950/641/666 251/1789/2131 1011/642/667
f 1008/644/669 264/1793/2137 1013/645/670
f 946/647/672 253/1785/2125 1015/648/673
f 1012/650/675 262/1790/2132 1017/651/676
f 1759/653/678 942/1850/2779 235/654/679
f 1758/656/681 1020/1779/2115 260/657/682
f 938/659/684 257/1821/2780 982/660/685
f 1756/662/687 1024/1774/2108 282/663/688
f 1755/665/690 934/1778/2114 255/666/691
f 1754/668/693 1016/1775/2111 280/669/694
f 1753/671/696 929/1773/2107 233/672/697
f 1031/674/699 284/1764/2781 1032/675/700
f 1751/677/702 727/259/2099 67/678/703
f 1750/680/705 1035/1759/2095 286/681/706
f 1749/683/708 722/253/2091 109/684/709
f 1039/686/711 288/1753/2782 1040/687/712
f 716/247/714 107/1993/2783 1038/689/715
f 1043/691/717 290/1747/1897 1044/692/718
f 710/241/720 105/1758/2784 1042/694/721
f 1047/696/723 292/1741/1898 1048/697/724
f 704/235/726 103/1752/2072 1046/699/727
f 1051/701/729 294/1606/2785 1052/702/730
f 698/229/732 101/1746/2067 1050/704/733
f 1055/706/735 296/1607/1871 1056/707/736
f 692/223/738 99/1740/2786 1054/709/739
f 1738/711/741 1059/1729/2046 298/712/742
f 1737/714/744 686/1732/2049 97/715/745
f 1736/717/747 1063/795/830 300/718/748
f 1735/720/750 680/1728/2045 95/218/751
f 1069/722/753 328/817/853 1070/723/754
f 1068/725/756 308/1724/2043 1073/726/757
f 1067/728/759 338/763/796 1076/729/760
f 1075/731/762 307/1721/2039 1078/732/763
f 1074/734/765 336/1705/2006 1081/735/766
f 1080/737/768 306/741/2042 1083/738/769
f 1728/740/771 1085/1718/2036 306/741/772
f 1727/743/774 642/176/183 90/744/775
f 1726/746/777 1084/1717/2034 340/747/778
f 1725/749/780 648/182/2029 88/750/781
f 1724/752/783 1087/1714/2025 334/753/784
f 1723/755/786 654/189/2022 86/188/787
f 1722/757/789 1091/1710/2018 330/758/790
f 1721/760/792 660/195/2015 84/194/793
f 1720/762/795 1076/729/760 338/763/796
f 1102/765/798 331/770/804 1097/766/799
f 1088/748/801 340/747/2040 1081/735/766
f 1717/769/803 1093/1711/2787 331/770/804
f 1100/764/797 338/763/796 1070/723/754
f 1105/772/806 327/825/861 1106/773/807
f 1714/775/809 1095/1696/1997 332/776/810
f 1713/778/812 666/200/1995 82/779/813
f 1712/781/815 1110/1586/1993 344/782/816
f 1114/784/818 210/1688/1986 888/462/481
f 1115/786/820 342/977/1015 1109/787/821
f 1108/780/814 82/779/813 884/458/823
f 1708/790/825 1111/783/817 344/782/816
f 890/468/488 80/206/487 1120/792/827
f 1706/794/829 1121/984/2788 300/718/748
f 1120/792/831 80/206/2789 673/796/832
f 1125/798/834 352/1558/1822 1126/799/835
f 1129/801/837 77/1658/1946 1123/802/838
f 1131/804/840 350/1563/1827 1132/805/841
f 1127/807/843 304/1677/1965 1130/808/844
f 1700/810/846 1136/1593/1855 348/811/847
f 1133/813/849 78/1674/1964 1135/814/850
f 1698/816/852 1141/821/1963 328/817/853
f 1697/818/854 1138/1668/1962 305/819/855
f 1141/821/857 348/811/847 1143/822/858
f 1695/824/860 1106/773/807 327/825/861
f 1694/827/863 1146/1589/1852 318/828/864
f 1693/830/866 1061/1661/1952 297/831/867
f 1692/833/869 1153/1571/1833 324/834/870
f 1155/836/872 76/1649/2790 1151/837/873
f 1158/839/875 356/1635/1905 1159/840/876
f 1162/842/878 302/1624/1891 1156/843/879
f 1688/845/881 1164/1639/1910 354/846/882
f 1687/848/884 1160/1654/1945 303/849/885
f 1686/851/887 1169/1642/1914 316/852/888
f 1685/854/890 1166/1650/1940 75/855/891
f 1684/857/893 1172/1605/1937 362/858/894
f 1683/860/896 1053/1647/1935 293/861/897
f 1682/863/899 1178/945/1931 368/864/900
f 1681/866/902 1174/1646/1929 365/867/903
f 1680/869/905 1184/950/1926 370/870/906
f 1679/872/908 1180/1645/1925 367/873/909
f 1678/875/911 1190/954/1922 376/876/912
f 1677/878/914 1186/1644/1921 373/879/915
f 1197/881/917 374/887/924 1191/877/918
f 1199/883/920 315/2074/1411 1200/884/921
f 1674/886/923 1202/1638/1908 374/887/924
f 1673/888/925 1170/1641/1913 317/889/926
f 1672/891/928 1205/1634/1904 372/892/929
f 1671/894/931 1167/1637/1907 355/895/932
f 1670/897/934 1207/1631/1900 366/898/935
f 1669/900/937 1161/1633/1903 357/901/938
f 1668/903/940 1210/910/1902 364/904/941
f 1667/906/943 1212/1625/1892 359/907/944
f 1171/909/946 364/904/1936 1210/910/947
f 1049/912/949 291/1617/2066 1214/913/950
f 1209/915/952 358/1632/1901 1157/916/953
f 1217/918/955 74/936/973 1215/919/956
f 1662/921/958 1040/2075/2791 288/922/959
f 1037/924/961 285/931/2792 1219/925/962
f 1660/927/964 1213/1615/1880 360/928/965
f 1659/930/967 1219/925/2793 285/931/968
f 1145/938/974 310/1529/1724 1223/939/975
f 1057/941/977 295/1735/2053 1175/942/978
f 1656/944/980 1226/1602/1865 368/864/981
f 1655/946/983 1228/1096/1135 311/947/984
f 1654/949/986 1230/955/993 370/870/987
f 1653/951/989 1232/1141/1181 313/952/990
f 1190/954/992 370/870/987 1230/955/993
f 1200/884/921 315/2074/1411 1234/957/995
f 1650/959/997 1236/1562/1826 386/960/998
f 1139/962/1000 349/1582/1845 1240/963/1001
f 1237/961/999 386/960/998 1243/965/1003
f 1245/967/1005 319/1587/1850 1246/968/1006
f 1646/970/1008 1247/1585/1848 384/971/1009
f 1645/973/1011 1065/1588/1851 299/974/1012
f 1644/976/1014 1110/1586/1849 342/977/1015
f 1643/979/1017 1252/988/1026 301/980/1018
f 1254/989/1027 380/1559/1823 1255/990/1028
f 1258/992/1030 315/2074/1411 1199/883/920
f 1255/990/1028 380/1559/1823 1259/994/1032
f 1204/890/927 317/889/1947 1154/996/1034
f 1262/998/1036 380/1559/1823 1254/989/1027
f 1244/1000/1038 321/1590/1415 1264/1001/1039
f 1265/1003/1041 380/1559/1823 1262/998/1036
f 1134/1005/1043 351/1592/1854 1239/1006/1044
f 1269/1011/1049 414/1098/1137 1270/1012/1050
f 1273/1014/1052 401/1021/1059 1274/1015/1053
f 1632/1017/1055 1276/1539/1812 404/1018/1056
f 1631/1020/1058 1274/1015/1053 401/1021/1059
f 1282/1023/1061 406/1541/1801 1283/1024/1062
f 1278/1026/1064 399/1550/1807 1286/1027/1065
f 1288/1029/1067 408/1543/1795 1289/1030/1068
f 1284/1032/1070 397/1404/1802 1292/1033/1071
f 1626/1035/1073 1294/1545/2794 410/1036/1074
f 1290/1038/1076 395/1314/1796 1298/1039/1077
f 1624/1041/1079 1300/1547/1788 412/1042/1080
f 1296/1044/1082 393/1308/1789 1304/1045/1083
f 1622/1047/1085 1306/1454/1780 418/1048/1086
f 1621/1050/1088 1310/1544/1776 411/1051/1089
f 1620/1053/1091 1312/1456/1773 420/1054/1092
f 1619/1056/1094 1314/1542/1768 409/1057/1095
f 1316/1059/1097 422/1457/2795 1311/1060/1098
f 1318/1062/1100 407/1540/1747 1291/1063/1101
f 1320/1065/1103 424/1460/2796 1315/1066/1104
f 1322/1068/1106 405/1538/2797 1285/1069/1107
f 1324/1071/1109 426/1463/1609 1319/1072/1110
f 1326/1074/1112 403/1081/1119 1279/1075/1113
f 1612/1077/1115 1327/1502/1682 416/1078/1116
f 1611/1080/1118 1271/1535/1739 403/1081/1119
f 1332/1082/1120 444/1487/2798 1333/1083/1121
f 1246/968/1006 319/1587/1850 1336/1085/1123
f 1301/1043/1125 412/1042/2799 1338/1087/1126
f 1340/1089/1128 321/1366/2800 1335/1090/1129
f 1606/1092/1131 1331/1530/1725 442/1093/1132
f 1605/1095/1134 1148/1527/1722 311/947/984
f 1604/1097/1136 1345/1503/1683 414/1098/1137
f 1603/1099/1138 1347/1522/1716 383/1100/1139
f 1602/1102/1141 1349/1471/1621 440/1103/1142
f 1601/1105/1144 1308/1517/1708 413/1106/1145
f 1355/1108/1147 444/1518/2801 1350/1104/1148
f 1357/1110/1150 439/1185/1691 1358/1111/1151
f 1598/1113/1153 1354/1512/1697 438/1114/1154
f 1597/1116/1156 1363/1509/1692 435/1117/1157
f 1367/1119/1159 446/1516/1184 1360/1120/1160
f 1369/1122/1162 433/1168/1207 1370/1123/1163
f 1366/1125/1165 432/1478/1657 1373/1126/1166
f 1375/1128/1168 431/1501/1677 1376/1129/1169
f 1592/1131/1171 1371/1506/1685 450/1132/1172
f 1346/1134/1174 415/1521/2802 1330/1135/1175
f 1590/1137/1177 1372/1499/1680 430/1138/1178
f 1380/1140/1180 313/952/990 1232/1141/1181
f 1588/1143/1183 1381/1148/1187 446/1144/1184
f 1342/1146/1185 313/952/990 1380/1140/1180
f 1586/1152/1191 1384/1481/1662 452/1153/1192
f 1585/1155/1194 1378/1482/1664 417/1156/1195
f 1389/1158/1197 462/1271/1656 1390/1159/1198
f 1374/1161/1200 451/1500/1681 1387/1162/1201
f 1582/1164/1203 1393/1475/1659 460/1165/1204
f 1581/1167/1206 1370/1123/1163 433/1168/1207
f 1397/1170/1209 458/1441/2803 1398/1171/1210
f 1364/1118/1212 435/1117/2804 1396/1173/1213
f 1401/1175/1215 456/1436/2805 1402/1176/1216
f 1362/1178/1218 437/1474/2806 1400/1179/1219
f 1576/1181/1221 1405/1470/1631 454/1182/1222
f 1575/1184/1224 1358/1111/1626 439/1185/1225
f 1574/1187/1227 1409/1453/1575 474/1188/1228
f 1573/1190/1230 1352/1469/1618 441/1191/1231
f 1572/1193/1233 1383/1467/1615 476/1194/1234
f 1571/1196/1236 1329/1465/1613 429/1197/1237
f 1570/1199/1239 1413/1464/1610 464/1200/1240
f 1569/1202/1242 1325/1462/1606 427/1203/1243
f 1568/1205/1245 1417/1461/1602 466/1206/1246
f 1567/1208/1248 1321/1459/1597 425/1209/1249
f 1566/1211/1251 1421/1458/1592 468/1212/1252
f 1317/1214/1254 423/1455/1581 1428/1215/1255
f 1425/1217/1257 470/1423/2807 1430/1218/1258
f 1313/1220/1260 421/1452/1574 1432/1221/1261
f 1429/1223/1263 472/1427/1582 1433/1224/1264
f 1309/1226/1266 419/1546/1774 1412/1227/1267
f 1560/1229/1269 1436/1276/1317 480/1230/1270
f 1403/1232/1272 459/1273/1314 1440/1233/1273
f 1558/1235/1275 1442/1433/1537 482/1236/1276
f 1438/1238/1278 479/1444/1557 1446/1239/1279
f 1448/1241/1281 488/1428/1530 1449/1242/1282
f 1555/1244/1284 1444/1451/1569 485/1245/1285
f 1454/1247/1287 490/1296/1338 1455/1248/1288
f 1450/1250/1290 487/1449/1564 1458/1251/1291
f 1552/1253/1293 1460/1260/1300 486/1254/1294
f 1551/1256/1296 1415/1450/1567 465/1257/1297
f 1447/1259/1299 486/1254/1294 1460/1260/1300
f 1464/1262/1302 453/1480/2808 1386/1263/1303
f 1548/1265/1305 1465/1443/1556 478/1266/1306
f 1391/1268/1308 453/1480/2808 1464/1262/1302
f 1546/1270/1310 1465/1443/1556 462/1271/1311
f 1545/1272/1313 1440/1233/1273 459/1273/1314
f 1467/1275/1316 480/1230/2809 1436/1276/1317
f 1411/1278/1319 455/1468/2810 1407/1279/1320
f 1542/1281/1322 1442/1433/1537 480/1230/1270
f 1541/1282/1324 1470/1424/1525 473/1283/1325
f 1448/1241/1281 482/1236/1276 1469/1285/1327
f 1472/1287/1329 471/1420/1520 1431/1288/1330
f 1454/1247/1287 488/1428/1530 1471/1290/1332
f 1474/1292/1334 469/1417/1515 1427/1293/1335
f 1536/1295/1337 1455/1248/1288 490/1296/1338
f 1535/1298/1340 1476/1302/1346 467/1299/1341
f 1534/1304/1348 1478/1364/1413 504/1305/1349
f 1533/1307/1351 1304/1045/1507 393/1308/1352
f 1532/1310/1354 1477/1411/1508 502/1311/1355
f 1531/1313/1357 1298/1039/1497 395/1314/1358
f 1530/1316/1360 1483/1408/1491 500/1317/1361
f 1292/1033/1363 397/1404/2811 1490/1319/1364
f 1487/1321/1366 498/1390/2812 1492/1322/1367
f 1286/1324/1369 399/1401/2813 1494/1325/1370
f 1491/1327/1372 496/1347/2814 1496/1328/1373
f 1280/1330/1375 401/1397/1462 1498/1331/1376
f 1495/1333/1378 494/1395/1470 1500/1334/1379
f 1273/1336/1381 389/1384/1437 1502/1337/1382
f 1479/1306/1384 504/1305/2815 1504/1339/1385
f 1506/1341/1387 495/1346/1394 1501/1342/1388
f 1520/1344/1390 1507/1348/1397 500/1317/1391
f 1519/1345/1393 1497/1393/1449 495/1346/1394
f 1343/1352/1401 388/1399/1464 1499/1353/1402
f 1234/1355/1404 315/1361/2816 1510/1356/1405
f 1504/1339/1407 504/1305/2817 1511/1358/1408
f 1515/1360/1410 1510/1356/1430 315/1361/1411
f 1514/1363/1412 1511/1358/1425 504/1305/1349
f 1513/1365/1414 1264/1371/1039 321/1366/1415
f 1481/1367/1417 1513/1365/1414 1340/1089/1416
f 505/1369/1419 1512/1370/1420 1513/1365/1414
f 1512/1370/1420 323/1376/1828 1264/1371/1039
f 1337/1372/1421 1514/1363/1412 1478/1364/1413
f 320/1374/1423 1261/1375/1424 1514/1363/1412
f 1261/1375/1424 322/1378/1830 1511/1358/1425
f 1515/1360/1410 1258/1362/1030 323/1376/1426
f 1505/1377/1428 1515/1360/1410 1512/1370/1427
f 1505/1377/1428 507/1382/2818 1510/1356/1430
f 1516/1359/1409 1511/1358/1408 322/1378/1431
f 314/1380/1433 1509/1381/1434 1516/1359/1409
f 1509/1381/1434 506/1385/2819 1504/1339/1407
f 1517/1357/1406 1510/1356/1405 507/1382/1435
f 1348/1383/1436 1517/1357/1406 1502/1337/1382
f 1348/1383/1436 383/2076/2820 1234/1355/1404
f 1518/1354/1403 1499/1353/1402 506/1385/1438
f 1233/1386/1440 1518/1354/1403 1509/1381/1439
f 1233/1386/1440 382/2077/2821 1343/1352/1401
f 1485/1391/1447 1519/1345/1393 1506/1341/1387
f 501/1349/1398 1508/1351/1400 1519/1345/1393
f 1508/1351/1400 497/1388/1443 1497/1393/1449
f 1503/1394/1450 1520/1344/1390 1484/1312/1392
f 494/1395/1452 1496/1328/1453 1520/1344/1390
f 1496/1328/1453 496/1347/1395 1507/1348/1397
f 1521/1343/1389 1501/1342/1388 507/1382/1454
f 1480/1396/1456 1521/1343/1389 1505/1377/1455
f 503/1392/1448 1506/1341/1387 1521/1343/1389
f 1522/1340/1386 1504/1339/1385 506/1385/1458
f 1503/1394/1450 1522/1340/1386 1500/1334/1459
f 502/1311/1451 1479/1306/1384 1522/1340/1386
f 1523/1338/1383 1502/1337/1382 507/1382/1435
f 1498/1331/1376 1523/1338/1383 1501/1342/1460
f 401/1397/1462 1273/1336/1381 1523/1338/1383
f 1524/1335/1380 1500/1334/1379 506/1385/1438
f 1268/1398/1463 1524/1335/1380 1499/1353/1402
f 400/1400/1465 1495/1333/1378 1524/1335/1380
f 1525/1332/1377 1498/1331/1376 495/1346/1461
f 1494/1325/1467 1525/1332/1377 1497/1393/1466
f 399/1401/1469 1280/1330/1375 1525/1332/1377
f 1526/1329/1374 1496/1328/1373 494/1395/1470
f 1275/1402/1471 1526/1329/1374 1495/1333/1378
f 398/1403/1472 1491/1327/1372 1526/1329/1374
f 1527/1326/1371 1494/1325/1370 497/1388/1473
f 1490/1319/1475 1527/1326/1371 1493/1387/1474
f 397/1404/1477 1286/1324/1369 1527/1326/1371
f 1528/1323/1368 1492/1322/1367 496/1347/1478
f 1281/1405/1480 1528/1323/1368 1491/1327/1479
f 396/1406/1482 1487/1321/1366 1528/1323/1368
f 1489/1350/1483 1529/1320/1365 1490/1319/1364
f 501/1349/1485 1486/1315/1486 1529/1320/1365
f 1486/1315/1486 395/1314/2822 1292/1033/1363
f 1487/1321/1487 1530/1316/1360 1488/1318/1362
f 1287/1407/1489 1530/1316/1360 1487/1321/1487
f 1287/1407/1489 394/1409/2823 1483/1408/1491
f 1485/1391/1492 1531/1313/1496 1486/1315/1493
f 503/1392/1495 1482/1309/1506 1531/1313/1496
f 1482/1309/1353 393/1308/1352 1298/1039/1497
f 1483/1408/1498 1532/1310/1354 1484/1312/1356
f 394/1409/1500 1293/1410/1503 1532/1310/1501
f 1293/1410/1503 392/1412/1509 1477/1411/1504
f 1480/1396/1505 1533/1307/1351 1482/1309/1506
f 505/1369/1419 1481/1367/1417 1533/1307/1351
f 1481/1367/1417 391/1368/1418 1304/1045/1507
f 1477/1411/1508 1534/1304/1348 1479/1306/1350
f 392/1412/1509 1299/1413/1510 1534/1304/1348
f 1299/1413/1510 390/1373/1422 1478/1364/1413
f 1474/1292/1334 1535/1298/1340 1423/1300/1342
f 491/1418/1516 1456/1419/1517 1535/1298/1340
f 1456/1419/1517 493/1414/1511 1476/1302/1346
f 1422/1207/1518 1536/1295/1337 1473/1297/1339
f 466/1206/1513 1475/1415/1512 1536/1295/1337
f 1475/1415/1512 492/1416/1514 1455/1248/1288
f 1537/1294/1336 1427/1293/1335 471/1420/1520
f 1457/1421/1521 1537/1294/1336 1472/1287/1329
f 491/1418/1516 1474/1292/1334 1537/1294/1336
f 1538/1291/1333 1471/1290/1332 470/1423/1523
f 1473/1297/1339 1538/1291/1333 1426/1213/1524
f 490/1296/1338 1454/1247/1287 1538/1291/1333
f 1539/1289/1331 1431/1288/1330 473/1283/1325
f 1451/1425/1526 1539/1289/1331 1470/1424/1525
f 489/1422/1522 1472/1287/1329 1539/1289/1331
f 1540/1286/1328 1469/1285/1327 472/1427/1528
f 1471/1290/1332 1540/1286/1328 1430/1218/1529
f 488/1428/1530 1448/1241/1281 1540/1286/1328
f 1468/1429/1531 1541/1282/1324 1434/1284/1326
f 481/1431/1533 1445/1432/1534 1541/1282/1324
f 1445/1432/1534 483/1426/1527 1470/1424/1525
f 1433/1224/1535 1542/1281/1322 1467/1275/1323
f 472/1427/1528 1469/1285/1327 1542/1281/1322
f 1469/1285/1327 482/1236/1276 1442/1433/1537
f 1543/1280/1321 1407/1279/1320 457/1434/1538
f 1468/1429/1540 1543/1280/1321 1439/1435/1539
f 475/1430/1542 1411/1278/1319 1543/1280/1321
f 1544/1277/1318 1436/1276/1317 456/1436/1543
f 1410/1189/1545 1544/1277/1318 1406/1183/1544
f 474/1188/1547 1467/1275/1316 1544/1277/1318
f 1395/1437/1548 1545/1272/1313 1399/1274/1315
f 463/1439/1550 1466/1440/1551 1545/1272/1313
f 1466/1440/1551 479/1444/1557 1440/1233/1273
f 1398/1171/1552 1546/1270/1310 1394/1166/1312
f 458/1441/1554 1435/1442/1555 1546/1270/1310
f 1435/1442/1555 478/1266/1306 1465/1443/1556
f 1446/1239/1279 1547/1269/1309 1464/1262/1302
f 479/1444/1557 1466/1440/1551 1547/1269/1309
f 463/1439/1550 1391/1268/1308 1547/1269/1309
f 1463/1445/1558 1548/1265/1305 1441/1267/1307
f 1390/1159/1560 1548/1265/1305 1463/1445/1558
f 462/1271/1311 1465/1443/1556 1548/1265/1305
f 1549/1264/1304 1386/1263/1303 477/1447/1562
f 1452/1246/1286 1549/1264/1304 1461/1448/1563
f 485/1245/1285 1464/1262/1302 1549/1264/1304
f 1550/1261/1301 1460/1260/1300 476/1194/1565
f 1463/1445/1558 1550/1261/1301 1385/1154/1566
f 484/1446/1559 1447/1259/1299 1550/1261/1301
f 1458/1251/1291 1551/1256/1296 1462/1258/1298
f 487/1449/1564 1461/1448/1563 1551/1256/1296
f 1461/1448/1563 477/1447/1562 1415/1450/1567
f 1459/1301/1344 1552/1253/1293 1453/1255/1295
f 464/1200/1343 1414/1195/1568 1552/1253/1293
f 1414/1195/1568 476/1194/1565 1460/1260/1300
f 1553/1252/1292 1458/1251/1291 493/1414/1511
f 1457/1421/1521 1553/1252/1292 1456/1419/1517
f 489/1422/1522 1450/1250/1290 1553/1252/1292
f 1554/1249/1289 1455/1248/1288 492/1416/1514
f 1449/1242/1282 1554/1249/1289 1453/1255/1295
f 488/1428/1530 1454/1247/1287 1554/1249/1289
f 1450/1250/1290 1555/1244/1284 1452/1246/1286
f 1451/1425/1526 1555/1244/1284 1450/1250/1290
f 1451/1425/1526 483/1426/1527 1444/1451/1569
f 1447/1259/1299 1556/1243/1283 1449/1242/1282
f 484/1446/1559 1443/1237/1277 1556/1243/1283
f 1443/1237/1277 482/1236/1276 1448/1241/1281
f 1557/1240/1280 1446/1239/1279 485/1245/1285
f 483/1426/1527 1445/1432/1534 1557/1240/1280
f 1445/1432/1534 481/1431/1533 1438/1238/1278
f 1558/1235/1275 1443/1237/1277 484/1446/1559
f 1437/1231/1271 1558/1235/1275 1441/1267/1307
f 1437/1231/1271 480/1230/1270 1442/1433/1537
f 1559/1234/1274 1440/1233/1273 479/1444/1557
f 481/1431/1533 1439/1435/1539 1559/1234/1274
f 1439/1435/1539 457/1434/1538 1403/1232/1272
f 1560/1229/1269 1437/1231/1271 478/1266/1306
f 1402/1176/1570 1560/1229/1269 1435/1442/1555
f 1402/1176/1570 456/1436/1543 1436/1276/1317
f 1561/1228/1268 1412/1227/1267 475/1430/1571
f 1432/1221/1261 1561/1228/1268 1434/1284/1572
f 421/1452/1574 1309/1226/1266 1561/1228/1268
f 1562/1225/1265 1433/1224/1264 474/1188/1228
f 1306/1454/1576 1562/1225/1265 1409/1453/1575
f 420/1054/1577 1429/1223/1263 1562/1225/1265
f 1563/1222/1262 1432/1221/1261 473/1283/1573
f 1428/1215/1579 1563/1222/1262 1431/1288/1578
f 423/1455/1581 1313/1220/1260 1563/1222/1262
f 1564/1219/1259 1430/1218/1258 472/1427/1582
f 1312/1456/1583 1564/1219/1259 1429/1223/1263
f 422/1457/1584 1425/1217/1590 1564/1219/1259
f 1565/1216/1256 1428/1215/1255 471/1420/1585
f 469/1417/1587 1424/1210/1588 1565/1216/1256
f 1424/1210/1588 425/1209/2824 1317/1214/1254
f 1566/1211/1251 1426/1213/1253 470/1423/1589
f 1316/1059/1591 1566/1211/1251 1425/1217/1590
f 1316/1059/1591 424/1460/2825 1421/1458/1592
f 1423/1300/1593 1567/1208/1248 1424/1210/1250
f 467/1299/1595 1420/1204/1596 1567/1208/1248
f 1420/1204/1596 427/1203/2826 1321/1459/1597
f 1421/1458/1598 1568/1205/1245 1422/1207/1247
f 424/1460/1600 1320/1065/1601 1568/1205/1245
f 1320/1065/1601 426/1463/2827 1417/1461/1602
f 1419/1303/1603 1569/1202/1242 1420/1204/1244
f 465/1257/1605 1416/1198/1238 1569/1202/1242
f 1416/1198/1238 429/1197/1237 1325/1462/1606
f 1417/1461/1607 1570/1199/1239 1418/1201/1241
f 426/1463/1609 1324/1071/1109 1570/1199/1239
f 1324/1071/1109 428/1466/1614 1413/1464/1610
f 1415/1450/1611 1571/1196/1236 1416/1198/1238
f 477/1447/1612 1388/1157/1196 1571/1196/1236
f 1388/1157/1196 417/1156/1195 1329/1465/1613
f 1413/1464/1610 1572/1193/1233 1414/1195/1235
f 428/1466/1614 1328/1079/1117 1572/1193/1233
f 1328/1079/1117 416/1078/1116 1383/1467/1615
f 1411/1278/1616 1573/1190/1230 1408/1192/1232
f 475/1430/1571 1412/1227/1267 1573/1190/1230
f 1412/1227/1267 419/1546/1774 1352/1469/1618
f 1405/1470/1619 1574/1187/1227 1410/1189/1229
f 440/1103/1142 1349/1471/1621 1574/1187/1227
f 1349/1471/1621 418/1048/1086 1409/1453/1575
f 1407/1279/1622 1575/1184/1224 1404/1186/1226
f 455/1468/1624 1408/1192/1625 1575/1184/1224
f 1408/1192/1625 441/1191/2828 1358/1111/1626
f 1401/1175/1627 1576/1181/1221 1406/1183/1223
f 438/1114/1629 1353/1472/1630 1576/1181/1221
f 1353/1472/1630 440/1103/2829 1405/1470/1631
f 1577/1180/1220 1400/1179/1219 459/1273/1632
f 1404/1186/1634 1577/1180/1220 1403/1232/1633
f 439/1185/1636 1362/1178/1218 1577/1180/1220
f 1578/1177/1217 1402/1176/1216 458/1441/1637
f 1361/1115/1639 1578/1177/1217 1397/1170/1638
f 438/1114/1641 1401/1175/1215 1578/1177/1217
f 1579/1174/1214 1396/1173/1213 461/1438/1642
f 1400/1179/1644 1579/1174/1214 1399/1274/1643
f 437/1474/1646 1364/1118/1212 1579/1174/1214
f 1580/1172/1211 1398/1171/1210 460/1165/1647
f 1359/1476/1649 1580/1172/1211 1393/1475/1648
f 436/1473/1651 1397/1170/1209 1580/1172/1211
f 1395/1437/1652 1581/1167/1206 1392/1169/1208
f 461/1438/1654 1396/1173/1655 1581/1167/1206
f 1396/1173/1655 435/1117/1686 1370/1123/1163
f 1389/1158/1197 1582/1164/1203 1394/1166/1205
f 432/1478/1657 1365/1479/1658 1582/1164/1203
f 1365/1479/1658 434/1477/1688 1393/1475/1659
f 1583/1163/1202 1387/1162/1201 453/1480/1660
f 1392/1169/1208 1583/1163/1202 1391/1268/1661
f 433/1168/1207 1374/1161/1200 1583/1163/1202
f 1584/1160/1199 1390/1159/1198 452/1153/1192
f 1373/1126/1166 1584/1160/1199 1384/1481/1662
f 432/1478/1657 1389/1158/1197 1584/1160/1199
f 1386/1263/1663 1585/1155/1194 1388/1157/1196
f 453/1480/1660 1387/1162/1201 1585/1155/1194
f 1387/1162/1201 451/1500/1681 1378/1482/1664
f 1383/1467/1615 1586/1152/1191 1385/1154/1193
f 416/1078/1116 1377/1133/1173 1586/1152/1191
f 1377/1133/1173 450/1132/1172 1384/1481/1662
f 1587/1147/1186 1380/1140/1180 449/1488/1670
f 447/1149/1188 1382/1151/1190 1587/1147/1186
f 443/1484/1666 1342/1146/1185 1587/1147/1186
f 1588/1143/1183 1367/1145/1159 448/1490/1672
f 1341/1094/1133 1588/1143/1183 1379/1491/1673
f 442/1093/1132 1381/1148/1187 1588/1143/1183
f 1589/1142/1182 1232/1141/1181 383/1493/1675
f 431/1495/1677 1375/1496/1168 1589/1142/1182
f 1375/1496/1168 449/1488/1670 1380/1140/1180
f 1590/1137/1177 1344/1139/1179 382/1497/1678
f 1379/1491/1673 1590/1137/1177 1229/1498/1679
f 1379/1491/1673 448/1490/1672 1372/1499/1680
f 1378/1482/1664 1591/1136/1176 1330/1135/1175
f 451/1500/1681 1376/1129/1169 1591/1136/1176
f 431/1501/1677 1346/1134/1174 1591/1136/1176
f 1327/1502/1682 1592/1131/1171 1377/1133/1173
f 1345/1503/1683 1592/1131/1171 1327/1502/1682
f 430/1504/1178 1371/1506/1685 1592/1131/1171
f 1593/1130/1170 1376/1129/1169 451/1500/1681
f 1369/1122/1162 1593/1130/1170 1374/1161/1200
f 449/1505/1670 1375/1128/1168 1593/1130/1170
f 1594/1127/1167 1373/1126/1166 450/1132/1172
f 1372/1507/1680 1594/1127/1167 1371/1506/1685
f 448/1508/1672 1366/1125/1165 1594/1127/1167
f 1595/1124/1164 1370/1123/1163 435/1117/1686
f 1368/1510/1671 1595/1124/1164 1363/1509/1687
f 449/1505/1670 1369/1122/1162 1595/1124/1164
f 1596/1121/1161 1360/1120/1160 434/1477/1688
f 1366/1125/1165 1596/1121/1161 1365/1479/1658
f 448/1508/1672 1367/1119/1159 1596/1121/1161
f 1597/1116/1156 1364/1118/1158 437/1474/1689
f 439/1185/1691 1357/1110/1150 1597/1116/1156
f 1357/1110/1150 447/1511/1702 1363/1509/1692
f 1598/1113/1153 1361/1115/1155 436/1473/1693
f 434/1477/1695 1360/1120/1696 1598/1113/1153
f 1360/1120/1696 446/1516/1705 1354/1512/1697
f 1599/1112/1152 1358/1111/1151 441/1191/1698
f 1356/1514/1700 1599/1112/1152 1351/1513/1699
f 447/1511/1702 1357/1110/1150 1599/1112/1152
f 1600/1109/1149 1350/1104/1148 440/1103/1703
f 1354/1512/1697 1600/1109/1149 1353/1472/1704
f 446/1516/1705 1355/1108/1147 1600/1109/1149
f 1351/1513/1706 1601/1105/1144 1339/1107/1146
f 441/1191/1231 1352/1469/1618 1601/1105/1144
f 1352/1469/1618 419/1546/1774 1308/1517/1708
f 1338/1087/1709 1602/1102/1141 1350/1104/1143
f 412/1042/1711 1307/1049/1087 1602/1102/1141
f 1307/1049/1087 418/1048/1086 1349/1471/1621
f 1272/1519/1712 1603/1099/1138 1348/1101/1140
f 415/1521/1714 1346/1134/1174 1603/1099/1138
f 1346/1134/1174 431/1501/1677 1347/1522/1716
f 1343/1523/1717 1604/1097/1136 1269/1011/1718
f 382/1525/1720 1344/1526/1721 1604/1097/1136
f 1344/1526/1721 430/1504/1178 1345/1503/1683
f 1342/1146/1185 1605/1095/1134 1228/1096/1135
f 443/1484/1666 1336/1085/1123 1605/1095/1134
f 1336/1085/1123 319/1587/1850 1148/1527/1722
f 1225/1528/1723 1606/1092/1131 1341/1094/1133
f 310/1529/1724 1147/829/865 1606/1092/1131
f 1147/829/865 318/828/864 1331/1530/1725
f 1607/1091/1130 1335/1090/1129 445/1515/1726
f 1302/1531/1728 1607/1091/1130 1339/1107/1727
f 391/1368/1730 1340/1089/1128 1607/1091/1130
f 1608/1088/1127 1338/1087/1126 444/1518/1731
f 1337/1372/1733 1608/1088/1127 1332/1532/1732
f 390/1373/1735 1301/1043/1125 1608/1088/1127
f 1609/1086/1124 1336/1085/1123 443/1484/1666
f 1335/1533/1736 1609/1086/1124 1334/1483/1665
f 1335/1533/1736 321/1590/1415 1246/968/1006
f 1610/1084/1122 1333/1083/1121 442/1093/1132
f 1241/1534/1738 1610/1084/1122 1331/1530/1725
f 1241/1534/1738 320/1568/1423 1332/1082/1120
f 1329/1465/1613 1611/1080/1118 1326/1074/1112
f 417/1156/1195 1330/1135/1175 1611/1080/1118
f 1330/1135/1175 415/1521/2802 1271/1535/1739
f 1323/1536/1740 1612/1077/1115 1328/1079/1117
f 402/1537/1741 1270/1012/1742 1612/1077/1115
f 1270/1012/1742 414/1098/1684 1327/1502/1682
f 1613/1076/1114 1279/1075/1113 405/1538/1743
f 1325/1462/1606 1613/1076/1114 1322/1068/1744
f 429/1197/1237 1326/1074/1112 1613/1076/1114
f 1614/1073/1111 1319/1072/1110 404/1018/1745
f 1323/1536/1740 1614/1073/1111 1276/1539/1746
f 428/1466/1614 1324/1071/1109 1614/1073/1111
f 1615/1070/1108 1285/1069/1107 407/1540/1747
f 1321/1459/1748 1615/1070/1108 1318/1062/1100
f 427/1203/1750 1322/1068/1106 1615/1070/1108
f 1616/1067/1105 1315/1066/1104 406/1541/1751
f 1319/1072/1753 1616/1067/1105 1282/1023/1752
f 426/1463/1755 1320/1065/1103 1616/1067/1105
f 1617/1064/1102 1291/1063/1101 409/1057/1756
f 1317/1214/1758 1617/1064/1102 1314/1542/1757
f 425/1209/1760 1318/1062/1100 1617/1064/1102
f 1618/1061/1099 1311/1060/1098 408/1543/1761
f 1315/1066/1104 1618/1061/1099 1288/1029/1762
f 424/1460/1763 1316/1059/1097 1618/1061/1099
f 1310/1544/1764 1619/1056/1094 1297/1058/1096
f 421/1452/1766 1313/1220/1767 1619/1056/1094
f 1313/1220/1767 423/1455/2830 1314/1542/1768
f 1294/1545/1769 1620/1053/1091 1305/1055/1093
f 408/1543/1771 1311/1060/1772 1620/1053/1091
f 1311/1060/1772 422/1457/2831 1312/1456/1773
f 1308/1517/1708 1621/1050/1088 1303/1052/1090
f 419/1546/1774 1309/1226/1775 1621/1050/1088
f 1309/1226/1775 421/1452/2832 1310/1544/1776
f 1300/1547/1777 1622/1047/1085 1307/1049/1087
f 410/1036/1778 1305/1055/1779 1622/1047/1085
f 1305/1055/1779 420/1054/2833 1306/1454/1780
f 1302/1531/1781 1623/1046/1084 1304/1045/1083
f 413/1106/1783 1303/1052/1784 1623/1046/1084
f 1303/1052/1784 411/1051/1790 1296/1044/1082
f 1299/1413/1785 1624/1041/1079 1301/1043/1081
f 1295/1037/1075 1624/1041/1079 1299/1413/1785
f 1295/1037/1075 410/1036/1074 1300/1547/1788
f 1625/1040/1078 1298/1039/1077 393/1308/1789
f 411/1051/1790 1297/1058/1792 1625/1040/1078
f 409/1057/1791 1290/1038/1076 1625/1040/1078
f 1626/1035/1073 1295/1037/1075 392/1412/1787
f 1289/1030/1068 1626/1035/1073 1293/1410/1793
f 408/1543/1795 1294/1545/2794 1626/1035/1073
f 1627/1034/1072 1292/1033/1071 395/1314/1796
f 1291/1063/1797 1627/1034/1072 1290/1038/1076
f 407/1540/1798 1284/1032/1070 1627/1034/1072
f 1628/1031/1069 1289/1030/1068 394/1409/1794
f 1283/1024/1062 1628/1031/1069 1287/1407/1799
f 406/1541/1801 1288/1029/1067 1628/1031/1069
f 1629/1028/1066 1286/1027/1065 397/1404/1802
f 1285/1069/1803 1629/1028/1066 1284/1032/1070
f 405/1538/1804 1278/1026/1064 1629/1028/1066
f 1630/1025/1063 1283/1024/1062 396/1406/1800
f 1277/1019/1057 1630/1025/1063 1281/1548/1805
f 404/1018/1056 1282/1023/1061 1630/1025/1063
f 1278/1026/1064 1631/1020/1058 1280/1022/1060
f 405/1538/1804 1279/1075/1808 1631/1020/1058
f 1279/1075/1808 403/1081/1814 1274/1015/1053
f 1275/1551/1809 1632/1017/1055 1277/1019/1057
f 400/1552/1810 1267/1553/1811 1632/1017/1055
f 1267/1553/1811 402/1537/1816 1276/1539/1812
f 1633/1016/1813 1274/1015/1053 403/1081/1814
f 1272/1519/1715 1633/1016/1813 1271/1535/1815
f 389/1520/1713 1273/1014/1052 1633/1016/1054
f 1634/1013/1051 1270/1012/1050 402/1537/1816
f 1268/1554/1817 1634/1013/1818 1267/1553/1811
f 388/1524/1719 1269/1011/1718 1634/1013/1818
f 1635/1007/1045 1239/1006/1044 387/1560/1824
f 1266/1009/1047 1635/1007/1045 1263/1561/1825
f 353/1008/1046 1134/1005/1043 1635/1007/1045
f 1636/1004/1042 1262/998/1036 386/960/998
f 1131/804/840 1636/1004/1042 1236/1562/1826
f 352/1558/1822 1265/1003/1041 1636/1004/1042
f 1637/1002/1040 1264/1001/1039 323/1564/1828
f 1263/1561/1825 1637/1002/1040 1257/1565/1829
f 387/1560/1824 1244/1000/1038 1637/1002/1040
f 1638/999/1037 1254/989/1027 322/1566/1830
f 1243/965/1003 1638/999/1037 1261/1567/1424
f 386/960/998 1262/998/1036 1638/999/1037
f 1639/997/1035 1154/996/1034 325/1556/1820
f 1256/1569/1831 1639/997/1035 1260/1555/1819
f 379/1570/1832 1204/890/927 1639/997/1035
f 1640/995/1033 1259/994/1032 324/834/870
f 1201/1572/1834 1640/995/1033 1153/1571/1833
f 378/1573/1836 1255/990/1028 1640/995/1033
f 1256/1569/1831 1641/993/1031 1199/883/920
f 1257/1565/1829 1641/993/1031 1256/1569/1831
f 323/1564/1426 1258/992/1030 1641/993/1031
f 1196/1574/1837 1642/991/1029 1255/990/1028
f 1253/1575/1432 1642/991/1029 1196/1574/1837
f 322/1566/1431 1254/989/1027 1642/991/1029
f 1251/983/1021 1643/979/1017 1248/981/1019
f 343/1581/1844 1113/1584/1847 1643/979/1017
f 1113/1584/1847 345/986/2834 1252/988/1026
f 1247/1585/1848 1644/976/1014 1250/978/1016
f 300/718/748 1249/985/1023 1644/976/1014
f 1249/985/1023 344/782/2835 1110/1586/1849
f 1245/967/1005 1645/973/1011 1149/975/1013
f 385/982/1020 1248/981/1019 1645/973/1011
f 1248/981/1019 301/980/1018 1065/1588/1851
f 1146/1589/1852 1646/970/1008 1242/972/1010
f 298/712/742 1064/719/749 1646/970/1008
f 1064/719/749 300/718/748 1247/1585/1848
f 1647/969/1007 1246/968/1006 321/1590/1415
f 1238/1591/1853 1647/969/1007 1244/1000/1038
f 1238/1591/1853 385/982/1020 1245/967/1005
f 1648/966/1004 1243/965/1003 320/1568/1423
f 1242/972/1010 1648/966/1004 1241/1534/1738
f 1242/972/1010 384/971/1009 1237/961/999
f 1649/964/1002 1240/963/1001 385/982/1020
f 387/1560/1824 1239/1006/1044 1649/964/1002
f 351/1592/1854 1139/962/1000 1649/964/1002
f 1650/959/997 1237/961/999 384/971/1009
f 1136/1593/1855 1650/959/997 1235/1583/1846
f 350/1563/1827 1236/1562/1826 1650/959/997
f 1651/958/996 1234/957/995 383/1493/1675
f 1193/1595/1857 1651/958/996 1231/1594/1856
f 377/1597/1859 1200/884/921 1651/958/996
f 1652/956/994 1230/955/993 382/1497/1678
f 1195/1599/1861 1652/956/994 1233/1598/1860
f 376/876/1862 1190/954/992 1652/956/994
f 1187/1600/1863 1653/951/989 1227/953/991
f 371/1596/1858 1231/1594/1856 1653/951/989
f 1231/1594/1856 383/1493/1675 1232/1141/1181
f 1226/1602/1865 1654/949/986 1184/950/988
f 312/1492/1674 1229/1498/1679 1654/949/986
f 1229/1498/1679 382/1497/1678 1230/955/993
f 1181/1603/1866 1655/946/983 1224/948/985
f 369/1601/1864 1227/953/991 1655/946/983
f 1227/953/991 313/952/990 1228/1096/1135
f 1223/939/975 1656/944/980 1178/945/982
f 310/1529/1724 1225/1528/1723 1656/944/980
f 1225/1528/1723 312/1492/1674 1226/1602/1865
f 1657/943/979 1175/942/978 363/1604/1867
f 1150/832/868 1657/943/979 1224/948/985
f 297/831/867 1057/941/977 1657/943/979
f 1658/940/976 1223/939/975 362/858/1868
f 1056/707/736 1658/940/976 1172/1605/1869
f 296/1607/1871 1145/938/974 1658/940/976
f 1217/918/955 1659/930/967 1221/932/969
f 361/1613/1876 1214/913/950 1659/930/967
f 1214/913/950 291/1617/2066 1219/925/1877
f 1220/1610/1874 1660/927/964 1216/929/966
f 284/1612/1878 1218/1614/2836 1660/927/964
f 1218/1614/1879 290/1621/1897 1213/1615/1880
f 1045/1616/1881 1661/926/963 1219/925/962
f 289/1618/1883 1041/1620/1885 1661/926/963
f 287/1619/1884 1037/924/961 1661/926/963
f 1218/1614/1886 1662/921/958 1044/923/960
f 1036/1622/1888 1662/921/958 1218/1614/1886
f 286/1623/1890 1040/2075/2791 1662/921/958
f 1663/920/957 1215/919/956 302/1624/1891
f 1212/1625/1892 1663/920/957 1162/842/878
f 361/1613/1893 1217/918/955 1663/920/957
f 1664/917/954 1157/916/953 302/1626/1891
f 1216/929/966 1664/917/954 1215/1627/956
f 360/928/1894 1209/915/952 1664/917/954
f 1665/914/951 1214/913/950 361/1613/1876
f 1176/862/898 1665/914/951 1211/1628/1895
f 293/861/897 1049/912/949 1665/914/951
f 1666/911/948 1210/910/947 360/928/965
f 1048/1629/724 1666/911/948 1213/1615/1880
f 292/1630/1898 1171/909/946 1666/911/948
f 1182/868/904 1667/906/943 1208/908/945
f 365/867/903 1211/1628/1899 1667/906/943
f 1211/1628/1899 361/1613/1893 1212/1625/1892
f 1207/1631/1900 1668/903/940 1177/905/942
f 358/1632/1901 1209/915/952 1668/903/940
f 1209/915/952 360/928/1894 1210/910/1902
f 1188/874/910 1669/900/937 1206/902/939
f 367/873/909 1208/908/945 1669/900/937
f 1208/908/945 359/907/944 1161/1633/1903
f 1205/1634/1904 1670/897/934 1183/899/936
f 356/1635/1905 1158/839/875 1670/897/934
f 1158/839/875 358/1632/1901 1207/1631/1900
f 1194/880/916 1671/894/931 1203/896/933
f 373/879/915 1206/902/939 1671/894/931
f 1206/902/939 357/901/938 1167/1637/1907
f 1202/1638/1908 1672/891/928 1189/893/930
f 354/846/882 1164/1639/1910 1672/891/928
f 1164/1639/1910 356/1635/1905 1205/1634/1904
f 1198/1640/1911 1673/888/925 1204/890/927
f 375/1636/1912 1203/896/933 1673/888/925
f 1203/896/933 355/895/932 1170/1641/1913
f 1201/1572/1834 1674/886/923 1197/881/917
f 316/852/888 1169/1642/1914 1674/886/923
f 1169/1642/1914 354/846/882 1202/1638/1908
f 1675/885/922 1200/884/921 377/1597/1915
f 1198/1640/1911 1675/885/922 1192/1643/1916
f 379/1570/1832 1199/883/920 1675/885/922
f 1676/882/919 1191/877/918 376/876/1917
f 1196/1574/1837 1676/882/919 1195/1599/1861
f 378/1573/1836 1197/881/917 1676/882/919
f 1192/1643/1918 1677/878/914 1194/880/916
f 377/1597/1919 1193/1595/1920 1677/878/914
f 1193/1595/1920 371/1596/1923 1186/1644/1921
f 1189/893/930 1678/875/911 1191/877/913
f 372/892/929 1185/871/907 1678/875/911
f 1185/871/907 370/870/906 1190/954/1922
f 1186/1644/1921 1679/872/908 1188/874/910
f 371/1596/1923 1187/1600/1924 1679/872/908
f 1187/1600/1924 369/1601/1927 1180/1645/1925
f 1183/899/936 1680/869/905 1185/871/907
f 366/898/935 1179/865/901 1680/869/905
f 1179/865/901 368/864/900 1184/950/1926
f 1180/1645/1925 1681/866/902 1182/868/904
f 369/1601/1927 1181/1603/1928 1681/866/902
f 1181/1603/1928 363/1604/2837 1174/1646/1929
f 1177/905/942 1682/863/899 1179/865/901
f 364/904/941 1173/859/1930 1682/863/899
f 1173/859/1930 362/858/2838 1178/945/1931
f 1174/1646/1932 1683/860/896 1176/862/898
f 363/1604/1933 1175/942/1934 1683/860/896
f 1175/942/1934 295/1735/2061 1053/1647/1935
f 1171/909/946 1684/857/893 1173/859/895
f 292/1630/1898 1052/1648/730 1684/857/893
f 1052/1648/730 294/1606/2785 1172/1605/1937
f 1155/836/1938 1685/854/890 1168/856/892
f 317/889/926 1170/1641/1913 1685/854/890
f 1170/1641/1913 355/895/932 1166/1650/1940
f 1168/1651/892 1686/851/887 1152/853/889
f 75/1653/891 1165/847/1942 1686/851/887
f 1165/847/1942 354/846/882 1169/1642/1914
f 1166/1650/1943 1687/848/884 1163/850/886
f 355/895/932 1167/1637/1907 1687/848/884
f 1167/1637/1907 357/901/938 1160/1654/1945
f 1163/1655/886 1688/845/881 1165/847/883
f 303/1656/885 1159/840/876 1688/845/881
f 1159/840/876 356/1635/1905 1164/1639/1910
f 1160/1654/1945 1689/844/880 1156/843/879
f 1161/1633/1903 1689/844/880 1160/1654/1945
f 359/907/944 1162/842/878 1689/844/880
f 1156/1657/879 1690/841/877 1159/840/876
f 1157/916/953 1690/841/877 1156/1657/879
f 358/1632/1901 1158/839/875 1690/841/877
f 1691/838/874 1151/837/873 77/1658/1946
f 325/1556/1820 1154/996/1034 1691/838/874
f 317/889/1947 1155/836/872 1691/838/874
f 1692/833/869 1124/835/871 77/1659/1948
f 1152/853/1950 1692/833/869 1151/1660/1949
f 316/852/1835 1153/1571/1833 1692/833/869
f 1148/1527/1722 1693/830/866 1150/832/868
f 319/1587/1850 1149/975/1013 1693/830/866
f 1149/975/1013 299/974/1012 1061/1661/1952
f 1145/938/974 1694/827/863 1147/829/865
f 296/1607/1871 1060/713/743 1694/827/863
f 1060/713/743 298/712/742 1146/1589/1852
f 1695/824/860 1116/826/862 343/1581/1844
f 1142/1662/1953 1695/824/860 1144/1580/1843
f 329/1663/1954 1106/773/807 1695/824/860
f 1696/823/859 1143/822/858 342/977/1015
f 326/1664/1955 1103/1665/1957 1696/823/859
f 328/817/1956 1141/821/857 1696/823/859
f 1072/1666/1958 1697/818/854 1140/820/856
f 329/1663/1960 1142/1662/1961 1697/818/854
f 1142/1662/1961 349/1582/1845 1138/1668/1962
f 1140/1669/856 1698/816/852 1069/722/753
f 305/1671/855 1137/812/848 1698/816/852
f 1137/812/848 348/811/847 1141/821/1963
f 1138/1668/1962 1699/815/851 1135/814/850
f 349/1582/1845 1139/962/1000 1699/815/851
f 351/1592/1854 1133/813/849 1699/815/851
f 1135/1672/850 1700/810/846 1137/812/848
f 1132/805/841 1700/810/846 1135/1672/850
f 350/1563/1827 1136/1593/1855 1700/810/846
f 1701/809/845 1130/808/844 78/1674/1964
f 1134/1005/1043 1701/809/845 1133/813/849
f 353/1008/1046 1127/807/843 1701/809/845
f 1702/806/842 1132/805/841 78/1673/1964
f 1126/799/835 1702/806/842 1130/1675/844
f 352/1558/1822 1131/804/840 1702/806/842
f 1703/803/839 1123/802/838 304/1677/1965
f 1128/1010/1048 1703/803/839 1127/807/843
f 325/1556/1820 1129/801/837 1703/803/839
f 1704/800/836 1126/799/835 304/1676/1965
f 1124/835/871 1704/800/836 1123/1678/1966
f 324/834/870 1125/798/834 1704/800/836
f 1705/797/833 673/796/832 93/212/1967
f 301/980/1018 1122/1577/1970 1705/797/833
f 347/1578/1969 1120/792/831 1705/797/833
f 1706/794/829 1063/795/830 92/1680/1971
f 1117/1682/1973 1706/794/829 668/1681/1972
f 346/1579/1975 1121/984/2788 1706/794/829
f 1707/793/828 1120/792/827 347/1578/1976
f 345/986/1978 1112/1685/1980 1707/793/828
f 216/1684/1979 890/468/488 1707/793/828
f 1708/790/825 1118/791/826 346/1579/1981
f 889/1686/1983 1708/790/825 1117/1682/1982
f 215/1687/1985 1111/783/817 1708/790/825
f 1709/789/824 884/458/823 210/1688/1986
f 1116/826/862 1709/789/824 1114/784/818
f 327/825/861 1108/780/814 1709/789/824
f 1710/788/822 1109/787/821 209/1689/1987
f 1107/1691/1989 1710/788/822 881/1690/1988
f 326/1664/1955 1115/786/820 1710/788/822
f 1711/785/819 888/462/481 216/1684/1979
f 345/986/1978 1113/1584/1991 1711/785/819
f 1113/1584/1991 343/1581/1844 1114/784/818
f 1712/781/815 1111/783/817 215/1687/1985
f 1109/787/821 1712/781/815 885/1693/1992
f 1109/787/821 342/977/1015 1110/1586/1993
f 1105/772/806 1713/778/812 1108/780/814
f 333/1694/1994 1098/761/794 1713/778/812
f 1098/761/794 84/194/793 666/200/1995
f 1107/1691/1989 1714/775/809 1104/777/811
f 81/1692/1990 661/1695/1996 1714/775/809
f 661/1695/1996 83/1708/2016 1095/1696/1997
f 1715/774/808 1106/773/807 329/1663/1954
f 1101/1698/1999 1715/774/808 1071/1697/1998
f 333/1694/1994 1105/772/806 1715/774/808
f 1716/771/805 1070/723/754 328/817/1956
f 1104/777/811 1716/771/805 1103/1665/1957
f 332/776/810 1100/764/797 1716/771/805
f 1717/769/803 1102/765/798 337/1700/2001
f 1089/1702/2003 1717/769/803 1082/1701/2002
f 335/1704/2005 1093/1711/2787 1717/769/803
f 1718/768/802 1081/735/766 336/1705/2006
f 330/758/2008 1092/754/2010 1718/768/802
f 334/753/2009 1088/748/801 1718/768/802
f 1719/767/800 1097/766/799 333/1694/1994
f 339/1699/2000 1077/1707/2011 1719/767/800
f 1077/1707/2011 337/1700/2001 1102/765/798
f 1720/762/795 1100/764/797 332/776/810
f 1099/1706/2007 1720/762/795 1096/759/2012
f 1099/1706/2007 336/1705/2006 1076/729/760
f 1097/766/2013 1721/760/792 1098/761/794
f 331/770/2014 1094/756/788 1721/760/792
f 1094/756/788 86/188/787 660/195/2015
f 1095/1696/1997 1722/757/789 1096/759/791
f 83/1708/2016 655/1709/2017 1722/757/789
f 655/1709/2017 85/1712/2023 1091/1710/2018
f 1093/1711/2019 1723/755/786 1094/756/788
f 335/1704/2020 1090/751/2021 1723/755/786
f 1090/751/2021 88/750/2839 654/189/2022
f 1091/1710/2018 1724/752/783 1092/754/785
f 85/1712/2023 649/1713/2024 1724/752/783
f 649/1713/2024 87/1715/2840 1087/1714/2025
f 1089/1702/2026 1725/749/780 1090/751/782
f 341/1703/2028 1086/745/776 1725/749/780
f 1086/745/776 90/744/775 648/182/2029
f 1087/1714/2030 1726/746/777 1088/748/779
f 87/1715/2032 643/1716/2033 1726/746/777
f 643/1716/2033 89/1719/2037 1084/1717/2034
f 1083/738/2035 1727/743/774 1086/745/776
f 306/741/772 1085/1718/2036 1727/743/774
f 1085/1718/2036 91/2001/2577 642/176/183
f 1084/1717/2034 1728/740/771 1079/742/773
f 89/1719/2037 636/1720/2038 1728/740/771
f 636/1720/2038 91/2001/2577 1085/1718/2036
f 1729/739/770 1083/738/769 341/1703/2004
f 1078/732/763 1729/739/770 1082/1701/2002
f 307/1721/2039 1080/737/768 1729/739/770
f 1730/736/767 1081/735/766 340/747/2040
f 1080/1722/768 1730/736/767 1079/742/2041
f 307/1723/2039 1074/734/765 1730/736/767
f 1731/733/764 1078/732/763 337/1700/2001
f 1073/726/757 1731/733/764 1077/1707/2011
f 308/1724/2043 1075/731/762 1731/733/764
f 1732/730/761 1076/729/760 336/1705/2006
f 1075/1725/762 1732/730/761 1074/734/765
f 308/1726/2043 1067/728/759 1732/730/761
f 1733/727/758 1073/726/757 339/1699/2000
f 1072/1666/1958 1733/727/758 1071/1697/1998
f 309/1667/2044 1068/725/756 1733/727/758
f 1734/724/755 1070/723/754 338/763/796
f 1068/1727/756 1734/724/755 1067/728/759
f 309/1670/2044 1069/722/753 1734/724/755
f 1065/1588/1851 1735/720/750 1062/721/752
f 301/980/1018 1066/1679/1968 1735/720/750
f 1066/1679/1968 93/212/1967 680/1728/2045
f 1059/1729/2046 1736/717/747 1064/719/749
f 94/1730/2047 675/1731/2048 1736/717/747
f 675/1731/2048 92/1680/1971 1063/795/830
f 1061/1661/1952 1737/714/744 1058/716/746
f 299/974/1012 1062/721/752 1737/714/744
f 1062/721/752 95/218/751 686/1732/2049
f 1055/706/2050 1738/711/741 1060/713/743
f 96/1733/2051 681/1734/2052 1738/711/741
f 681/1734/2052 94/1730/2047 1059/1729/2046
f 1739/710/740 1054/709/739 295/1735/2053
f 1058/716/2054 1739/710/740 1057/941/977
f 97/715/2055 692/223/738 1739/710/740
f 1740/708/737 1056/707/736 294/1606/1870
f 687/1736/2057 1740/708/737 1051/701/2056
f 96/1733/2059 1055/706/735 1740/708/737
f 1741/705/734 1050/704/733 293/1738/897
f 1054/709/2060 1741/705/734 1053/1739/1935
f 99/1740/2062 698/229/732 1741/705/734
f 1742/703/731 1052/702/730 292/1741/1898
f 693/1742/2063 1742/703/731 1047/696/723
f 98/1737/2065 1051/701/729 1742/703/731
f 1743/700/728 1046/699/727 291/1744/2066
f 1050/704/733 1743/700/728 1049/1745/949
f 101/1746/2067 704/235/726 1743/700/728
f 1744/698/725 1048/697/724 290/1747/1897
f 699/1748/2068 1744/698/725 1043/691/717
f 100/1743/2064 1047/696/723 1744/698/725
f 1745/695/722 1042/694/721 289/1750/2070
f 1046/699/727 1745/695/722 1045/1751/2071
f 103/1752/2072 710/241/720 1745/695/722
f 1746/693/719 1044/692/718 288/1753/2073
f 705/1754/2075 1746/693/719 1039/686/2074
f 102/1749/2069 1043/691/717 1746/693/719
f 1747/690/716 1038/689/715 287/1756/2077
f 1042/694/2079 1747/690/716 1041/1757/2078
f 105/1758/2081 716/247/714 1747/690/716
f 1748/688/713 1040/687/712 286/681/2082
f 711/1760/2084 1748/688/713 1035/1759/2083
f 104/1755/2086 1039/686/711 1748/688/713
f 1749/683/708 1034/685/710 285/1762/2087
f 287/1756/2089 1038/689/2090 1749/683/708
f 1038/689/2090 107/1993/2841 722/253/2091
f 1750/680/705 1036/682/707 284/1764/2092
f 108/1765/2093 717/1766/2094 1750/680/705
f 717/1766/2094 106/1761/2842 1035/1759/2095
f 1751/677/702 1030/679/704 73/1767/2096
f 1034/685/710 1751/677/702 1033/1768/2097
f 1034/685/710 109/684/709 727/259/2099
f 1752/676/701 1032/675/700 73/1767/2100
f 67/678/2102 723/1769/2103 1752/676/701
f 723/1769/2103 108/1765/2093 1031/674/699
f 1029/1770/2104 1753/671/696 1027/673/698
f 281/1772/2106 1019/655/680 1753/671/696
f 1019/655/680 235/654/679 929/1773/2107
f 1024/1774/2108 1754/668/693 1028/670/695
f 232/530/2109 928/525/2110 1754/668/693
f 928/525/2110 234/524/2126 1016/1775/2111
f 1026/1776/2112 1755/665/690 1023/667/692
f 283/1771/2105 1027/673/698 1755/665/690
f 1027/673/698 233/672/697 934/1778/2114
f 1020/1779/2115 1756/662/687 1025/664/689
f 254/535/2116 933/531/2117 1756/662/687
f 933/531/2117 232/530/2109 1024/1774/2108
f 1022/1780/2118 1757/661/686 982/660/685
f 261/1777/2113 1023/667/692 1757/661/686
f 1023/667/692 255/666/691 938/659/684
f 979/1782/2120 1758/656/681 1021/658/683
f 937/536/2121 1758/656/681 979/1782/2120
f 937/536/2121 254/535/2116 1020/1779/2115
f 1018/1783/2123 1759/653/678 1019/655/680
f 1015/648/673 1759/653/678 1018/1783/2123
f 253/1785/2125 942/1850/2779 1759/653/678
f 1016/1775/2111 1760/652/677 1017/651/676
f 234/524/2126 941/540/2128 1760/652/677
f 252/1786/2127 1012/650/675 1760/652/677
f 1761/649/674 1015/648/673 263/1784/2124
f 1011/642/667 1761/649/674 1014/1787/2129
f 251/1789/2131 946/647/672 1761/649/674
f 1762/646/671 1013/645/670 262/1790/2132
f 945/547/2133 1762/646/671 1012/650/675
f 250/546/2134 1008/644/669 1762/646/671
f 1763/643/668 1011/642/667 265/1788/2130
f 1007/637/662 1763/643/668 1010/1791/2135
f 1007/637/662 249/636/661 950/641/666
f 1764/640/665 1009/639/664 264/1793/2137
f 949/552/2138 1764/640/665 1008/644/669
f 949/552/2138 248/551/2143 1004/638/663
f 1765/635/660 1007/637/662 267/1792/2136
f 269/1795/2140 1003/630/655 1765/635/660
f 1003/630/655 247/1838/2778 954/1796/2141
f 1766/632/657 1005/634/659 266/1797/2142
f 248/551/2143 953/558/2144 1766/632/657
f 953/558/2144 246/557/2149 1000/1798/2145
f 1767/631/656 1003/630/655 269/1795/2140
f 271/1800/2147 999/625/650 1767/631/656
f 999/625/650 245/624/649 958/629/654
f 1768/626/651 1001/628/653 268/633/658
f 957/564/2148 1768/626/651 1000/1798/2145
f 957/564/2148 244/563/2154 996/1801/2150
f 998/1802/2151 1769/623/648 999/625/650
f 995/618/643 1769/623/648 998/1802/2151
f 243/1804/2153 962/1834/2777 1769/623/648
f 996/1801/2150 1770/622/647 997/621/646
f 244/563/2154 961/569/2156 1770/622/647
f 242/1805/2155 992/620/645 1770/622/647
f 1771/619/644 995/618/643 273/1803/2152
f 275/1807/2158 991/612/637 1771/619/644
f 241/1808/2159 966/617/642 1771/619/644
f 1772/614/639 993/616/641 272/1809/2160
f 965/574/2161 1772/614/639 992/620/645
f 240/1810/2162 988/1813/2165 1772/614/639
f 990/1811/2163 1773/613/638 991/612/637
f 279/1812/2164 987/607/632 1773/613/638
f 987/607/632 237/606/631 970/611/636
f 988/1813/2165 1774/608/633 989/610/635
f 969/580/2166 1774/608/633 988/1813/2165
f 969/580/2166 236/579/604 984/1814/2167
f 986/1815/2168 1775/605/630 987/607/632
f 277/1816/2169 983/600/625 1775/605/630
f 983/600/625 239/1820/2173 974/1817/2170
f 984/1814/2167 1776/602/627 985/604/629
f 236/579/604 973/586/611 1776/602/627
f 973/586/611 238/585/610 978/1818/2171
f 1777/601/626 983/600/625 277/1816/2169
f 259/1781/2119 982/660/685 1777/601/626
f 982/660/685 257/1821/2780 977/599/624
f 1778/596/621 980/598/623 276/603/628
f 976/592/617 1778/596/621 978/1818/2171
f 976/592/617 256/591/2122 979/1782/2120
f 1779/595/620 975/594/619 239/1820/2173
f 257/1821/2174 939/537/559 1779/595/620
f 939/537/559 111/265/2775 732/593/618
f 1780/590/615 976/592/617 238/585/610
f 729/1823/2176 1780/590/615 972/1822/2175
f 729/1823/2176 110/1855/2229 936/1825/2178
f 974/1817/2170 1781/587/612 971/589/614
f 239/1820/2173 975/594/619 1781/587/612
f 975/594/619 129/269/2776 737/1826/2179
f 968/1827/2180 1782/584/609 973/586/611
f 179/1828/2181 734/1829/2182 1782/584/609
f 734/1829/2182 128/1824/2177 972/1822/2175
f 970/611/2183 1783/581/606 967/583/608
f 237/606/631 971/589/614 1783/581/606
f 971/589/614 180/588/613 741/274/2185
f 964/573/597 1784/578/603 969/580/605
f 126/1830/2187 738/1831/2188 1784/578/603
f 738/1831/2188 179/1828/2181 968/1827/2180
f 1785/577/602 963/576/601 243/1804/2189
f 967/583/608 1785/577/602 966/617/2190
f 127/582/607 745/280/600 1785/577/602
f 1786/575/599 965/574/598 242/1805/2191
f 742/1832/2192 1786/575/599 960/568/591
f 126/1830/2187 964/573/597 1786/575/599
f 1787/572/596 959/571/595 245/624/2194
f 963/576/601 1787/572/596 962/1834/2195
f 125/279/2196 749/285/594 1787/572/596
f 1788/570/593 961/569/592 244/563/586
f 746/1836/2198 1788/570/593 956/1835/2197
f 124/1833/2193 960/568/591 1788/570/593
f 958/629/2200 1789/565/588 955/567/590
f 245/624/2194 959/571/595 1789/565/588
f 959/571/595 123/1977/2481 753/290/302
f 952/1839/2202 1790/562/585 957/564/587
f 120/1840/2203 750/1841/2204 1790/562/585
f 750/1841/2204 122/1837/2199 956/1835/2197
f 954/1796/2205 1791/559/582 951/561/584
f 247/1838/2201 955/567/590 1791/559/582
f 955/567/590 121/566/589 757/295/307
f 948/1842/2207 1792/556/579 953/558/581
f 118/1843/2208 754/1844/2209 1792/556/579
f 754/1844/2209 120/1840/2203 952/1839/2202
f 950/641/2210 1793/553/576 947/555/578
f 249/636/2206 951/561/584 1793/553/576
f 951/561/584 119/560/583 761/300/312
f 944/1845/2212 1794/550/573 949/552/575
f 116/1846/2213 758/1847/2214 1794/550/573
f 758/1847/2214 118/1843/2208 948/1842/2207
f 946/647/2215 1795/548/570 943/549/572
f 251/1789/2211 947/555/578 1795/548/570
f 947/555/578 117/554/577 765/306/2217
f 940/539/561 1796/545/567 945/547/569
f 114/1848/2219 762/1849/2220 1796/545/567
f 762/1849/2220 116/1846/2213 944/1845/2212
f 1797/544/566 930/543/565 235/654/2221
f 943/549/572 1797/544/566 942/1850/2222
f 943/549/572 115/305/571 771/542/564
f 1798/541/563 941/540/562 234/524/546
f 766/1852/2224 1798/541/563 927/1851/2223
f 766/1852/2224 114/1848/2219 940/539/561
f 1799/538/560 939/537/559 257/1821/2174
f 255/666/2227 935/532/554 1799/538/560
f 935/532/554 113/320/334 775/314/328
f 1800/534/556 937/536/558 256/591/616
f 772/1854/2228 1800/534/556 936/1825/2178
f 772/1854/2228 112/1859/2235 932/1856/2230
f 934/1778/2231 1801/533/555 935/532/554
f 233/672/2232 931/527/549 1801/533/555
f 184/1857/2233 780/321/335 1801/533/555
f 932/1856/2230 1802/529/551 933/531/553
f 776/1858/2234 1802/529/551 932/1856/2230
f 183/323/337 926/1860/2237 1802/529/551
f 929/1773/2236 1803/528/550 931/527/549
f 235/654/2221 930/543/565 1803/528/550
f 930/543/565 182/1961/2462 783/526/548
f 926/1860/2237 1804/523/545 928/525/547
f 782/1861/2238 1804/523/545 926/1860/2237
f 782/1861/2238 181/1853/2225 927/1851/2223
f 925/1862/2239 1805/517/537 922/519/539
f 230/1864/2241 910/1865/2244 1805/517/537
f 910/1865/2244 231/1872/2843 923/1866/2245
f 921/509/2246 1806/514/534 924/516/536
f 224/518/538 923/1866/2245 1806/514/534
f 923/1866/2245 231/1872/2843 909/491/2247
f 1807/513/533 919/512/532 226/1863/2248
f 920/508/528 1807/513/533 922/519/2249
f 72/1867/2251 894/511/531 1807/513/533
f 1808/510/530 921/509/529 225/503/2252
f 893/470/490 1808/510/530 916/1868/2253
f 72/1867/2251 920/508/528 1808/510/530
f 918/522/2255 1809/505/525 915/507/527
f 226/1863/2257 919/512/2258 1809/505/525
f 919/512/2258 223/1881/2844 898/1869/2259
f 912/1870/2260 1810/502/522 917/504/524
f 220/480/2262 897/476/2263 1810/502/522
f 897/476/2263 222/475/2845 916/1868/2264
f 1811/499/519 911/501/521 230/1864/2265
f 228/520/2267 915/507/2268 1811/499/519
f 915/507/2268 221/506/2846 902/1871/2269
f 1812/496/516 913/498/518 229/515/2270
f 218/485/2271 901/481/2272 1812/496/516
f 901/481/2272 220/480/2847 912/1870/2273
f 1813/495/515 907/494/514 231/1872/2274
f 911/501/521 1813/495/515 910/1865/2275
f 911/501/521 219/500/520 906/493/513
f 1814/492/512 909/491/511 231/1872/2274
f 905/486/2276 1814/492/512 907/494/514
f 905/486/2276 218/485/2271 908/490/510
f 906/493/2278 1815/487/2282 904/489/2279
f 219/500/2281 903/483/2288 1815/487/2282
f 903/483/503 136/330/344 787/1874/2283
f 904/489/2279 1816/484/504 905/486/506
f 137/488/508 785/1875/2285 1816/484/2284
f 785/1875/2285 135/1878/2293 900/1876/2286
f 902/1871/2287 1817/482/2290 903/483/2288
f 221/506/2289 899/477/2848 1817/482/2290
f 899/477/497 134/335/349 791/1877/2291
f 900/1876/2292 1818/479/499 901/481/501
f 135/1878/2293 790/1879/2295 1818/479/2294
f 790/1879/2295 133/1883/2302 896/1880/2296
f 1819/478/2297 899/477/2848 221/506/2289
f 223/1881/2299 895/472/2849 1819/478/2297
f 132/351/365 795/340/354 1819/478/498
f 1820/474/494 897/476/496 220/480/500
f 794/1882/2301 1820/474/2304 896/1880/2296
f 131/1884/2303 891/1886/2308 1820/474/2304
f 1821/473/493 895/472/492 223/1881/2305
f 892/469/489 1821/473/493 894/511/531
f 130/1885/2306 817/367/381 1821/473/493
f 1822/471/491 893/470/490 222/475/2307
f 816/1887/2309 1822/471/491 891/1886/2308
f 130/1885/2306 892/469/489 1822/471/491
f 887/1888/2310 1823/467/486 890/468/488
f 212/1889/2311 873/1890/2312 1823/467/486
f 873/1890/2312 165/1905/2850 674/207/2313
f 889/1686/1983 1824/465/484 886/460/479
f 79/1683/1984 667/1891/2314 1824/465/484
f 667/1891/2314 164/437/2851 872/442/2315
f 1825/464/483 883/463/482 214/1892/2316
f 887/1888/2310 1825/464/483 877/1893/2317
f 216/1684/1979 888/462/481 1825/464/483
f 1826/461/480 876/447/464 213/1894/2318
f 885/1693/1992 1826/461/480 882/456/474
f 215/1687/1985 886/460/479 1826/461/480
f 1827/459/478 665/199/206 167/347/361
f 883/463/482 1827/459/478 880/1895/2319
f 210/1688/1986 884/458/477 1827/459/478
f 1828/457/476 879/452/475 166/1896/2320
f 881/1690/2322 1828/457/476 662/1897/2321
f 209/1689/1987 882/456/474 1828/457/476
f 1829/455/473 878/454/472 214/1892/2324
f 802/1898/2326 1829/455/473 880/1895/2325
f 188/1899/2327 811/357/371 1829/455/473
f 1830/453/471 879/452/470 213/1894/2328
f 805/1900/2329 1830/453/471 875/446/463
f 187/1902/2331 797/451/469 1830/453/471
f 1831/450/468 874/449/467 212/1889/2311
f 878/454/472 1831/450/468 877/1893/2317
f 878/454/472 145/1936/2760 825/375/466
f 1832/448/465 876/447/464 211/466/485
f 818/1903/2332 1832/448/465 871/441/457
f 818/1903/2332 144/1901/2330 875/446/463
f 873/1890/2334 1833/444/2338 870/445/2335
f 874/449/467 1833/444/2338 873/1890/2334
f 143/374/2337 831/381/2852 1833/444/2338
f 869/1906/2339 1834/443/459 872/442/458
f 140/1907/2341 826/1908/2853 1834/443/2342
f 142/1904/2333 871/441/457 1834/443/459
f 769/1909/2345 1835/438/454 868/440/456
f 165/1905/2346 870/445/462 1835/438/454
f 870/445/462 141/380/461 837/386/2347
f 868/440/456 1836/436/452 768/309/322
f 139/439/455 832/1910/2348 1836/436/452
f 832/1910/2348 140/1907/2341 869/1906/2343
f 864/1911/2349 1837/434/450 866/429/445
f 207/1913/2351 848/1914/2352 1837/434/450
f 848/1914/2352 208/1933/2399 867/1915/2353
f 865/1916/2354 1838/432/448 863/433/449
f 199/435/451 867/1915/2353 1838/432/448
f 867/1915/2353 208/1933/2399 847/399/414
f 1839/431/447 854/430/446 201/1918/2356
f 203/1920/2358 862/1921/2359 1839/431/447
f 862/1921/2359 205/1912/2854 866/429/445
f 1840/427/442 855/428/444 200/405/2360
f 865/1916/2354 1840/427/442 851/1922/2361
f 865/1916/2354 204/1917/2855 859/416/2362
f 849/1923/2363 1841/424/439 823/426/441
f 207/1913/2351 864/1911/2349 1841/424/439
f 205/1912/2365 861/1927/2771 1841/424/439
f 820/1925/2366 1842/422/437 846/398/413
f 193/1926/2367 860/417/2369 1842/422/437
f 204/1917/2368 863/433/449 1842/422/437
f 1843/421/436 829/420/435 194/425/2370
f 862/1921/2372 1843/421/436 861/1927/2371
f 203/1920/2374 857/419/434 1843/421/436
f 1844/418/433 860/417/432 193/1926/2375
f 856/412/2377 1844/418/433 828/376/2376
f 202/411/2379 859/416/431 1844/418/433
f 1845/415/430 835/414/429 196/1929/2380
f 203/1920/2382 858/1919/2384 1845/415/430
f 201/1918/2383 853/413/428 1845/415/430
f 1846/410/425 856/412/427 195/1928/2385
f 852/406/2387 1846/410/425 834/382/2386
f 200/405/2389 855/428/2767 1846/410/425
f 853/413/2390 1847/407/422 841/409/424
f 201/1918/2392 854/430/2393 1847/407/422
f 854/430/2393 199/435/2856 850/1932/2394
f 840/388/402 1848/404/419 852/406/421
f 71/408/2396 850/1932/2397 1848/404/419
f 850/1932/2397 199/435/2857 851/1922/2398
f 1849/403/418 845/402/417 208/1933/2399
f 849/1923/2363 1849/403/418 848/1914/2352
f 192/1924/2364 844/401/416 1849/403/418
f 1850/400/415 847/399/414 208/1933/2399
f 843/394/408 1850/400/415 845/402/417
f 191/371/385 846/398/413 1850/400/415
f 1851/397/412 842/396/411 70/1934/2400
f 822/1935/2401 1851/397/412 844/401/416
f 145/1936/2402 810/356/410 1851/397/412
f 1852/395/409 843/394/408 70/1934/2400
f 806/1937/2404 1852/395/409 842/396/2403
f 144/1901/2406 821/372/386 1852/395/409
f 1853/393/407 838/392/2858 139/439/2407
f 841/409/424 1853/393/407 836/385/2408
f 71/408/423 839/391/405 1853/393/407
f 1854/390/404 833/389/403 139/439/2409
f 839/391/2411 1854/390/404 838/392/2859
f 71/408/2396 840/388/402 1854/390/404
f 1855/387/401 837/386/400 141/380/2412
f 835/414/2414 1855/387/401 830/1939/2413
f 198/1931/2416 836/385/399 1855/387/401
f 1856/384/398 827/383/397 140/1907/2417
f 833/389/2419 1856/384/398 832/1910/2418
f 197/1930/2421 834/382/396 1856/384/398
f 824/1940/2422 1857/379/393 831/381/395
f 829/420/2424 1857/379/393 824/1940/2422
f 196/1929/2426 830/1939/2762 1857/379/393
f 826/1908/2427 1858/378/392 819/377/391
f 140/1907/2429 827/383/2431 1858/378/392
f 195/1928/2430 828/376/390 1858/378/392
f 822/1935/2401 1859/373/387 825/375/389
f 192/1924/2364 823/426/2432 1859/373/387
f 823/426/2432 194/425/2860 824/1940/2433
f 818/1903/2434 1860/370/384 821/372/386
f 142/1904/2435 819/377/2436 1860/370/384
f 819/377/2436 193/1926/2861 820/1925/2437
f 1861/369/383 815/368/382 69/1941/2438
f 804/352/366 1861/369/383 814/362/376
f 132/351/365 817/367/381 1861/369/383
f 1862/366/380 812/365/379 69/1941/2438
f 816/1887/2309 1862/366/380 815/368/382
f 131/1884/2303 803/364/378 1862/366/380
f 1863/363/377 814/362/376 69/1941/2438
f 809/1943/2440 1863/363/377 813/359/373
f 188/1899/2327 801/361/375 1863/363/377
f 1864/360/374 813/359/373 69/1941/2438
f 798/1945/2442 1864/360/374 812/365/379
f 187/1902/2331 808/354/368 1864/360/374
f 1865/358/372 811/357/371 188/1899/2327
f 807/353/367 1865/358/372 809/1943/2440
f 190/1938/2443 810/356/370 1865/358/372
f 1866/355/369 808/354/368 187/1902/2331
f 806/1937/2444 1866/355/369 805/1900/2329
f 190/1938/2443 807/353/367 1866/355/369
f 800/1946/2445 1867/350/364 804/352/366
f 169/1947/2446 658/1948/2447 1867/350/364
f 658/1948/2447 171/1952/2451 796/341/355
f 803/364/378 1868/349/363 799/345/359
f 131/1884/2303 793/1949/2448 1868/349/363
f 793/1949/2448 170/191/198 657/1950/2449
f 800/1946/2445 1869/346/360 664/348/362
f 186/1942/2439 801/361/375 1869/346/360
f 801/361/375 188/1899/2327 802/1898/2326
f 663/1951/2450 1870/343/357 799/345/359
f 166/1896/2320 797/451/469 1870/343/357
f 797/451/469 187/1902/2331 798/1945/2442
f 1871/342/356 796/341/355 171/1952/2451
f 792/336/350 1871/342/356 652/1953/2452
f 134/335/349 795/340/354 1871/342/356
f 1872/339/353 651/338/352 170/191/198
f 794/1882/2301 1872/339/353 793/1949/2448
f 133/1883/2302 789/337/351 1872/339/353
f 646/1955/2454 1873/334/348 792/336/350
f 175/1956/2455 788/331/345 1873/334/348
f 788/331/345 136/330/344 791/1877/2291
f 789/337/351 1874/332/346 645/178/185
f 133/1883/2302 790/1879/2295 1874/332/346
f 790/1879/2295 135/1878/2293 784/1957/2456
f 640/1958/2457 1875/329/343 788/331/345
f 176/328/342 786/1959/2458 1875/329/343
f 786/1959/2458 137/488/2862 787/1874/2459
f 784/1957/2456 1876/327/341 638/172/179
f 135/1878/2293 785/1875/2460 1876/327/341
f 785/1875/2460 137/488/2862 786/1959/2458
f 1877/326/340 781/325/339 178/317/331
f 184/1857/2233 783/526/548 1877/326/340
f 182/1961/2462 770/324/338 1877/326/340
f 1878/322/336 778/318/332 178/317/331
f 767/1962/2463 1878/322/336 781/325/339
f 181/1853/2225 782/1861/2238 1878/322/336
f 779/1960/2461 1879/319/333 780/321/335
f 178/317/331 777/1963/2464 1879/319/333
f 777/1963/2464 68/1966/2467 774/1964/2465
f 776/1858/2234 1880/316/330 778/318/332
f 112/1859/2235 773/312/326 1880/316/330
f 773/312/326 68/1966/2467 777/1963/2464
f 1881/315/329 775/314/328 113/320/334
f 726/1965/2466 1881/315/329 774/1964/2465
f 163/1967/2468 733/266/274 1881/315/329
f 1882/313/327 773/312/326 112/1859/2235
f 728/1968/2469 1882/313/327 772/1854/2228
f 162/1969/2471 725/257/325 1882/313/327
f 769/1909/2345 1883/310/323 764/311/324
f 177/308/321 770/324/338 1883/310/323
f 770/324/338 182/1961/2462 771/542/564
f 763/1970/2472 1884/307/320 768/309/322
f 114/1848/2473 766/1852/2224 1884/307/320
f 766/1852/2224 181/1853/2225 767/1962/2463
f 1885/304/317 765/306/319 117/554/577
f 671/1971/2474 1885/304/317 760/299/311
f 671/1971/2474 165/1905/2346 764/311/324
f 1886/303/316 759/302/315 116/1846/2213
f 114/1848/2473 763/1970/2472 1886/303/316
f 763/1970/2472 164/437/453 670/204/314
f 1887/301/313 761/300/312 119/560/583
f 678/1973/2477 1887/301/313 756/294/306
f 147/1972/2475 760/299/311 1887/301/313
f 1888/298/310 755/297/309 118/1843/2208
f 759/302/315 1888/298/310 758/1847/2214
f 146/203/210 677/210/217 1888/298/310
f 1889/296/308 757/295/307 121/566/589
f 684/1975/2479 1889/296/308 752/289/301
f 149/1974/2478 756/294/306 1889/296/308
f 1890/293/305 751/292/304 120/1840/2203
f 755/297/309 1890/293/305 754/1844/2209
f 148/209/216 683/216/223 1890/293/305
f 1891/291/303 753/290/302 123/1977/2481
f 690/1978/2482 1891/291/303 748/284/296
f 151/1976/2480 752/289/301 1891/291/303
f 1892/288/300 747/287/299 122/1837/2199
f 751/292/304 1892/288/300 750/1841/2204
f 150/215/222 689/222/229 1892/288/300
f 744/1980/2484 1893/286/298 749/285/297
f 155/1981/2485 696/1982/2486 1893/286/298
f 153/1979/2483 748/284/296 1893/286/298
f 746/1836/2487 1894/281/293 743/283/295
f 747/287/299 1894/281/293 746/1836/2487
f 152/221/228 695/227/2759 1894/281/293
f 1895/278/290 745/280/292 127/582/2489
f 702/1983/2490 1895/278/290 740/273/284
f 702/1983/2490 155/1981/2485 744/1980/2484
f 1896/277/289 739/276/288 126/1830/2492
f 124/1833/2488 743/283/295 1896/277/289
f 743/283/295 154/282/294 701/233/287
f 1897/275/286 741/274/285 180/588/2494
f 708/1986/2496 1897/275/286 736/1985/2495
f 157/1984/2491 740/273/284 1897/275/286
f 1898/272/283 735/271/282 179/1828/2498
f 739/276/288 1898/272/283 738/1831/2499
f 156/1988/2500 707/240/281 1898/272/283
f 1899/268/278 731/270/280 161/1989/2501
f 159/1987/2497 736/1985/2495 1899/268/278
f 736/1985/2495 180/588/2494 737/1826/2503
f 1900/267/275 713/245/277 160/1991/2504
f 128/1824/2505 734/1829/2506 1900/267/275
f 734/1829/2506 179/1828/2498 735/271/282
f 1901/264/272 733/266/274 163/1967/2468
f 731/270/280 1901/264/272 720/1992/2507
f 129/269/279 732/593/2758 1901/264/272
f 1902/263/271 719/251/270 162/1969/2471
f 110/1855/2470 729/1823/2508 1902/263/271
f 128/1824/2505 730/262/269 1902/263/271
f 1903/261/268 721/260/267 163/1967/2509
f 724/256/2511 1903/261/268 726/1965/2510
f 67/678/2513 727/259/266 1903/261/268
f 1904/258/265 725/257/264 162/1969/2514
f 723/1769/2515 1904/258/265 718/250/257
f 67/678/2517 724/256/263 1904/258/265
f 1905/255/262 715/254/261 161/1989/2518
f 721/260/267 1905/255/262 720/1992/2519
f 109/684/2520 722/253/260 1905/255/262
f 1906/252/259 719/251/258 160/1991/2521
f 717/1766/2522 1906/252/259 712/244/251
f 108/1765/2516 718/250/257 1906/252/259
f 1907/249/256 709/248/255 159/1987/2524
f 715/254/261 1907/249/256 714/1990/2525
f 107/1993/2526 716/247/254 1907/249/256
f 1908/246/253 713/245/252 158/239/246
f 711/1760/2528 1908/246/253 706/1994/2527
f 106/1761/2530 712/244/251 1908/246/253
f 1909/243/250 703/242/249 157/1984/2531
f 159/1987/2524 709/248/255 1909/243/250
f 709/248/255 105/1758/2863 710/241/248
f 1910/238/245 707/240/247 156/1988/2533
f 705/1754/2534 1910/238/245 700/232/239
f 705/1754/2534 104/1755/2864 706/1994/2527
f 1911/237/244 697/236/243 155/1981/2536
f 703/242/249 1911/237/244 702/1983/2537
f 103/1752/2538 704/235/242 1911/237/244
f 1912/234/241 701/233/240 154/282/2539
f 699/1748/2540 1912/234/241 694/226/233
f 102/1749/2535 700/232/239 1912/234/241
f 1913/231/238 691/230/237 153/1979/2483
f 697/236/243 1913/231/238 696/1982/2542
f 101/1746/2543 698/229/236 1913/231/238
f 1914/228/235 695/227/234 152/221/228
f 693/1742/2545 1914/228/235 688/1995/2544
f 100/1743/2541 694/226/233 1914/228/235
f 1915/225/232 685/224/231 151/1976/2480
f 153/1979/2483 691/230/237 1915/225/232
f 99/1740/2547 692/223/230 1915/225/232
f 1916/220/227 689/222/229 150/215/222
f 687/1736/2549 1916/220/227 682/1996/2548
f 98/1737/2551 688/1995/2544 1916/220/227
f 684/1975/2479 1917/217/224 679/219/226
f 151/1976/2480 685/224/231 1917/217/224
f 685/224/231 97/715/2753 686/1732/2552
f 676/1997/2553 1918/214/221 683/216/223
f 94/1730/2554 681/1734/2555 1918/214/221
f 681/1734/2555 96/1733/2550 682/1996/2548
f 678/1973/2477 1919/211/218 672/213/220
f 149/1974/2478 679/219/226 1919/211/218
f 95/218/225 680/1728/2752 1919/211/218
f 669/1998/2556 1920/208/215 677/210/217
f 92/1680/2557 675/1731/2558 1920/208/215
f 94/1730/2554 676/1997/2553 1920/208/215
f 671/1971/2559 1921/205/212 674/207/214
f 147/1972/2475 672/213/220 1921/205/212
f 672/213/220 93/212/219 673/796/2561
f 667/1891/2562 1922/202/209 670/204/211
f 79/1683/2564 668/1681/2565 1922/202/209
f 668/1681/2565 92/1680/2557 669/1998/2556
f 1923/201/208 666/200/207 84/194/201
f 169/1947/2446 664/348/362 1923/201/208
f 664/348/362 167/347/361 665/199/206
f 1924/196/203 656/198/205 83/1708/2567
f 662/1897/2321 1924/196/203 661/1695/2568
f 662/1897/2321 166/1896/2320 663/1951/2450
f 653/2000/2569 1925/193/200 660/195/202
f 171/1952/2451 658/1948/2447 1925/193/200
f 658/1948/2447 169/1947/2446 659/1999/2566
f 655/1709/2570 1926/190/197 650/192/199
f 83/1708/2567 656/198/205 1926/190/197
f 656/198/205 168/197/204 657/1950/2449
f 1927/187/194 654/189/196 88/750/2572
f 173/1954/2453 652/1953/2452 1927/187/194
f 652/1953/2452 171/1952/2451 653/2000/2569
f 1928/184/191 644/186/193 87/1715/2573
f 85/1712/2571 650/192/199 1928/184/191
f 650/192/199 170/191/198 651/338/352
f 1929/183/190 648/182/189 90/744/775
f 646/1955/2454 1929/183/190 641/175/182
f 173/1954/2453 647/181/188 1929/183/190
f 1930/180/187 637/179/186 89/1719/2037
f 644/186/193 1930/180/187 643/1716/2575
f 172/185/192 645/178/185 1930/180/187
f 1931/177/184 642/176/183 91/2001/2577
f 640/1958/2457 1931/177/184 639/173/180
f 175/1956/2455 641/175/182 1931/177/184
f 1932/174/181 639/173/180 91/2001/2577
f 637/179/186 1932/174/181 636/1720/2038
f 174/333/347 638/172/179 1932/174/181
f 619/144/2594 1933/138/142 617/139/144
f 50/143/2596 593/101/101 1933/138/142
f 593/101/101 48/5/2743 514/2008/2597
f 614/2009/2598 1934/135/139 618/137/141
f 1/2010/2600 509/2011/2601 1934/135/139
f 509/2011/2601 47/2032/2668 588/2012/2602
f 616/2006/2603 1935/133/136 613/134/138
f 66/2007/2605 617/139/2606 1935/133/136
f 617/139/2606 2/23/2865 531/2013/2607
f 610/2014/2608 1936/130/133 615/132/135
f 11/2015/2610 528/2016/2611 1936/130/133
f 528/2016/2611 1/2010/2866 614/2009/2612
f 612/152/2613 1937/128/130 609/129/132
f 64/151/2615 613/134/2616 1937/128/130
f 613/134/2616 12/29/2867 537/2017/2617
f 606/2018/2618 1938/125/127 611/127/129
f 13/2019/2620 532/2020/2621 1938/125/127
f 532/2020/2621 11/2015/2868 610/2014/2622
f 1939/123/124 605/124/126 58/158/2623
f 60/154/2625 609/129/2626 1939/123/124
f 609/129/2626 14/47/2869 551/2021/2627
f 1940/120/121 607/122/123 57/2005/2628
f 23/2022/2630 548/2023/2631 1940/120/121
f 548/2023/2631 13/2019/2870 606/2018/2632
f 1941/119/120 601/118/119 56/162/2633
f 605/124/2635 1941/119/120 604/159/2634
f 24/53/2637 557/117/118 1941/119/120
f 1942/116/117 603/115/116 55/2004/2638
f 552/2024/2640 1942/116/117 598/108/2639
f 23/2022/2642 602/114/115 1942/116/117
f 1943/113/114 597/112/113 54/166/2643
f 601/118/2645 1943/113/114 600/163/2644
f 26/71/2647 571/111/112 1943/113/114
f 1944/110/111 599/109/110 53/2003/2648
f 568/2026/2650 1944/110/111 594/103/2649
f 25/2025/2652 598/108/109 1944/110/111
f 1945/107/108 592/106/107 52/169/2653
f 597/112/2655 1945/107/108 596/167/2654
f 36/2028/2657 577/76/106 1945/107/108
f 1946/105/105 595/104/104 51/2002/2658
f 572/2029/2660 1946/105/105 589/97/2659
f 35/2027/2662 594/103/103 1946/105/105
f 1947/102/102 593/101/101 50/143/2596
f 592/106/2664 1947/102/102 591/170/2663
f 38/95/2666 587/100/100 1947/102/102
f 1948/99/99 590/98/98 49/136/140
f 586/2031/2667 1948/99/99 588/2012/2602
f 37/2030/2669 589/97/97 1948/99/99
f 1949/94/94 576/96/96 40/2033/2670
f 515/6/6 1949/94/94 585/88/88
f 48/5/5 587/100/2741 1949/94/94
f 1950/93/93 582/92/92 39/2034/2671
f 37/2030/2672 586/2031/2674 1950/93/93
f 47/2032/2673 508/91/91 1950/93/93
f 1951/90/90 581/89/89 42/2035/2675
f 521/12/12 1951/90/90 584/2036/2676
f 46/11/11 585/88/88 1951/90/90
f 1952/87/87 583/86/86 41/2038/2678
f 582/92/92 1952/87/87 578/79/79
f 45/2039/2679 516/85/85 1952/87/87
f 1953/84/84 566/83/83 32/2040/2680
f 581/89/89 1953/84/84 580/2041/2681
f 40/2033/2670 575/82/82 1953/84/84
f 1954/81/81 579/80/80 31/2042/2682
f 574/74/74 1954/81/81 563/61/61
f 39/2034/2671 578/79/79 1954/81/81
f 1955/78/78 570/77/77 34/2044/2684
f 576/96/96 1955/78/78 575/82/82
f 38/95/95 577/76/76 1955/78/78
f 1956/75/75 574/74/74 33/2043/2683
f 572/2029/2685 1956/75/75 569/67/67
f 37/2030/2672 573/73/73 1956/75/75
f 567/64/64 1957/70/70 556/72/72
f 570/77/77 1957/70/70 567/64/64
f 36/2028/2688 571/111/2740 1957/70/70
f 553/49/49 1958/69/69 562/68/68
f 25/2025/2690 568/2026/2691 1958/69/69
f 35/2027/2686 569/67/67 1958/69/69
f 1959/66/66 561/65/65 30/2047/2692
f 566/83/83 1959/66/66 565/2048/2693
f 34/2044/2684 567/64/64 1959/66/66
f 1960/63/63 564/62/62 29/2049/2694
f 562/68/68 1960/63/63 558/55/2695
f 33/2043/2683 563/61/61 1960/63/63
f 560/2050/2696 1961/58/58 546/60/60
f 561/65/2698 1961/58/58 560/2050/2696
f 28/2045/2687 555/2054/2702 1961/58/58
f 543/37/37 1962/57/57 559/56/56
f 21/2053/2701 554/50/50 1962/57/57
f 27/2046/2689 558/55/55 1962/57/57
f 555/2054/2702 1963/52/52 550/54/54
f 556/72/72 1963/52/52 555/2054/2702
f 26/71/71 557/117/2738 1963/52/52
f 549/43/43 1964/51/51 554/50/50
f 23/2022/2703 552/2024/2704 1964/51/51
f 25/2025/2690 553/49/49 1964/51/51
f 547/2055/2705 1965/46/46 536/48/48
f 550/54/54 1965/46/46 547/2055/2705
f 24/53/53 551/2021/2737 1965/46/46
f 533/25/25 1966/45/45 542/44/44
f 13/2019/2707 548/2023/2708 1966/45/45
f 23/2022/2703 549/43/43 1966/45/45
f 545/2057/2709 1967/40/40 541/42/42
f 546/60/60 1967/40/40 545/2057/2709
f 22/59/59 547/2055/2705 1967/40/40
f 538/2059/2711 1968/39/39 544/38/38
f 15/2056/2706 542/44/44 1968/39/39
f 21/2053/2701 543/37/37 1968/39/39
f 540/2060/2713 1969/34/34 526/36/36
f 18/2058/2715 541/42/2716 1969/34/34
f 541/42/2716 16/41/41 535/2062/2717
f 523/2063/2718 1970/31/31 539/33/33
f 9/20/20 534/26/26 1970/31/31
f 534/26/26 15/2056/2706 538/2059/2719
f 535/2062/2717 1971/28/28 530/30/30
f 536/48/48 1971/28/28 535/2062/2717
f 14/47/47 537/2017/2736 1971/28/28
f 529/2064/2720 1972/27/27 534/26/26
f 11/2015/2721 532/2020/2722 1972/27/27
f 13/2019/2707 533/25/25 1972/27/27
f 527/2065/2723 1973/22/22 513/24/24
f 10/35/35 530/30/30 1973/22/22
f 530/30/30 12/29/29 531/2013/2724
f 510/1/1 1974/19/19 522/21/21
f 1/2010/2726 528/2016/2727 1974/19/19
f 528/2016/2727 11/2015/2721 529/2064/2720
f 525/2067/2728 1975/16/16 520/18/18
f 8/2061/2714 526/36/36 1975/16/16
f 526/36/36 10/35/35 527/2065/2723
f 517/2069/2730 1976/13/13 524/15/15
f 3/2066/2725 522/21/21 1976/13/13
f 522/21/21 9/20/20 523/2063/2718
f 519/2070/2731 1977/10/10 521/12/12
f 6/2068/2729 520/18/18 1977/10/10
f 520/18/18 4/17/17 512/2071/2732
f 516/85/85 1978/7/7 518/9/9
f 45/2039/2679 511/2/2 1978/7/7
f 511/2/2 3/2066/2725 517/2069/2730
f 512/2071/2732 1979/4/4 515/6/6
f 513/24/24 1979/4/4 512/2071/2732
f 2/23/23 514/2008/2735 1979/4/4
f 508/91/91 1980/3/3 511/2/2
f 47/2032/2673 509/2011/2734 1980/3/3
f 1/2010/2726 510/1/1 1980/3/3
